Sequence,Design,Type,Clash Mutant,Mutant Type,Position,WT Sequence,Fluor Difference,Geometry,Interface,Seed,HBONDMonomer,HBONDOptimize,HBONDPreOptimize,IMM1REFMonomer,IMM1REFOptimize,IMM1REFPreOptimize,IMM1Monomer,IMM1Optimize,IMM1PreOptimize,Monomer,MonomerSasa,OptimizeSasa,PreBBOptimizeSasa,Total,TotalPreOptimize,VDWMonomer,VDWOptimize,VDWPreOptimize,endAxialRotation,endAxialRotationprime,endCrossingAngle,endXShift,endZShift,endZShiftprime,firstRepackEnergy,preOptimizeEnergy,preOptimizeAxialRotation,preOptimizeAxialRotationprime,preOptimizeCrossingAngle,preOptimizeXShift,preOptimizeZShift,preOptimizeZShiftprime,replicateNumber,Directory,endAxialRotationPrime,endZShiftPrime,preOptimizeAxialRotationPrime,preOptimizeZShiftPrime,PercentGpA,PercentStd,Sample,toxgreen_fluor,toxgreen_std,Segments,LB-0H_M9-30H,LB-0H_M9-36H,LB-12H_M9-30H,LB-12H_M9-36H,LB-36H_M9-30H,LB-36H_M9-36H,VDWDiff,HBONDDiff,IMM1Diff,interfaceSasa,vdwPerSasa,hbondPerSasa,imm1PerSasa,totalPerSasa
YVLLGLLLGFLLSTL,leu,WT,LLLYVLLGLLLIFLLSTLILI,clash,,,,LLLYVLLGLLLGFLLSTLILI_0,000110011001100110000,1,-74.0812,-86.4739,-74.0812,,,,-247.155,-242.653,-235.245,-355.479,4610.22,3646.56,3688.67,-52.2115,-24.2769,-34.2426,-78.5637,-70.4301,-88.1964,,-45.6889,6.65429,5.67568,,-24.2345,-379.756,-92.7718,,-44.4465,7.5,4.20084,,0,LLLYVLLGLLLGFLLSTLILI,44.0461,4.83637,28.0376,3.1214,1.0360635158181757,0.0534135912047247,G,24963.02853859114,1048.34855450345,1,-94.49833387449743,,-93.97762014557397,,-96.12985916773106,,-44.321099999999994,-12.392700000000005,4.5020000000000095,963.6600000000003,-0.0459924662225266,-0.012860033621816824,0.004671772201813926,-0.05418041632941077
YLLLGALLGALLTAL,,Mutant,,void,16.0,LLLYLLLGALLGALLTFLILI,-0.0053705936410561,LLLYLLLGALLGALLTALILI_2,000110011001100110000,1,-50.5995,-58.8821,-59.5197,-252.766,-247.582,-248.232,15.7097,30.3359,32.0026,-335.661,4541.56,3659.96,3675.12,-30.482,-23.9063,-48.0056,-81.6362,-83.8188,-79.4495,56.9269,-44.3338,6.37988,6.10256,5.45646,-21.9908,-357.679,-68.1028,64.3439,-40.6526,6.5,5.40184,4.867,2,LLLYLLLGALLGALLTALILI,,,,,1.130066418642305,0.0922142515524577,G,27227.9448396174,1809.889115048824,6,-92.90994537588546,-94.00014322285844,-92.42409957374548,-93.58900319881674,-94.13667042255004,-95.03824165441162,-33.6306,-8.282600000000002,14.626199999999999,881.6000000000004,-0.038147232304900164,-0.009394963702359345,0.0165905172413793,-0.03457577132486387
AALLGTLLGVLLGLL,,Mutant,,void,4.0,LLLAFLLGTLLGVLLGLLILI,0.3802546332461465,LLLAALLGTLLGVLLGLLILI_1,000110011001100110000,1,-50.5905,-61.5152,-61.3074,-244.153,-238.926,-240.823,15.1952,26.3124,33.8835,-340.582,4385.52,3651.45,3574.55,-28.3141,-21.1144,-61.0331,-78.0693,-93.4494,-90.8895,48.2763,-41.1242,6.75537,6.65072,5.87486,-22.574,-364.888,-92.5815,39.7325,-40.3169,6.7382,5.75111,4.8471,1,LLLAALLGTLLGVLLGLLILI,,,,,0.9496517216117784,0.0382307873988608,G,22881.013245239064,750.3556642839618,6,-47.60962809755728,-53.97263176472924,-36.06397968427783,-43.82924488397672,-28.452786642602177,-37.14245927590202,-17.0362,-10.924700000000001,11.1172,734.0700000000006,-0.02320786845941121,-0.014882368166523618,0.015144604737967757,-0.03857138964948843
AALLGVLLGLLLAFL,,Mutant,,void,4.0,LLLAYLLGVLLGLLLAFLILI,-0.0311638844596207,LLLAALLGVLLGLLLAFLILI_1,000110011001100110000,1,-36.7932,-44.5129,-45.096,-247.325,-241.132,-241.289,15.2688,25.3768,26.7217,-324.508,4447.18,3595.03,3632.26,-27.2612,-24.9666,-55.6581,-89.5145,-89.8112,-99.1585,46.7605,-37.4447,6.54953,7.68645,6.88786,-15.4872,-339.813,-91.43,48.2927,-36.5962,7.0472,6.73401,5.9584,1,LLLAALLGVLLGLLLAFLILI,,,,,1.1520432307369748,0.076694342449695,G,27757.45657238901,1505.2798593391544,6,-96.33703070388272,-97.54774986739508,-95.33840196599434,-96.87919731973771,-94.66757905611536,-96.43010112571588,-33.8564,-7.719700000000003,10.107999999999999,852.1500000000001,-0.03973056386786364,-0.00905908584169454,0.011861761426978815,-0.031991081382385725
SALLGVLLGLLLATL,,Mutant,,void,4.0,LLLSYLLGVLLGLLLATLILI,-0.0965569399603034,LLLSALLGVLLGLLLATLILI_2,000110011001100110000,1,-50.6238,-60.5261,-60.5909,-261.454,-247.577,-247.745,22.1769,27.4061,27.6682,-352.057,4421.68,3603.17,3616.34,-26.1081,-25.6038,-62.1565,-96.8573,-96.9931,-89.4329,43.6032,-43.9024,6.73872,5.80136,4.95541,-23.6973,-375.704,-84.8765,45.4702,-44.3391,6.8761,5.36995,4.552,2,LLLSALLGVLLGLLLATLILI,,,,,1.1272483411221956,0.2917998864957152,G,27160.045769262302,5727.156372141432,6,-95.26942617434544,,-93.86073460703422,,-94.11444372368608,,-34.700799999999994,-9.902299999999997,5.229199999999999,818.5100000000002,-0.04239508374974036,-0.012097958485540792,0.006388681873159763,-0.031897105716484825
SYLLGVLLGALLATL,,Mutant,,void,12.0,LLLSYLLGVLLGLLLATLILI,-0.054931956452735,LLLSYLLGVLLGALLATLILI_1,000110011001100110000,1,-50.6238,-59.322,-60.1933,-272.833,-248.234,-251.205,28.2563,26.3134,30.7016,-341.458,4474.77,3663.93,3598.82,-25.9805,-17.3349,-46.2565,-40.5563,-78.0954,-95.6867,42.6191,-43.5056,6.7335,6.60658,5.74587,-22.4875,-363.565,-84.8765,45.4702,-44.3391,6.8761,5.36995,4.552,1,LLLSYLLGVLLGALLATLILI,,,,,1.0856233576146272,0.0248484364368632,G,26157.12882899993,487.70026181749,6,4184.720195901842,5243.918020657535,5261.952103353021,6587.445424888418,4053.247026008906,5079.944223139596,5.700200000000002,-8.6982,-1.942899999999998,810.8400000000006,0.007029993586897536,-0.010727393813822695,-0.0023961570716787488,-0.032041463173992375
YALLGVLLGTLLGLL,,Mutant,,void,4.0,LLLYFLLGVLLGTLLGLLILI,0.7357183618932983,LLLYALLGVLLGTLLGLLILI_0,000110011001100110000,1,-50.5604,-59.8588,-60.0584,-255.529,-248.098,-254.614,16.0168,33.2392,43.7739,-335.999,4528.79,3750.5,3731.44,-23.4697,-12.5121,-45.9261,396.614,-77.6125,-88.8552,32.1686,-54.5069,7.43887,4.17104,3.15357,-13.2735,-348.511,-83.9549,29.1297,-45.0,7.4713,3.02575,1.9627,0,LLLYALLGVLLGTLLGLLILI,,,,,0.336265492319929,0.1043975960347378,G,8102.017833225826,2049.011617335624,6,-79.89338836747667,-77.24946020141378,-78.93844515638413,-76.16894629253572,-76.3756428153766,-73.26914707620776,442.5401,-9.2984,17.222399999999997,778.29,0.5686056611288851,-0.011947217618111503,0.02212851250819103,-0.03015546904110293
TFLLALLLGYLLGSL,ala,WT,LLLTFLLALLLIYLLGSLILI,clash,,,,LLLTFLLALLLGYLLGSLILI_0,000110011001100110000,1,-60.2601,-63.9199,-61.5111,,,,-244.905,-225.599,-226.604,-346.916,4558.97,3668.58,3571.28,-20.1244,-17.9348,-41.7503,-77.5217,-76.7358,-78.363,,-45.0715,7.22746,3.56887,,-17.765,-364.851,-75.8727,,-43.5756,7.3804,3.8938,,0,LLLTFLLALLLGYLLGSLILI,39.366,2.65936,44.54,3.0619,0.949728993425309,0.13591835155224,G,22882.875040810468,2667.6694857716902,1,-96.1408091229162,,-95.72816416782145,,-96.16535290231153,,-35.77139999999999,-3.659799999999997,19.30600000000001,890.3900000000003,-0.04017497950336367,-0.004110333674008014,0.021682633452756662,-0.022601781241927688
LFLLGTLLGALLAYL,ala,WT,LLLLFLLITLLGALLAYLILI,clash,,,,LLLLFLLGTLLGALLAYLILI_2,000110011001100110000,1,-58.6697,-70.2396,-72.8251,,,,-237.958,-219.934,-214.287,-332.505,4628.65,3771.91,3587.74,-31.6894,761.722,-35.8778,-74.0215,716.33,-62.2783,,-49.6354,6.50671,3.29938,,739.35,429.217,-56.669,,-44.397,6.6005,2.46401,,2,LLLLFLLGTLLGALLAYLILI,55.2418,2.62801,55.2864,1.79331,1.1525240018728395,0.1628936858792974,G,27769.04032509313,3197.114372541684,1,-88.73229579309243,,-86.75261061881962,,-90.8693776339476,,-38.1437,-11.569899999999997,18.024,856.7399999999998,-0.04452190863038963,-0.013504563811658146,0.021037887807269423,-0.03698835119172679
TFLLALLLGALLGSL,,Mutant,,void,12.0,LLLTFLLALLLGYLLGSLILI,0.2542951647063932,LLLTFLLALLLGALLGSLILI_1,000110011001100110000,1,-52.1013,-58.2313,-58.1373,-261.519,-246.346,-246.32,23.8431,24.0382,23.9493,-339.362,4496.83,3622.12,3636.73,-19.6128,42.0854,-49.5848,-12.3058,-16.7689,-71.915,53.9959,-48.3729,7.07468,4.5767,3.88664,-10.5187,-349.85,-75.8727,44.54,-43.5756,7.3804,3.8938,3.0619,1,LLLTFLLALLLGALLGSLILI,,,,,0.6954338287189158,0.070649725390056,G,16755.8593156345,1386.6421602188032,7,-86.39073710613097,-88.44329759721813,-85.40107422169896,-87.60289650248933,-84.53490225373663,-86.86736132020681,37.279,-6.1299999999999955,0.19510000000000005,874.71,0.04261869648226269,-0.007008036949388935,0.0002230453521738634,-0.02242205988270398
YVLLGLLLIFLLSTL,,Mutant,,clash,11.0,LLLYVLLGLLLGFLLSTLILI,0.7803115677171274,LLLYVLLGLLLIFLLSTLILI_2,000110011001100110000,1,-65.9596,-65.9667,-65.9667,-268.153,-274.795,-262.588,15.7067,19.5585,22.0439,-358.628,4669.34,4191.72,3676.19,-16.8225,333686.0,-40.2217,721.424,333634.0,-88.0407,59.0198,-37.4035,10.6287,7.67378,7.05907,183759.0,333430.0,-92.7718,28.0376,-44.4465,7.5,4.20084,3.1214,2,LLLYVLLGLLLIFLLSTLILI,,,,,0.2557519481010483,0.0645057277084226,G,6162.115625142525,1266.053917644606,7,-43.552975465398205,-47.04357575369842,-43.65737169032916,-47.14151627089551,-12.148359723328864,-17.580974877196123,761.6457,-0.007100000000008322,3.851799999999999,477.6199999999999,1.5946687743394334,-1.48653741468287e-05,0.008064570160378544,-0.035221515011934185
YLLLGALLIALLTFL,,Mutant,,clash,11.0,LLLYLLLGALLGALLTFLILI,0.9688319079988544,LLLYLLLGALLIALLTFLILI_2,000110011001100110000,1,-50.5995,-43.3404,-54.034,-262.974,-259.328,-260.45,15.6586,21.4651,36.6222,-339.161,4686.43,3973.94,3640.65,-13.3952,511636.0,-41.2461,-2.15795,511575.0,-81.4709,69.1651,-36.8064,9.03492,8.05792,7.5954,423194.0,340355.0,-68.1028,64.3439,-40.6526,6.5,5.40184,4.867,2,LLLYLLLGALLIALLTFLILI,,,,,0.1558639170023943,0.0866018753362034,G,3755.40239482373,1699.7350072554912,6,-22.814741172137573,-29.733598462869903,-31.773765382459203,-37.889539145109154,-51.39218469288548,-55.74937079851525,39.08815,7.2590999999999966,5.8065,712.4900000000002,0.054861331387107165,0.01018835352075116,0.008149588064393884,-0.01880054456904658
YVLLGALLIILLTLL,,Mutant,,clash,11.0,LLLYVLLGALLGILLTLLILI,0.7577051273940109,LLLYVLLGALLIILLTLLILI_2,000110011001100110000,1,-50.5869,-43.5462,-52.9626,-265.409,-259.535,-261.146,15.979,23.2617,36.1968,-357.957,4646.91,3933.84,3676.03,-13.3283,30984.9,-57.9403,1459.9,30904.9,-80.6687,69.6063,-39.7749,9.10199,7.99715,7.54124,29369.9,55370.7,-72.8097,60.8563,-43.7016,6.839,5.63706,5.0499,2,LLLYVLLGALLIILLTLLILI,,,,,0.1961033832820441,0.0318321830626578,G,4724.936530306096,624.7702569778033,6,-67.97076358011697,-72.01533493750708,-75.27778197426888,-78.39964144063921,-79.61077083045323,-82.18547137021443,1517.8403,7.040700000000001,7.282700000000002,713.0699999999997,2.128599296001796,0.009873785182380418,0.010213162803090868,-0.01869143281865736
AYLLGVLLILLLAFL,,Mutant,,clash,11.0,LLLAYLLGVLLGLLLAFLILI,0.9240895396873036,LLLAYLLGVLLILLLAFLILI_0,000110011001100110000,1,-36.7932,-36.7932,-45.2689,-267.902,-260.716,-255.116,22.1818,17.3177,32.3622,-334.288,4631.62,3964.83,3585.12,-12.7747,274121.0,-51.7745,288017.0,274055.0,-93.9116,78.9939,-36.8922,9.4785,11.2509,10.9358,103560.0,273787.0,-91.43,48.2927,-36.5962,7.0472,6.73401,5.9584,0,LLLAYLLGVLLILLLAFLILI,,,,,0.1967898065900505,0.0374730653552115,G,4741.475289147988,735.483853630921,6,-92.00286043345768,-93.7531375542674,-92.0662451550836,-93.80264971219133,-93.47417288170138,-94.90243429998448,288068.7745,0.0,-4.8641000000000005,666.79,432.02323745107157,0.0,-0.007294800461914547,-0.019158505676449857
AYLLGVLLILLLGSL,,Mutant,,clash,11.0,LLLAYLLGVLLGLLLGSLILI,0.857480424124574,LLLAYLLGVLLILLLGSLILI_2,000110011001100110000,1,-52.1373,-53.5698,-63.7968,-262.478,-251.13,-249.169,20.9918,19.8021,26.8004,-351.467,4590.1,3939.03,3485.7,-11.2801,204084000000.0,-57.8442,620675.0,204084000000.0,-64.5292,78.0117,-37.7605,10.6032,6.71096,6.38113,7404880.0,14652700.0,-71.2876,45.5524,-38.516,6.6243,3.34271,2.526,2,LLLAYLLGVLLILLLGSLILI,,,,,0.2567052153868229,0.1074780076395355,G,6185.083752170998,2109.470855943912,7,-88.5481313466757,,-88.20865651883763,,-86.50371749965579,,620732.8442,-1.4324999999999974,-1.189700000000002,651.0700000000002,953.4041565423071,-0.002200224246240799,-0.0018272996759181065,-0.017325479595128014
AFLLGTLLIVLLGLL,,Mutant,,clash,11.0,LLLAFLLGTLLGVLLGLLILI,1.0411001926536565,LLLAFLLGTLLIVLLGLLILI_0,000110011001100110000,1,-50.5905,-50.6151,-57.4741,-254.485,-251.564,-250.22,15.4301,18.4028,32.2293,-341.153,4601.05,3894.65,3494.18,-10.6657,3141070.0,-51.5078,62.5512,3141000.0,-91.8475,61.9772,-40.5805,9.64885,8.64405,8.07371,3125520.0,3140730.0,-92.5815,39.7325,-40.3169,6.7382,5.75111,4.8471,0,LLLAFLLGTLLIVLLGLLILI,,,,,0.2888061622042687,0.1150007906372237,G,6958.527502770851,2257.120517729872,6,-83.27232984723815,-85.56163229384296,-82.00303528166968,-84.46604985482178,-82.73641909717975,-85.09906479960358,114.059,-0.02459999999999951,2.9726999999999997,706.4000000000001,0.16146517553793882,-3.482446206115446e-05,0.004208238958097394,-0.01509866930917327
TFLLGLLLIVLLAIL,,Mutant,,clash,11.0,LLLTFLLGLLLGVLLAILILI,0.8653056825495727,LLLTFLLGLLLIVLLAILILI_0,000110011001100110000,1,-36.8492,-36.8492,-41.4053,-268.666,-258.532,-257.77,20.7191,18.9145,26.5069,-348.492,4616.77,4038.63,3559.95,-9.3948,32004.2,-63.6957,2.11453,31928.4,-80.7346,60.7039,-33.5213,11.0568,6.80522,6.21578,29285.3,31655.7,-75.4208,48.7219,-40.9997,7.4067,4.39057,3.6214,0,LLLTFLLGLLLIVLLAILILI,,,,,0.3624237628908439,0.0206115004839693,G,8732.278087353103,404.541920042046,7,-73.43270000549015,-83.35007802556228,-79.63432755603937,-87.23668354635309,-83.1710912656162,-89.45319933149672,65.81023,0.0,-1.8046000000000006,578.1400000000003,0.11383095789947066,0.0,-0.0031213892828726598,-0.016250043242121277
AYLLGVLLGLLLIFL,,Mutant,,clash,15.0,LLLAYLLGVLLGLLLAFLILI,0.8040578290302711,LLLAYLLGVLLGLLLIFLILI_2,000110011001100110000,1,-36.7932,-45.6398,-45.228,-266.193,-250.583,-254.043,21.7088,21.2763,32.6105,-331.538,4594.98,3664.63,3501.68,-17.4525,19544.4,-50.2613,46.1888,19479.5,-94.8682,54.2107,-43.4952,7.28514,8.04867,7.36183,11692.6,23717.4,-91.43,48.2927,-36.5962,7.0472,6.73401,5.9584,2,LLLAYLLGVLLGLLLIFLILI,,,,,0.3168215172470829,0.0255145574548144,G,7633.532554832367,500.7742191351119,6,-84.21243790604208,-86.40159627539444,-84.61467666192868,-86.74805920384887,-86.54810619547344,-88.41339266152563,96.45009999999999,-8.846600000000002,-0.432500000000001,930.3499999999995,0.10367076906540554,-0.009508894502069121,-0.0004648788090503587,-0.018759069167517614
SYLLGVLLILLLATL,,Mutant,,clash,11.0,LLLSYLLGVLLGLLLATLILI,0.8263409142724467,LLLSYLLGVLLILLLATLILI_0,000110011001100110000,1,-50.6238,-50.6238,-56.5782,-282.297,-263.356,-264.019,28.3624,21.8626,34.235,-363.167,4610.15,3919.85,3569.14,-6.66513,90515.9,-58.6084,11469700000.0,90439.1,-92.1657,74.0546,-37.2887,9.68109,10.3222,9.93304,82544.5,90152.7,-84.8765,45.4702,-44.3391,6.8761,5.36995,4.552,0,LLLSYLLGVLLILLLATLILI,,,,,0.2043504868894454,0.0943978380710133,G,4923.64315357447,1852.7463677400367,6,-90.78002708259206,-88.93519026827173,-92.94491381790752,-91.53325210983974,-93.82208301908396,-92.5859352793558,11469700058.6084,0.0,-6.4998000000000005,690.2999999999997,16615529.564839063,0.0,-0.009415906127770539,-0.009655410691003915
TFLLGLLLGYLLASL,ala,WT,LLLTFLLGLLLIYLLASLILI,clash,,,,LLLTFLLGLLLGYLLASLILI_0,000110011001100110000,1,-60.2384,-74.2859,-65.4148,,,,-245.296,-221.269,-225.505,-347.233,4569.18,3569.29,3589.42,-33.2748,-23.6209,-41.6995,-84.9532,-79.9344,-70.355,,-41.7323,6.98929,3.771,,-23.5442,-370.854,-75.8727,,-43.5756,7.3804,3.8938,,0,LLLTFLLGLLLGYLLASLILI,49.7611,3.01742,44.54,3.0619,1.231156146588345,0.0840129033933076,G,29663.61188621728,1648.9212548823175,0,-96.20386825415414,-97.73616510405913,-95.60437552982071,-97.37865576558744,-95.8348506808431,-97.51610033402284,-43.253699999999995,-14.0475,24.026999999999987,999.8900000000003,-0.043258458430427325,-0.014049045394993444,0.02402964326075866,-0.03327846063066936
YFLLGVLLGTLLGLL,ala,WT,LLLYFLLGVLLITLLGLLILI,clash,,,,LLLYFLLGVLLGTLLGLLILI_0,000110011001100110000,1,-58.6992,-72.4578,-68.1971,,,,-244.372,-214.784,-213.212,-334.454,4667.69,3447.13,3634.25,-33.5794,-22.505,-31.3834,-80.7917,-75.5507,-85.1222,,-42.2893,7.06462,3.55531,,-25.1112,-356.959,-83.9549,,-45.0,7.4713,3.02575,,0,LLLYFLLGVLLGTLLGLLILI,31.7554,2.53164,29.1297,1.9627,1.0719838542132274,0.0310012021741564,G,25828.49713079437,608.460595126643,0,-92.26325584034592,-93.92818540941352,-92.80338867671406,-94.35208290027508,-94.9267601715191,-96.01850972754772,-49.408300000000004,-13.758600000000008,29.588000000000022,1220.5599999999995,-0.04048002556203712,-0.01127236678246052,0.024241331847676503,-0.027511470144851554
YVLLGLLLGALLSTL,,Mutant,,void,12.0,LLLYVLLGLLLGFLLSTLILI,0.1337702759272937,LLLYVLLGLLLGALLSTLILI_2,000110011001100110000,1,-65.8876,-76.0591,-76.1285,-257.971,-254.66,-254.703,15.7954,18.4717,18.5219,-354.88,4549.95,3577.94,3740.14,-48.1052,575.757,-46.817,477.434,533.186,-90.4879,41.2133,-44.9149,6.52394,5.63698,4.75518,-19.0469,-373.893,-92.7718,28.0376,-44.4465,7.5,4.20084,3.1214,2,LLLYVLLGLLLGALLSTLILI,,,,,0.902293239890882,0.2284986033143815,G,21739.9527670807,4484.742087116056,7,-69.84305650640079,-76.99934980722503,-70.20708602833167,-77.27699451268244,-77.14882374653943,-82.57144622064074,524.251,-10.171499999999995,2.6762999999999977,972.0099999999998,0.539347331817574,-0.010464398514418573,0.002753366734910133,-0.04949043734117963
YLLLGALLGFLLSTL,ala,WT,LLLYLLLGALLGFLLITLILI,clash,,,,LLLYLLLGALLGFLLSTLILI_0,000110011001100110000,1,-74.042,-90.4274,-86.6288,,,,-244.11,-227.982,-220.821,-350.961,4614.19,3654.7,3632.74,-48.0238,-32.7807,-32.8091,-80.5751,-76.2917,-88.2653,,-42.5165,6.49343,7.86183,,-33.9968,-383.742,-83.724,,-45.0,6.6055,6.12918,,0,LLLYLLLGALLGFLLSTLILI,60.1632,7.26427,52.3747,5.4148,1.1114370953979995,0.1690684634853983,G,26779.08787216341,3318.3067327016724,0,-96.13042759539212,-96.52894986817968,-95.93207621278668,-96.351026438728,-96.95479130036152,-97.26841341805267,-47.766000000000005,-16.385400000000004,16.128000000000014,959.4899999999998,-0.04978269705781198,-0.017077197261044938,0.01680892974392648,-0.050051381463068936
AYLLGTLLGLLLGFL,leu,WT,LLLAYLLGTLLILLLGFLILI,clash,,,,LLLAYLLGTLLGLLLGFLILI_0,000110011001100110000,1,-58.7043,-72.8709,-67.9054,,,,-239.922,-219.831,-217.013,-335.04,4526.09,3502.01,3433.66,-45.7428,-38.4449,-36.4137,-88.0808,-88.5667,-79.3487,,-35.8493,6.53337,6.03928,,-38.218,-373.485,-80.1891,,-39.6088,6.6695,5.29055,,0,LLLAYLLGTLLGLLLGFLILI,56.5702,5.38783,50.0903,4.5419,1.1386801607243464,0.1463825571168746,G,27435.4852906887,2873.0504483443965,0,10.847787495057142,-9.75063899514555,22.65880830877997,-0.1344156555407455,17.686231929925846,-4.1829569109034646,-51.6671,-14.166600000000003,20.091000000000008,1024.08,-0.050452210764784004,-0.01383348957112726,0.019618584485587072,-0.0446672134989454
ALLLGLLLGTLLSFL,leu,WT,LLLALLLGLLLITLLSFLILI,clash,,,,LLLALLLGLLLGTLLSFLILI_1,000110011001100110000,1,-74.0307,-90.5454,-80.5523,,,,-237.459,-224.816,-222.16,-366.307,4524.66,3683.02,3527.6,-45.3082,-32.7171,-54.8169,-96.2527,-96.3114,-87.0739,,-40.8239,6.65379,7.23815,,-24.3603,-390.64,-76.1776,,-38.6839,6.9104,5.90699,,1,LLLALLLGLLLGTLLSFLILI,56.8671,6.59115,59.1137,5.2937,1.036054566267427,0.0500862138232033,G,24962.81290712576,983.042118568478,1,-96.4057724276761,-97.0444103391737,-96.46628151931364,-97.09416791351512,-96.46396779531446,-97.09226530201032,-41.43580000000001,-16.514700000000005,12.643,841.6399999999999,-0.04923221329784708,-0.01962204743120575,0.01502186207879854,-0.05383323035977378
TFLLGLLLGVLLAIL,leu,WT,LLLTFLLGLLLIVLLAILILI,clash,,,,LLLTFLLGLLLGVLLAILILI_2,000110011001100110000,1,-44.9935,-57.8427,-56.3001,,,,-242.981,-229.715,-228.945,-346.411,4556.2,3546.43,3547.59,-43.8692,-41.6658,-58.4367,-102.722,-102.831,-84.3394,,-39.923,6.95915,5.50265,,-29.5888,-376.918,-75.4208,,-40.9997,7.4067,4.39057,,2,LLLTFLLGLLLGVLLAILILI,47.0499,4.7084,48.7219,3.6214,1.2277294454404166,0.093660607693891,G,29581.04857107834,1838.276747018003,1,-96.63634218241548,,-95.70795307517054,,-96.15561553329763,,-44.28529999999999,-12.849200000000003,13.265999999999991,1009.77,-0.04385681887954682,-0.012724877942501761,0.013137645206334108,-0.04344474484288501
ALLLGTLLGFLLSIL,leu,WT,LLLALLLGTLLIFLLSILILI,clash,,,,LLLALLLGTLLGFLLSILILI_2,000110011001100110000,1,-74.0793,-84.3362,-84.2485,,,,-238.286,-221.449,-222.055,-362.898,4478.03,3621.55,3567.81,-43.2323,-30.9443,-50.5325,-100.346,-87.5388,-92.1451,,-35.9794,7.05335,7.55654,,-32.2458,-397.649,-91.43,,-36.5962,7.0472,6.73401,,2,LLLALLLGTLLGFLLSILILI,53.5909,6.8604,48.2927,5.9584,1.2611346853962473,0.0982354162398987,G,30385.918104280765,1928.0665143261776,1,-95.22201949405206,,-95.1233006506907,,-95.74689644000256,,-49.813500000000005,-10.256900000000002,16.83699999999999,856.4799999999996,-0.05816072762936675,-0.011975644498412114,0.01965836913880067,-0.05047671866243231
AYLLGVLLGALLGSL,,Mutant,,void,12.0,LLLAYLLGVLLGLLLGSLILI,0.0925840407151361,LLLAYLLGVLLGALLGSLILI_0,000110011001100110000,1,-52.1373,-66.6625,-65.3771,-256.029,-240.898,-241.112,23.6297,23.6489,30.3397,-330.239,4445.11,3448.45,3489.58,-42.3943,697.643,-45.7023,236.708,643.554,-81.4742,47.7219,-33.5078,6.61075,5.16359,4.37941,200.277,367.404,-71.2876,45.5524,-38.516,6.6243,3.34271,2.526,0,LLLAYLLGVLLGALLGSLILI,,,,,1.0216015987962608,0.1167425496170382,G,24614.581515978265,2291.306021341963,7,3099.883421724586,3576.476760281207,4431.767326123643,5106.732577937425,4076.332578456545,4698.359078852192,282.4103,-14.525199999999991,0.019200000000001438,996.6599999999999,0.28335671141612995,-0.014573876748339447,1.926434290530516e-05,-0.0425363714807457
YVLLGALLGILLTLL,leu,WT,LLLYVLLIALLGILLTLLILI,clash,,,,LLLYVLLGALLGILLTLLILI_0,000110011001100110000,1,-58.7202,-67.581,-66.8813,,,,-243.993,-222.276,-219.4,-355.39,4577.17,3713.97,3707.28,-33.5505,-28.7808,-52.6768,-99.0838,-97.8896,-79.0724,,-46.8199,6.65198,6.05056,,-29.2053,-384.171,-72.8097,,-43.7016,6.839,5.63706,,0,LLLYVLLGALLGILLTLLILI,56.9607,5.40497,60.8563,5.0499,0.953808510676055,0.1021938767810482,G,22981.16737908615,2005.759219544127,0,-94.85195138904848,-94.5352815831864,-94.77014632773692,-94.44844448064102,-95.24384047546826,-94.951276782484,-46.407,-8.860800000000005,21.716999999999985,863.2000000000003,-0.053761584800741405,-0.010265060240963858,0.02515871177015753,-0.038867585727525474
AYLLGVLLGLLLGSL,ala,WT,LLLAYLLGVLLILLLGSLILI,clash,,,,LLLAYLLGVLLGLLLGSLILI_0,000110011001100110000,1,-60.2742,-72.7513,-73.5397,,,,-237.255,-216.316,-214.832,-348.662,4498.22,3471.45,3460.86,-41.9544,690.114,-51.1329,-101.549,629.824,-76.7902,,-36.218,6.67925,3.89936,,568.586,341.452,-71.2876,,-38.516,6.6243,3.34271,,0,LLLAYLLGVLLGLLLGSLILI,43.5618,3.05279,45.5524,2.526,1.114185639511397,0.1202060489892129,G,26845.31159698896,2359.284123589556,1,635.3339480178853,561.6920285790081,827.6590529822424,734.7562386478743,735.5217644368814,651.8462770859385,-50.41610000000001,-12.4771,20.938999999999993,1026.7700000000004,-0.04910164886001732,-0.012151796410101575,0.02039307732013984,-0.0408605627355688
AYLLGLLLGFLLGTL,leu,WT,LLLAYLLGLLLIFLLGTLILI,clash,,,,LLLAYLLGLLLGFLLGTLILI_0,000110011001100110000,1,-58.747,-70.6754,-65.9749,,,,-239.727,-220.524,-218.405,-334.591,4547.34,3517.12,3497.32,-39.4923,-30.3773,-36.1169,-82.8832,-80.5887,-86.2948,,-35.9131,6.92225,5.31043,,-30.3388,-364.968,-87.7841,,-35.7467,7.5,4.88679,,0,LLLAYLLGLLLGFLLGTLILI,43.4535,4.46224,38.6606,3.9667,1.114143502271102,0.1090653876856554,G,26844.29633766161,2140.6263640701136,1,1538.2245820513567,1623.094983450678,1854.1930116292235,1955.4325773919609,1410.152475324841,1488.3879310488107,-46.7663,-11.928399999999996,19.203000000000003,1030.2200000000003,-0.045394478849177834,-0.01157849779658713,0.018639708023528954,-0.03833385102211177
SYLLGLLLGFLLSTL,ala,WT,LLLSYLLGLLLIFLLSTLILI,clash,,,,LLLSYLLGLLLGFLLSTLILI_0,000110011001100110000,1,-74.0925,-98.4699,-88.3347,,,,-253.036,-227.463,-226.628,-364.463,4573.56,3639.37,3606.58,-38.4161,-27.0865,-37.3337,-76.9463,-76.5862,-100.322,,-46.8224,6.87429,3.67453,,-27.0465,-391.549,-95.479,,-44.2015,7.2798,4.51072,,0,LLLSYLLGLLLGFLLSTLILI,15.7501,2.41078,27.325,3.42059,1.0871769040710502,0.1793333309863088,G,26194.56014852344,3519.775287068908,1,-76.14828850362696,-77.61754112717833,-75.97621884411218,-77.45607086631526,-81.52158310480205,-82.65984366553681,-39.61259999999999,-24.377399999999994,25.573000000000008,934.1900000000005,-0.04240315139318551,-0.026094691658013876,0.027374516961217732,-0.04112236268853229
AYLLGLLLGALLGTL,,Mutant,,void,12.0,LLLAYLLGLLLGFLLGTLILI,0.1379513511912027,LLLAYLLGLLLGALLGTLILI_2,000110011001100110000,1,-50.5912,-63.0641,-65.0179,-254.425,-243.284,-245.149,21.5382,24.2499,34.6397,-332.062,4483.79,3531.49,3552.05,-37.1826,16281.9,-48.5842,-34.906,16225.3,-90.1239,43.755,-38.3713,6.91384,5.92551,5.08183,-26.2413,-358.263,-87.7841,38.6606,-35.7467,7.5,4.88679,3.9667,2,LLLAYLLGLLLGALLGTLILI,,,,,0.9761921510798992,0.0694555884730966,G,23520.481277959578,1363.20483496281,7,7382.837566680571,8632.505720955383,11453.642463270176,13383.1536845903,7965.431986901933,9312.3960783558,13.678200000000004,-12.472900000000003,2.7117000000000004,952.3000000000002,0.014363330883125067,-0.013097658300955582,0.0028475270397983828,-0.03904504882915047
AFLLGTLLGVLLGLL,ala,WT,LLLAFLLITLLGVLLGLLILI,clash,,,,LLLAFLLGTLLGVLLGLLILI_2,000110011001100110000,1,-58.726,-70.7876,-72.9945,,,,-233.786,-210.431,-210.515,-339.341,4514.32,3503.21,3464.44,-37.15,-17.4619,-46.8292,-95.2717,-73.2927,-97.4527,,-37.6883,7.43224,6.29671,,-29.9298,-369.21,-91.396,,-35.8075,7.4513,5.01216,,2,LLLAFLLGTLLGVLLGLLILI,38.3615,5.37213,35.576,4.0458,1.3299063548579249,0.244265207184603,G,32042.91028784085,4794.193221172257,0,-89.65747235905032,,-84.6698079294242,,-85.97296812794379,,-48.442499999999995,-12.061599999999999,23.35499999999999,1011.1099999999997,-0.047910217483755485,-0.011929068053920942,0.02309837703118355,-0.03674179861736113
AYLLGVLLGLLLAFL,leu,WT,LLLAYLLGVLLILLLAFLILI,clash,,,,LLLAYLLGVLLGLLLAFLILI_1,000110011001100110000,1,-44.9245,-56.53,-58.5939,,,,-240.721,-223.075,-217.561,-332.295,4558.34,3583.78,3568.79,-35.5533,-23.7324,-46.65,-88.2437,-79.8732,-98.9406,,-33.7392,6.87798,8.31734,,-23.9546,-357.322,-91.43,,-36.5962,7.0472,6.73401,,1,LLLAYLLGVLLGLLLAFLILI,51.6759,7.59247,48.2927,5.9584,1.120879346277354,0.0917568498201317,G,27006.59050553616,1800.911691454492,0,-70.26577537035278,-76.62848942297038,-68.14289120186265,-74.95987319316606,-65.9041201635496,-73.20016828566662,-41.593700000000005,-11.6055,17.646000000000015,974.56,-0.04267946560499098,-0.011908450993268756,0.018106632736824838,-0.03648138647184371
TALLGLLLGVLLAIL,,Mutant,,void,4.0,LLLTFLLGLLLGVLLAILILI,0.3947398306207594,LLLTALLGLLLGVLLAILILI_1,000110011001100110000,1,-36.8492,-48.2469,-48.2328,-261.129,-245.928,-245.928,22.7444,19.9293,20.0197,-348.368,4477.01,3604.16,3619.78,-34.5134,81.9332,-73.1341,39.0471,7.7063,-84.5494,49.6706,-39.0574,7.03682,5.88795,5.133,-22.9337,-371.675,-75.4208,48.7219,-40.9997,7.4067,4.39057,3.6214,1,LLLTALLGLLLGVLLAILILI,,,,,0.8329896148196572,0.0420556062940024,G,20070.143586444246,825.4253846882484,7,-94.14448066367488,-94.73133657772848,-93.47511899271734,-94.12906013571134,-93.13976280456642,-93.82731424769382,112.1812,-11.397699999999993,-2.8150999999999975,872.8500000000004,0.12852288480265792,-0.013058028298103899,-0.003225181875465425,-0.03954104370739529
YLLLGALLGALLTFL,leu,WT,LLLYLLLGALLIALLTFLILI,clash,,,,LLLYLLLGALLGALLTFLILI_0,000110011001100110000,1,-58.7574,-66.9161,-66.9258,,,,-242.063,-224.871,-218.148,-337.181,4598.7,3792.53,3670.42,-34.3203,-24.1876,-36.3602,-79.7139,-76.2947,-66.7136,,-42.2511,6.41222,6.49675,,-24.0426,-361.368,-68.1028,,-40.6526,6.5,5.40184,,0,LLLYLLLGALLGALLTFLILI,73.9978,6.10672,64.3439,4.867,1.1246958250012489,0.1739303256987258,G,27098.545164508385,3413.730502314813,0,-94.0854779895051,-94.31445364650082,-93.65302924600638,-93.89874678594444,-95.25202017515078,-95.43583414995184,-43.353699999999996,-8.158700000000003,17.19199999999998,806.1699999999996,-0.05377736705657618,-0.010120322016448153,0.02132552687398438,-0.042572038155724
SYLLGVLLGLLLATL,ala,WT,LLLSYLLGVLLILLLATLILI,clash,,,,LLLSYLLGVLLGLLLATLILI_0,000110011001100110000,1,-58.7839,-84.2493,-81.7305,,,,-250.452,-225.01,-224.764,-362.713,4530.68,3562.42,3596.46,-41.3059,-37.0403,-53.4766,-94.7595,-93.2584,-86.6176,,-44.3024,6.70721,5.43474,,-35.826,-399.753,-84.8765,,-44.3391,6.8761,5.36995,,0,LLLSYLLGVLLGLLLATLILI,44.0155,4.59497,45.4702,4.552,1.0306914011618922,0.1126748049717276,G,24833.59221597122,2211.468397017981,0,-35.34097965656148,-42.42456351611911,-29.09582560321828,-36.86358426495726,-27.52444517612853,-35.46435313693569,-41.282900000000005,-25.465400000000002,25.442000000000007,968.2600000000002,-0.04263617210253444,-0.026300167310433144,0.02627600024786731,-0.04265992605291966
YFLLGVLLITLLGLL,,Mutant,,clash,11.0,LLLYFLLGVLLGTLLGLLILI,0.8425645481578146,LLLYFLLGVLLITLLGLLILI_0,000110011001100110000,1,-50.5604,-36.7934,-42.8957,-265.468,-256.708,-264.645,15.8554,23.7009,45.575,-336.551,4746.28,4088.67,3674.32,-6.11184,410962.0,-36.3775,44732.4,410888.0,-84.7745,49.1982,-48.2114,10.9947,5.85793,5.0959,366485.0,410626.0,-83.9549,29.1297,-45.0,7.4713,3.02575,1.9627,0,LLLYFLLGVLLITLLGLLILI,,,,,0.2294193060554128,0.0814020391148831,G,5527.654045467406,1597.6778217371605,6,-37.78851328832889,-60.71303234084636,-46.48934114297623,-66.20766300475663,-62.01365945774538,-76.0113732807935,44768.777500000004,13.767000000000003,7.845500000000001,657.6099999999997,68.07800596097995,0.02093490062499051,0.011930323443986566,-0.009294019251532068
