Sequence,Mutant,Region,Mutant Type,CHARMM_IMM1,CHARMM_IMM1REF,CHARMM_VDW,Dimer,HBONDMonomer,IMM1Monomer,Monomer,MonomerSasa,SCWRL4_HBOND,VDWMonomer,Mutant_DimerSasa,Mutant_MonomerSasa,Mutant_Position_MonomerSasa,Mutant_Position_Sasa,WT_DimerSasa,WT_MonomerSasa,WT_Position_MonomerSasa,WT_Position_Sasa,Total,Interface,Position,WT_AA,SasaDifference,SasaPercDifference,Mutant_SASA_no_alanine,SASA_no_wt_position,DimerSasaDifference,Segment,mean_transformed,std_adjusted,Sample,wt_seq
LLLASLLFLLLGYLLGTLILI,LLLASLLFLLLGALLGTLILI,GAS,void,,,,,,,,,,,3215.63,3950.13,59.9649,56.9468,3166.04,4111.27,167.941,118.529,-18.8019,1.1e+17,12,Y,72.8752,43.86529248,3158.6832,3047.511,111.1722,0.0,20268.57759665615,2264.7842795690112,G,LLLASLLFLLLGYLLGTLILI
LLLAYLLGVLLGLLLGFLILI,LLLAYLLGVLLGLLLGALILI,GAS,void,,,,,,,,,,,3110.48,3984.97,59.2053,115.671,3180.94,4069.29,142.766,270.617,-31.4568,1.1e+17,16,F,13.7918,89.34690119,2994.809,2910.323,84.486,0.0,27778.882702070143,1896.2128611480503,G,LLLAYLLGVLLGLLLGFLILI
LLLAYLLGLLLGVLLGTLILI,LLLAALLGLLLGVLLGTLILI,GAS,void,,,,,,,,,,,3488.72,4438.82,53.1732,47.8843,3468.17,4588.0,158.682,145.689,-33.5239,1.1e+17,4,Y,99.3464,28.25690087,3440.8357,3322.481,118.3547,0.0,29358.44775692281,3246.682449515478,G,LLLALLLGLLLGVLLGTLILI
LLLALLLGLLLGVLLSTLILI,LLLAALLGLLLGVLLSTLILI,GAS,void,,,,,,,,,,,3205.01,3892.91,54.7666,63.3809,3206.43,3987.77,124.457,124.097,-14.0089,1.1e+17,4,L,75.0943,45.77057841,3141.6291,3082.333,59.2961,0.0,30160.368829947616,2688.3593802970045,G,LLLAILLGLLLGVLLSTLILI
LLLTFLLAILLGLLLGVLILI,LLLTALLAILLGLLLGVLILI,GAS,void,,,,,,,,,,,3477.18,4492.97,49.6047,43.7773,3448.38,4608.95,145.876,124.99,-16.1931,1.1e+17,4,F,94.6979,31.61381966,3433.4027,3323.39,110.0127,0.0,22560.52184914426,655.5206099137268,G,LLLTFLLAILLGLLLGVLILI
LLLTFLLAILLGLLLGVLILI,LLLTFLLAALLGLLLGVLILI,GAS,void,,,,,,,,,,,3489.25,4622.95,44.1322,51.0532,3448.38,4608.95,67.6845,74.022,-16.1931,1.1e+17,8,I,80.2764,38.87409997,3438.1968,3374.358,63.8388,0.0,22657.682753338355,1284.3573699688523,G,LLLTFLLAILLGLLLGVLILI
LLLGYLLFLLLGVLLASLILI,LLLGALLFLLLGVLLASLILI,GAS,void,,,,,,,,,,,3203.9,3990.06,50.5756,58.7758,3186.76,4132.2,158.598,166.936,-20.4809,1.1e+17,4,Y,79.6994,42.44500098,3145.1242,3019.824,125.3002,0.0,23527.75828483231,1595.4789939170107,G,LLLTALLFLLLGVLLASLILI
LLLGYLLFLLLGVLLASLILI,LLLGYLLFALLGVLLASLILI,GAS,void,,,,,,,,,,,3207.1,4083.27,61.9566,21.8835,3186.76,4132.2,115.315,52.7218,-20.4809,1.1e+17,8,L,109.4461,16.66303712,3185.2165,3134.0382,51.1783,0.0,21388.504158544747,1716.018870268828,G,LLLGYLLFLLLGVLLASLILI
LLLYFLLGVLLGTLLGLLILI,LLLYALLGVLLGTLLGLLILI,GAS,void,,,,,,,,,,,3303.83,4009.95,65.9063,65.9294,3274.57,4173.53,167.177,147.607,-28.7978,1.1e+17,4,F,72.5458,47.61098016,3237.9006,3126.963,110.9376,0.0,21492.027621553672,1283.9223156033333,G,LLLYFLLGVLLGTLLGLLILI
LLLSYLLALLLGFLLGTLILI,LLLSALLALLLGFLLGTLILI,GAS,void,,,,,,,,,,,3210.14,3997.94,49.9793,80.8827,3172.43,4167.78,164.552,173.487,-39.7676,1.1e+17,4,Y,57.5925,58.40952026,3129.2573,2998.943,130.3143,0.0,24448.434800572544,1656.031052354879,G,LLLSYLLALLLGFLLGTLILI
LLLVGLLLILLGALLATLILI,LLLVGLLAILLGALLATLILI,GAS,void,,,,,,,,,,,3779.29,4457.16,60.1658,59.7902,3762.94,4515.44,118.048,140.813,-5.24635,1.1e+17,7,L,69.8052,46.13605113,3719.4998,3622.127,97.3728,0.0,24174.00826837488,2768.6244715886864,G,LLLVGLLLILLGALLATLILI
LLLATLLVGLLFGLLFLLILI,LLLATLLVGLLAGLLFLLILI,GAS,void,,,,,,,,,,,3222.77,4063.86,56.8954,46.2277,3196.48,4212.74,156.794,124.892,-16.382,1.1e+17,11,F,84.0401,35.4866667,3176.5423,3071.588,104.9543,0.0,19992.670843607,2864.7348803448044,G,LLLATLLVGLLFGLLFLLILI
LLLYFLLGVLLGTLLSLLILI,LLLYALLGVLLGTLLSLLILI,GAS,void,,,,,,,,,,,3277.17,4052.4,59.0951,55.1921,3262.92,4193.44,158.841,134.577,-19.4915,1.1e+17,4,F,83.2831,39.85702855,3221.9779,3128.343,93.6349,0.0,21957.50731970475,1624.1226938101015,G,LLLYFLLGVLLGTLLSLLILI
LLLSYLLTALLGALLGFLILI,LLLSALLTALLGALLGFLILI,GAS,void,,,,,,,,,,,3326.5,3936.35,59.1554,58.4429,3283.26,4114.96,175.693,125.552,-12.2521,1.1e+17,4,Y,80.0323,42.20459692,3268.0571,3157.708,110.3491,0.0,20603.772952431336,1825.8727933761259,G,LLLSYLLTALLGALLGFLILI
LLLTYLLAVLLGILLGLLILI,LLLTALLAVLLGILLGLLILI,GAS,void,,,,,,,,,,,3177.46,3868.88,59.8893,67.7538,3152.79,4049.62,176.78,177.861,-21.372,1.1e+17,4,Y,60.5169,56.29766196,3109.7062,2974.929,134.7772,0.0,20840.11368761379,2445.8860731294612,G,LLLTFLLAVLLGILLGLLILI
LLLTFLLAVLLGLLLGILILI,LLLTALLAVLLGLLLGILILI,GAS,void,,,,,,,,,,,3500.55,4460.63,56.1029,54.9654,3471.32,4611.02,156.083,140.888,-14.2027,1.1e+17,4,F,83.5098,39.69331693,3445.5846,3330.432,115.1526,0.0,23248.45717749185,2113.917991594648,G,LLLTFLLAVLLGLLLGILILI
LLLTFLLAVLLGLLLGILILI,LLLTFLLAVLLGLLLGALILI,GAS,void,,,,,,,,,,,3460.55,4591.63,44.9636,90.3481,3471.32,4611.02,88.0129,172.032,-14.2027,1.1e+17,16,I,39.1147,69.78691949,3370.2019,3299.288,70.9139,0.0,24823.559692030565,2531.5195650416867,G,LLLTFLLGVLLGLLLGALILI
LLLAFLLGILLGVLLGLLILI,LLLAALLGILLGVLLGLLILI,GAS,void,,,,,,,,,,,3478.26,4412.55,54.9045,65.322,3449.13,4555.8,155.374,142.779,-30.8577,1.1e+17,4,F,73.1532,47.17234566,3412.938,3306.351,106.587,0.0,27534.48735972664,349.9427256041321,G,LLLAFLLGILLGVLLGLLILI
LLLTVLLAYLLGLLLGFLILI,LLLTVLLAALLGLLLGFLILI,GAS,void,,,,,,,,,,,3315.41,4083.16,50.305,47.9999,3286.06,4210.94,150.889,128.427,-24.0747,1.1e+17,8,Y,83.3297,36.54918617,3267.4101,3157.633,109.7771,0.0,21762.348502273224,2279.2679566061142,G,LLLTVLLAYLLGLLLGFLILI
LLLSSLLALLLGVLLGTLILI,LLLSSLLAALLGVLLGTLILI,GAS,void,,,,,,,,,,,3103.16,3826.02,63.5484,50.7504,3082.63,3894.77,124.013,90.6565,-21.5114,1.1e+17,8,L,80.5792,38.64353504,3052.4096,2991.9735,60.4361,0.0,20579.299638191816,1967.2013118094294,G,LLLSSLLALLLGVLLGTLILI
LLLSSLLALLLGVLLGTLILI,LLLSSLLALLLGALLGTLILI,GAS,void,,,,,,,,,,,3093.04,3875.44,59.6371,67.437,3082.63,3894.77,84.3711,101.176,-21.5114,1.1e+17,12,V,62.385,51.94574109,3025.603,2981.454,44.149,0.0,20852.44918121348,2414.2362448286804,G,LLLSSLLALLLGVLLGTLILI
LLLTLLLFYLLGVLLGSLILI,LLLTLLLFALLGVLLGSLILI,GAS,void,,,,,,,,,,,3186.29,4098.1,60.4158,23.1073,3147.87,4244.84,166.232,103.525,-19.1409,1.1e+17,8,Y,108.2223,17.59489102,3163.1827,3044.345,118.8377,0.0,20864.31796986336,1144.5208778005392,G,LLLTLLLFYLLGVLLGSLILI
LLLTILLALLLGFLLGSLILI,LLLTILLALLLGALLGSLILI,GAS,void,,,,,,,,,,,3146.17,3921.41,58.6698,57.3165,3149.38,4067.52,159.059,163.14,-25.1796,1.1e+17,12,F,72.5055,44.15006701,3088.8535,2986.24,102.6135,0.0,21959.308438148044,2533.6706966595775,G,LLLTILLALLLGFLLGSLILI
LLLTALLFLLLGYLLGSLILI,LLLTALLFLLLGALLGSLILI,GAS,void,,,,,,,,,,,3198.29,4015.03,60.4341,56.2911,3174.58,4176.7,168.324,143.562,-22.501,1.1e+17,12,Y,73.5309,43.3602163,3141.9989,3031.018,110.9809,0.0,24546.27726721465,743.5588676220277,G,LLLTALLFLLLGYLLGSLILI
LLLYLLLGALLGILLSTLILI,LLLYALLGALLGILLSTLILI,GAS,void,,,,,,,,,,,3523.69,4049.32,66.734,57.1915,3489.55,4141.35,134.485,101.928,-14.2325,1.1e+17,4,L,81.2837,41.3008972,3466.4985,3387.622,78.8765,0.0,23169.94555545681,1705.4705552089526,G,LLLYLLLGALLGILLSTLILI
LLLSYLLVALLGLLLGFLILI,LLLSALLVALLGLLLGFLILI,GAS,void,,,,,,,,,,,3370.51,4009.09,52.1392,83.7598,3334.73,4180.76,171.065,179.837,-29.9073,1.1e+17,4,Y,54.7154,60.48722082,3286.7502,3154.893,131.8572,0.0,20771.95058379156,2981.1718271812333,G,LLLSYLLVALLGLLLGFLILI
LLLSTLLGLLLGVLLGILILI,LLLSTLLGLLLGVLLGALILI,GAS,void,,,,,,,,,,,3074.77,3837.88,56.515,109.668,3094.38,3863.4,96.8118,185.809,-26.0226,1.1e+17,16,I,19.7948,84.71004798,2965.102,2908.571,56.531,0.0,26399.222686976125,2232.0630946387696,G,LLLSTLLGLLLGVLLGILILI
LLLSTLLGLLLGVLLGILILI,LLLSTLLGALLGVLLGILILI,GAS,void,,,,,,,,,,,3110.0,3809.23,61.8333,48.2771,3094.38,3863.4,117.752,88.2003,-26.0226,1.1e+17,8,L,83.0525,36.76025816,3061.7229,3006.1797,55.5432,0.0,25078.58139397093,1773.0324478645823,G,LLLSTLLGLLLGVLLGILILI
LLLSYLLVLLLGLLLGTLILI,LLLSALLVLLLGLLLGTLILI,GAS,void,,,,,,,,,,,3255.91,3961.09,49.1639,67.9782,3198.95,4086.04,154.467,153.954,-27.9106,1.1e+17,4,Y,70.497,49.09052307,3187.9318,3044.996,142.9358,1.0,22631.29472218165,1681.6039686593085,G,LLLSYLLVLLLGLLLGTLILI
LLLSYLLGLLLGVLLGTLILI,LLLSYLLGALLGVLLGTLILI,GAS,void,,,,,,,,,,,3519.88,4530.66,64.77,58.6701,3499.07,4593.65,122.826,103.147,-28.5286,1.1e+17,8,L,72.6595,44.67393489,3461.2099,3395.923,65.2869,1.0,24282.11287400166,873.7176879921578,G,LLLSYLLGLLLGVLLGTLILI
LLLGYLLALLLGTLLSFLILI,LLLGALLALLLGTLLSFLILI,GAS,void,,,,,,,,,,,3375.13,3983.59,53.7306,63.4414,3379.08,4117.73,162.995,199.101,-14.0,1.1e+17,4,Y,75.0338,45.81426855,3311.6886,3179.979,131.7096,1.0,21471.4019938068,1477.9834604297178,G,LLLGYLLALLLGTLLSFLILI
LLLTYLLAVLLGLLLGFLILI,LLLTYLLAVLLGLLLGALILI,GAS,void,,,,,,,,,,,3168.06,4019.49,59.3219,112.016,3232.9,4163.93,158.106,260.831,-25.681,1.1e+17,16,F,17.4468,86.52369638,3056.044,2972.069,83.975,1.0,25263.231238906403,69.31245089224284,G,LLLTYLLAVLLGLLLGFLILI
LLLAYLLAVLLGLLLGFLILI,LLLAALLAVLLGLLLGFLILI,GAS,void,,,,,,,,,,,3647.54,4534.86,58.3954,66.3783,3618.64,4687.78,165.83,167.385,-14.6822,1.1e+17,4,Y,72.0969,47.93515373,3581.1617,3451.255,129.9067,1.0,21692.46388479169,1907.8345418670808,G,LLLAYLLAVLLGLLLGFLILI
LLLTFLLGLLLGVLLAILILI,LLLTALLGLLLGVLLAILILI,GAS,void,,,,,,,,,,,3621.06,4530.07,53.1085,40.9816,3586.43,4620.01,140.143,94.9372,-29.261,1.1e+17,4,F,97.4936,29.59490219,3580.0784,3491.4928,88.5856,1.0,27274.74278115947,1744.1905778822568,G,LLLTFLLGLLLGVLLAILILI
LLLTLLLGILLGVLLGALILI,LLLTLLLGALLGVLLGALILI,GAS,void,,,,,,,,,,,3556.99,4450.77,64.4223,56.6499,3524.14,4491.0,110.698,98.5982,-22.5276,1.1e+17,8,I,74.6797,43.13566782,3500.3401,3425.5418,74.7983,1.0,25193.064917832777,1347.022201827634,G,LLLTLLLGILLGVLLGALILI
LLLTLLLGILLGVLLGALILI,LLLTALLGILLGVLLGALILI,GAS,void,,,,,,,,,,,3540.84,4429.99,53.2406,50.4689,3524.14,4491.0,111.206,99.273,-22.5276,1.1e+17,4,L,88.0063,36.44616509,3490.3711,3424.867,65.5041,1.0,26164.702961960924,1026.873744689687,G,LLLTLLLGILLGVLLGALILI
LLLALLLGLLLGVLLGTLILI,LLLALLLGALLGVLLGTLILI,GAS,void,,,,,,,,,,,3503.68,4436.12,65.1176,47.224,3464.7,4507.79,126.274,74.0439,-31.4979,1.1e+17,8,L,84.1056,35.95838257,3456.456,3390.6561,65.7999,1.0,27810.15366333309,305.1590137704768,G,LLLALLLGLLLGVLLGTLILI
LLLTVLLGLLLGFLLSILILI,LLLTVLLGLLLGALLSILILI,GAS,void,,,,,,,,,,,3686.08,4491.67,48.6391,87.4286,3663.75,4567.16,128.06,187.671,-21.0659,1.1e+17,12,F,42.3934,67.34498005,3598.6514,3476.079,122.5724,1.0,23085.232304822428,2535.5526133172352,G,LLLTVLLGLLLGFLLSILILI
LLLSYLLVALLGALLGLLILI,LLLSALLVALLGALLGLLILI,GAS,void,,,,,,,,,,,3233.21,3858.05,52.5631,75.3648,3211.22,4027.51,169.347,171.969,-27.9455,1.1e+17,4,Y,63.1104,54.42476342,3157.8452,3039.251,118.5942,1.0,20111.07581364796,2449.7585543940813,G,LLLSYLLVALLGALLGLLILI
LLLTGLLFALLGILLSLLILI,LLLTGLLFALLGILLSALILI,GAS,void,,,,,,,,,,,3707.35,4623.56,41.0896,81.2173,3701.53,4644.13,89.4035,150.483,-26.3742,1.1e+17,16,L,48.2455,62.73408269,3626.1327,3551.047,75.0857,1.0,20576.540561360405,1590.3393454993063,G,LLLTGLLFALLGILLSLLILI
LLLSYLLGFLLGTLLGLLILI,LLLSYLLGALLGTLLGLLILI,GAS,void,,,,,,,,,,,3300.11,3974.81,60.1551,59.646,3287.63,4120.77,161.18,148.875,-12.0026,1.1e+17,8,F,85.4328,34.94779547,3240.464,3138.755,101.709,1.0,26193.474395536403,3440.3030604687606,G,LLLSYLLGVLLGTLLGLLILI
LLLSYLLAVLLGLLLGTLILI,LLLSALLAVLLGLLLGTLILI,GAS,void,,,,,,,,,,,3255.72,3858.73,64.2804,79.9046,3239.14,4001.68,175.389,210.352,-11.997,1.1e+17,4,Y,58.5706,57.7031844,3175.8154,3028.788,147.0274,1.0,21102.852277278987,2160.6580332363346,G,LLLSYLLAVLLGLLLGTLILI
LLLLLALLLILFVLLSTLILI,LLLLAALLLILFVLLSTLILI,Left,void,,,,,,,,,,,3698.5,4674.05,46.0367,43.9205,3665.04,4712.27,99.7118,101.849,-23.3431,1.1e+16,4,L,94.5547,31.71723168,3654.5795,3563.191,91.3885,2.0,21181.214650345595,754.437401453602,L,LLLLLALLLILFVLLSTLILI
LLLAALLYVLLSLLFTLLILI,LLLAALLAVLLSLLFTLLILI,Left,void,,,,,,,,,,,3688.12,4547.01,59.7637,24.9312,3682.84,4707.05,173.92,158.941,-16.6484,1.1e+17,7,Y,104.6642,19.23771986,3663.1888,3523.899,139.2898,2.0,20860.46898667149,586.0237943045721,L,LLLAALLYVLLSLLFTLLILI
LLLFALLLVLITLLLSLLILI,LLLFALLAVLITLLLSLLILI,Left,void,,,,,,,,,,,3745.06,4634.81,42.5177,17.925,3691.79,4648.53,87.288,27.763,-10.1998,1.1e+17,7,L,111.6704,13.83150945,3727.135,3664.027,63.108,2.0,21457.20305094996,339.2721793236997,L,LLLFALLLVLITLLLSLLILI
LLLYWLLTVLALLLFSLLILI,LLLYWLLTVLALLLASLLILI,Left,void,,,,,,,,,,,3644.02,4120.97,58.6187,51.2247,3618.08,4268.14,161.432,147.229,-12.1449,1.1e+17,14,F,78.6621,39.43795674,3592.7953,3470.851,121.9443,2.0,21051.33799757053,414.7414364227145,L,LLLYWLLTVLALLLFSLLILI
LLLLAYLLLTLAVLLFSLILI,LLLLAALLLTLAVLLFSLILI,Left,void,,,,,,,,,,,3222.84,4075.77,50.377,96.7248,3291.79,4231.88,163.192,276.125,-12.6397,1.1e+16,5,Y,33.57,74.23534938,3126.1152,3015.665,110.4502,2.0,21550.62387161971,454.71253363806426,L,LLLLAYLLLTLAVLLFSLILI
LLLLAYLLLTLAVLLFSLILI,LLLLAYLLLTLAVLLASLILI,Left,void,,,,,,,,,,,3305.28,4071.8,63.5828,45.5443,3291.79,4231.88,165.362,138.13,-12.6397,1.1e+16,15,F,84.1761,35.10958955,3259.7357,3153.66,106.0757,2.0,21292.150649805284,748.6820599539695,L,LLLLAYLLLTLAVLLFSLILI
LLLLVALLLLLTSLLFLLILI,LLLLVALLLLLTSLLALLILI,Left,void,,,,,,,,,,,3589.58,4589.78,42.5075,16.4678,3536.64,4657.33,126.065,93.2492,-31.8215,1.1e+16,15,F,113.2526,12.69484214,3573.1122,3443.3908,129.7214,2.0,22431.90080727407,1210.0045003931884,L,LLLLVALLLLLTSLLFLLILI
LLLLVALLLLLTSLLFLLILI,LLLLVALLLLLTSLLFALILI,Left,void,,,,,,,,,,,3541.8,4618.33,43.046,39.1219,3536.64,4657.33,96.9491,130.248,-31.8215,1.1e+16,16,L,69.2052,46.54433552,3502.6781,3406.392,96.2861,2.0,21277.549604871125,613.9155217685599,L,LLLLVALLLLLTSLLFLLILI
LLLLAILLALLFVLTSLLILI,LLLLAALLALLFVLTSLLILI,Left,void,,,,,,,,,,,3640.68,4616.03,48.6703,87.6122,3639.74,4628.62,87.9453,157.118,-19.5332,1.1e+16,5,I,42.6826,67.24151693,3553.0678,3482.622,70.4458,2.0,21139.99967808992,859.2040728046579,L,LLLLAILLALLFVLTSLLILI
LLLLAILLALLFVLTSLLILI,LLLLAILAALLFVLTSLLILI,Left,void,,,,,,,,,,,3575.99,4563.95,59.8416,106.672,3639.74,4628.62,122.082,230.973,-19.5332,1.1e+16,7,L,22.9234,82.31156353,3469.318,3408.767,60.551,2.0,23594.72200394716,326.71544212558496,L,LLLLAILLALLFVLTSLLILI
LLLLFILLAVLLTLLLSLILI,LLLLFILLAVLATLLLSLILI,Left,void,,,,,,,,,,,3358.38,4154.43,59.9283,28.2201,3318.17,4217.06,121.594,65.4121,-10.64,1.1e+16,11,L,102.0477,21.66314316,3330.1599,3252.7579,77.402,2.0,20326.04807008123,387.08907284759977,L,LLLLFILLAVLLTLLLSLILI
LLLLFILLAVLLTLLLSLILI,LLLLFALLAVLLTLLLSLILI,Left,void,,,,,,,,,,,3265.09,4162.2,58.0355,102.026,3318.17,4217.06,112.303,212.039,-10.64,1.1e+16,5,I,28.2688,78.30396915,3163.064,3106.131,56.933,2.0,21920.65305189785,592.1861013276576,L,LLLLFILLAVLLTLLLSLILI
LLLFALLLVLISLLLTLLILI,LLLFALLLVLISLLATLLILI,Left,void,,,,,,,,,,,3387.35,4037.06,56.594,33.6139,3345.5,4075.5,111.74,70.7392,-11.8052,1.1e+17,14,L,96.2729,25.87938112,3353.7361,3274.7608,78.9753,2.0,21820.25991874103,602.4259638772974,L,LLLFALLLVLISLLLTLLILI
LLLLYYLTFLLAVLLILLILI,LLLLAYLTFLLAVLLILLILI,Left,void,,,,,,,,,,,3556.76,4272.17,63.6792,47.3007,3438.97,4380.4,166.904,103.293,-20.004,1.1e+16,4,Y,91.1745,34.15824639,3509.4593,3335.677,173.7823,2.0,22203.561349269763,499.3158699791817,L,LLLLYYLTFLLAVLLILLILI
LLLLYLLLAVLLSLLFTLILI,LLLLALLLAVLLSLLFTLILI,Left,void,,,,,,,,,,,3283.75,4171.19,60.1879,22.7848,3265.3,4326.04,172.674,150.264,-19.3482,1.1e+16,4,Y,115.6904,16.45406542,3260.9652,3115.036,145.9292,2.0,21130.62073808523,774.4394509263759,L,LLLLYLLLAVLLSLLFTLILI
LLLFSLLLLLVALLLTLLILI,LLLASLLLLLVALLLTLLILI,Left,void,,,,,,,,,,,3364.85,4040.44,52.6536,107.721,3412.56,4124.63,141.532,257.624,-11.7867,1.1e+17,3,F,62.0098,63.46579407,3257.129,3154.936,102.193,2.0,22443.178807834865,1100.6252794443049,L,LLLFSLLLLLVALLLTLLILI
LLLLILLLALLFVLTSLLILI,LLLLALLLALLFVLTSLLILI,Left,void,,,,,,,,,,,3686.35,4625.13,53.5634,20.9277,3650.15,4653.55,97.7039,50.6834,-16.6705,1.1e+16,4,I,117.5475,15.11295885,3665.4223,3599.4666,65.9557,2.0,21577.557384102474,879.2049420659143,L,LLLLAILLALLFVLTSLLILI
LLLLIVLTWLLALLFSLLILI,LLLLIVLTALLALLFSLLILI,Left,void,,,,,,,,,,,3696.43,4679.23,48.1134,15.3322,3677.17,4668.2,103.473,115.652,-15.6319,1.1e+16,8,W,115.9974,11.67459583,3681.0978,3561.518,119.5798,2.0,20245.769715281946,944.0706274056824,L,LLLLIVLTWLLALLFSLLILI
LLLAALLLLLVTLLFSLLILI,LLLAALLALLVTLLFSLLILI,Left,void,,,,,,,,,,,3669.66,4599.03,49.2206,10.4206,3645.79,4678.64,118.083,65.9846,-10.0078,1.1e+17,7,L,119.1748,8.040871821,3659.2394,3579.8054,79.434,2.0,20681.639034397514,673.5860919628055,L,LLLAALLLLLVTLLFSLLILI
LLLLALLLFVLTLLLSILILI,LLLLALLLFVLTALLSILILI,Left,void,,,,,,,,,,,3636.15,4691.36,49.8596,19.6413,3593.3,4773.36,115.642,51.727,-18.878,1.1e+16,12,L,110.1807,15.12940796,3616.5087,3541.573,74.9357,2.0,20610.600800319666,242.1712668384513,L,LLLLALLLFVLTLLLSILILI
LLLLALLLFVLTWLLSLLILI,LLLLALLLFVLTALLSLLILI,Left,void,,,,,,,,,,,3594.57,4726.15,38.6521,4.17707,3585.79,4730.69,101.176,107.597,-16.098,1.1e+16,12,W,125.64493,3.217536319,3590.39293,3478.193,112.19993,3.0,21938.828113181546,331.1710554578708,L,LLLLALLLFVLTWLLSLLILI
LLLLALLLFVLTWLLSLLILI,LLLLALLLFVLTWLLSALILI,Left,void,,,,,,,,,,,3601.58,4705.33,38.1254,60.504,3585.79,4730.69,87.5904,115.8,-16.098,1.1e+16,16,L,68.9588,46.73466046,3541.076,3469.99,71.086,3.0,22297.347301764003,538.9273763140584,L,LLLLALLLFVLTWLLSLLILI
LLLLYLLLFVLTALLLSLILI,LLLLALLLFVLTALLLSLILI,Left,void,,,,,,,,,,,3260.09,4151.56,55.6652,89.2059,3406.55,4308.03,168.34,310.359,-14.5487,1.1e+16,4,Y,49.2693,64.42012721,3170.8841,3096.191,74.6931,3.0,21449.91124284773,497.67222050806913,L,LLLLYLLLFVLTALLLSLILI
LLLLSYLLAVLFTLLLILILI,LLLLSYLLAVLFTLLLALILI,Left,void,,,,,,,,,,,3203.8,4171.67,56.198,112.386,3229.25,4198.32,97.0323,192.541,-14.2684,1.1e+16,16,I,17.0768,86.80949277,3091.414,3036.709,54.705,3.0,21471.36816932784,1130.6832575248145,L,LLLLSYLLAVLFTLLLILILI
LLLFLLLTILVALLLSLLILI,LLLFLLLTILVALLASLLILI,Left,void,,,,,,,,,,,3425.4,4079.47,56.9136,36.368,3368.67,4119.16,112.109,68.1001,-9.91551,1.1e+17,14,L,93.5188,27.99976595,3389.032,3300.5699,88.4621,3.0,21266.2682152044,709.0665439254132,L,LLLFLLLTILVALLLSLLILI
LLLLALLYVLTFLLASLLILI,LLLLALLAVLTFLLASLLILI,Left,void,,,,,,,,,,,3724.51,4613.77,62.1301,36.808,3721.44,4783.78,175.944,171.352,-12.8531,1.1e+17,7,Y,92.7874,28.40224267,3687.702,3550.088,137.614,3.0,21520.1603204302,689.9937744144472,L,LLLLALLYVLTFLLASLLILI
LLLFALLLLLVTLLYSLLILI,LLLAALLLLLVTLLYSLLILI,Left,void,,,,,,,,,,,3369.2,4122.9,54.8724,105.815,3449.49,4264.16,157.067,270.168,-17.4217,1.1e+17,3,F,63.9158,62.34283937,3263.385,3179.322,84.063,3.0,20955.72678009977,618.1980560131334,L,LLLAALLLLLVTLLFSLLILI
LLLLYLLLAVLTSLLFSLILI,LLLLYLLLAVLTSLLASLILI,Left,void,,,,,,,,,,,3338.22,4079.17,62.4231,28.4922,3344.34,4191.09,152.192,144.565,-24.3779,1.1e+16,15,F,101.2282,21.9643171,3309.7278,3199.775,109.9528,3.0,20263.98680209754,324.36757983831393,L,LLLLYLLLAVLTSLLFSLILI
LLLLAILLAVLFTLLSLLILI,LLLLAALLAVLFTLLSLLILI,Left,void,,,,,,,,,,,3580.14,4598.27,58.4016,106.983,3603.97,4635.32,104.041,188.471,-16.9599,1.1e+16,5,I,23.3118,82.10841876,3473.157,3415.499,57.658,3.0,20735.15318578888,226.52361925527904,L,LLLLAILLAVLFTLLSLLILI
LLLLLALLYVLTALLFSLILI,LLLLLALLAVLTALLFSLILI,Left,void,,,,,,,,,,,3341.96,4065.26,64.2203,45.6335,3359.19,4204.26,170.397,192.571,-10.0435,1.1e+16,8,Y,85.6961,34.74730754,3296.3265,3166.619,129.7075,3.0,23567.58812694838,181.19448102019055,L,LLLLLALLYVLTALLFSLILI
LLLFALLLVLITLLYSLLILI,LLLFALLLVLITLLASLLILI,Left,void,,,,,,,,,,,3436.7,4033.5,54.7857,42.9966,3374.2,4145.18,157.854,109.452,-17.2718,1.1e+17,14,Y,86.8902,33.10313288,3393.7034,3264.748,128.9554,3.0,21388.22033559765,505.9891875967109,L,LLLFALLLVLITLLYSLLILI
LLLFALLLVLITLLYSLLILI,LLLAALLLVLITLLYSLLILI,Left,void,,,,,,,,,,,3329.23,4058.8,53.0266,100.454,3374.2,4145.18,142.797,248.693,-17.2718,1.1e+17,3,F,69.2768,59.18430833,3228.776,3125.507,103.269,3.0,20980.43463903035,1072.6027016113733,L,LLLFALLLVLITLLYSLLILI
LLLLYALVFLLTSLLFLLILI,LLLLYALVFLLTSLLALLILI,Left,void,,,,,,,,,,,3387.62,4197.86,58.1423,19.2757,3357.04,4294.49,149.586,104.858,-19.8812,1.1e+16,15,F,110.4447,14.85942072,3368.3443,3252.182,116.1623,3.0,21677.75075462112,387.6153229360509,L,LLLLYALVFLLTSLLFLLILI
LLLSYLLVALLITLLFLLILI,LLLSALLVALLITLLFLLILI,Right,void,,,,,,,,,,,3355.69,4071.81,51.9613,55.832,3310.17,4149.87,144.915,117.509,-5.44671,1.1e+17,4,Y,82.6432,40.31913296,3299.858,3192.661,107.197,4.0,22941.34719661368,2338.419565352347,R,LLLSYLLVALLITLLFLLILI
LLLFALLTTLLAVLLSLLILI,LLLFALLTTLLAVLLSALILI,Right,void,,,,,,,,,,,3806.32,4617.19,41.7773,82.616,3797.5,4637.93,89.4236,154.981,-5.72533,1.1e+17,16,L,46.8468,63.81447026,3723.704,3642.519,81.185,4.0,21989.610798652106,1939.7497629969619,R,LLLFALLTTLLAVLLSLLILI
LLLSYLLVALLTILLWLLILI,LLLSALLVALLTILLWLLILI,Right,void,,,,,,,,,,,3448.01,4102.84,52.4452,57.8744,3404.7,4275.6,171.56,151.513,-10.6746,1.1e+17,4,Y,80.6008,41.7940541,3390.1356,3253.187,136.9486,4.0,24350.07652417833,2338.3395160379773,R,LLLSYLLVALLTILLWLLILI
LLLAYLLIALLVSLLTLLILI,LLLAALLIALLVSLLTLLILI,Right,void,,,,,,,,,,,3891.67,4623.92,51.1559,67.7783,3744.01,4736.72,150.958,107.083,-5.58676,1.1e+17,4,Y,70.6969,48.94616509,3823.8917,3636.927,186.9647,4.0,23365.631891351502,1989.9255257360971,R,LLLAYLLIALLVSLLTLLILI
LLLAYLLIALLVSLLTLLILI,LLLAYLLAALLVSLLTLLILI,Right,void,,,,,,,,,,,3715.31,4705.92,55.5948,111.72,3744.01,4736.72,100.883,201.088,-5.58676,1.1e+17,7,I,17.8754,86.20676351,3603.59,3542.922,60.668,4.0,22845.762554815698,1338.6391949090414,R,LLLAYLLIALLVSLLTLLILI
LLLLTLLIALLFVLLYSLILI,LLLLTLLIALLFVLLASLILI,Right,void,,,,,,,,,,,3426.89,4128.27,54.0674,68.1844,3434.77,4177.53,134.648,158.922,-7.45389,1.1e+17,15,Y,61.536,52.56258846,3358.7056,3275.848,82.8576,5.0,21949.324949042933,1529.3125798479023,R,LLLLTLLIALLFVLLYSLILI
LLLSYLLVALLTLLLSFLILI,LLLSALLVALLTLLLSFLILI,Right,void,,,,,,,,,,,3577.65,4046.07,52.5341,73.304,3548.36,4199.63,166.746,177.66,-15.869,1.1e+17,4,Y,65.1712,52.9365547,3504.346,3370.7,133.646,5.0,21714.480620250968,2131.245033233833,R,LLLSYLLVALLTLLLSFLILI
LLLYTLLIALLAVLLSLLILI,LLLYTLLIALLAVLLSALILI,Right,void,,,,,,,,,,,3487.23,4099.55,55.6942,109.175,3466.84,4144.8,109.256,167.664,-7.14993,1.1e+17,16,L,20.2878,84.32924361,3378.055,3299.176,78.879,5.0,21521.27501488144,2595.525781416948,R,LLLYTLLIALLAVLLSLLILI
LLLAYLLIALLLTLLFVLILI,LLLAALLIALLLTLLFVLILI,Right,void,,,,,,,,,,,3906.48,4547.25,51.4639,79.7108,3844.78,4612.65,140.561,131.989,-11.9189,1.1e+17,4,Y,58.7644,57.56323154,3826.7692,3712.791,113.9782,5.0,22159.005702427225,1379.4108601230264,R,LLLAYLLIALLLTLLFVLILI
LLLAYLLVLLLTLLLSFLILI,LLLAALLVLLLTLLLSFLILI,Right,void,,,,,,,,,,,3983.22,4693.47,45.7168,64.6111,3912.71,4826.01,150.511,141.14,-10.2102,1.1e+17,4,Y,73.8641,46.65896854,3918.6089,3771.57,147.0389,5.0,21021.57572285609,2716.431382523855,R,LLLAYLLVLLLTLLLSFLILI
LLLAYLLVLLLTLLLSFLILI,LLLAYLLVLLLTALLSFLILI,Right,void,,,,,,,,,,,3908.75,4768.08,54.6069,91.0375,3912.71,4826.01,112.963,166.94,-10.2102,1.1e+17,12,L,38.7845,70.12486327,3817.7125,3745.77,71.9425,5.0,22352.12312356809,763.7328760577195,R,LLLAYLLVLLLTLLLSFLILI
LLLFILLTALLAVLLSLLILI,LLLFALLTALLAVLLSLLILI,Right,void,,,,,,,,,,,3943.64,4613.73,56.1814,49.0031,3861.17,4648.05,101.409,61.7946,-7.71969,1.1e+17,4,I,102.9404,21.61675662,3894.6369,3799.3754,95.2615,5.0,22153.291427846176,1258.2676176770055,R,LLLFALLTTLLAVLLSLLILI
