Sequence,Segments,Fluorescence,FluorStdDev,Rep1-Fluor,Rep2-Fluor,Rep3-Fluor,Sample,Average Percent GpA,LB-12H_M9-24H,LB-12H_M9-36H,LB-24H_M9-24H,LB-24H_M9-36H,LB-36H_M9-24H,LB-36H_M9-36H,Rep1-Fluor_transformed,Rep2-Fluor_transformed,Rep3-Fluor_transformed,PercentGpA_transformed,std_adjusted,Percent GpA,Type,Mutant Type,mean_transformed,percent_wt,wt_seq,position,wt_aa,mut_aa,mut_position
LLLSSLLALLLIVLLGTLILI,6.0,18817.82553987882,1442.9263344343112,18502.84850965544,20392.22213578749,17558.40597419353,G,10.540841344013945,99999900.0,99999900.0,99999900.0,99999900.0,99999900.0,99999900.0,0.2441608368703142,0.2492675521026101,0.2545531710437219,0.2493271866722154,0.0051964237321799,23.20135828273068,Mutant,clash,,41.990030593727795,LLLSSLLALLLGVLLGTLILI,G11I,G,I,11
LLLSSLLALLLGVLLITLILI,6.0,18341.25837135096,1373.8404556709927,17867.25531824239,19889.339005690537,17267.180790119935,G,4.37767672197705,99999900.0,99999900.0,99999900.0,99999900.0,99999900.0,99999900.0,0.170699359763698,0.1813020942357535,0.2162583685800644,0.1894199408598386,0.0238396811312896,19.71096203788049,Mutant,clash,,29.356351455391383,LLLSSLLALLLGVLLGTLILI,G15I,G,I,15
LLLYILLGLLLITLLASLILI,7.0,17922.5381384147,1639.0090492024458,17266.491307480865,19787.94653497248,16713.17657279075,G,-1.5487317961919589,99999900.0,99999900.0,99999900.0,99999900.0,99999900.0,99999900.0,0.1012634183167476,0.1675987399488918,0.1434093046018169,0.1374238209558188,0.0335702730830028,13.07110276215148,Mutant,clash,,33.08147689279327,LLLYILLGLLLGTLLASLILI,G11I,G,I,11
LLLYILLILLLGTLLASLILI,7.0,19512.72680424004,1626.6410777720555,18215.83167549456,21337.82574632524,18984.522990900325,G,20.737755805785287,99999900.0,99999900.0,99999900.0,99999900.0,99999900.0,99999900.0,0.210987604562637,0.3770673896878558,0.4420811474396299,0.3433787138967076,0.1191731997861975,40.29367636526446,Mutant,clash,,68.92697956504118,LLLYILLGLLLGTLLASLILI,G7I,G,I,7
LLLTYLLIVLLGILLALLILI,6.0,20142.29132316837,1403.005169353494,19884.37746006471,21656.359742885263,18886.13676655514,G,28.38685947879668,99999900.0,99999900.0,99999900.0,99999900.0,99999900.0,99999900.0,0.4038371183877226,0.4201177678506467,0.4291438012467548,0.4176995624950414,0.0128254760998692,39.11449638091037,Mutant,clash,,43.51791303086779,LLLTYLLGVLLGILLALLILI,G7I,G,I,7
LLLTYLLGVLLIILLALLILI,6.0,19141.217270716126,1456.2142861597345,18478.854653099268,20810.874156180143,18133.923002868964,G,15.180738935376356,99999900.0,99999900.0,99999900.0,99999900.0,99999900.0,99999900.0,0.241387641424054,0.3058490410210899,0.3302310730002616,0.2924892518151352,0.0459037232616236,30.099053212948075,Mutant,clash,,26.012186368992378,LLLTYLLGVLLGILLALLILI,G11I,G,I,11
LLLTYLLAVLLGILLILLILI,6.0,19778.63205837162,1558.1361441948209,19962.97428097521,21236.396978837096,18136.52491530255,G,23.0182894350807,99999900.0,99999900.0,99999900.0,99999900.0,99999900.0,99999900.0,0.4129212914688301,0.3633591298345706,0.3305732127880307,0.3689512113638105,0.0414578707542612,30.13023769109172,Mutant,clash,,42.79322736774549,LLLTYLLAVLLGILLGLLILI,G15I,G,I,15
LLLSSLLALLLGVLLGTLILI,0.0,21706.8537033864,1276.695389279026,21421.29698258072,23102.14718801263,20597.11693956584,G,49.66933466000111,99999900.0,99999900.0,99999900.0,99999900.0,99999900.0,99999900.0,0.5814733483589921,0.6155182492056079,0.6541300020559578,0.6170405332068527,0.0363522398628411,59.62096044200089,WT,,,100.0,LLLSSLLALLLGVLLGTLILI,-1-1-1,-,1,1-1-
LLLSSLLFLLLGVLLGTLILI,1.0,19384.14199979993,1360.3849704935046,18706.22345811565,20950.27978498915,18495.922756294985,G,18.641110037549343,99999900.0,99999900.0,99999900.0,99999900.0,99999900.0,99999900.0,0.2676667905561208,0.3246899343105396,0.3778324131571589,0.3233963793412731,0.0550942017286072,34.43769783949101,WT,,,46.03251229166702,LLLSSLLALLLGVLLGTLILI,A7F,A,F,7
LLLYILLGLLLGTLLASLILI,1.0,19513.786063108124,1470.6593443075851,19038.77654879548,21163.24456525172,18339.33707527718,G,19.985550565202427,99999900.0,99999900.0,99999900.0,99999900.0,99999900.0,99999900.0,0.3061030758841593,0.3534724643533932,0.3572421000553264,0.3389392134309597,0.0284993242915619,32.560984893938404,WT,,,100.0,LLLYILLGLLLGTLLASLILI,-1-1-1,-,1,1-1-
