,Unnamed: 0,Total,Dimer,Monomer,DimerDiff,VDWDimer,VDWDiffWrong,HBONDDimer,HBONDDiffWrong,IMM1Dimer,IMM1DiffWrong,SequenceProbability,DimerSasa,MonomerSasa,startXShift,xShift,xShiftDiff,startCrossingAngle,crossingAngle,crossingAngleDiff,startAxialRotation,axialRotation,axialRotationDiff,startZShift,zShift,zShiftDiff,StartSequence,Sequence,Interface,BackboneLength,runNumber,DesignDir,SegmentNumber,Fluorescence,FluorStdDev,PercentGpa,PercentGpaStdDev,MaltosePercentDiff,VDWDiff,HBONDDiff,IMM1Diff
46,48,-47.1076,-420.885,-373.777,-30.5966,-98.073,-20.1164,-84.4964,-5.27075,-238.315,-5.20924,2.77007e-05,3530.38,0.0,6.81485,6.73122,0.083634,-25.2206,-26.9634,1.7428,84.503,83.5434,0.959563,5.85675,7.21983,-1.36308,LLLGLLLGALTGLLWTLLILI,LLLGLLLGALTGLLWTLLILI,L--GL--GA-TG--WT--IL-,21,112,/data02/gloiseau/Sequence_Design_Project/vdwSequenceDesign/sequenceDesign/12_06_2021/design_1521/LLLGLLLGALTGLLWTLLILI/backboneOptimization/LLLGLLLGALTGLLWTLLILI.pdb,14,99310.23618412396,18359.08265771699,78.508568836555,14.513562347561868,-100.0,-73.30279999999999,-3.7761,29.97199999999998
3,4,-40.5341,-400.491,-359.957,-35.0071,-45.2965,-4.69789,-116.196,-25.461,-238.998,-4.84846,0.000166204,3927.33,0.0,7.23427,6.61788,0.616389,-56.1803,-51.4742,-4.70605,97.2033,103.286,-6.08266,3.20524,4.36751,-1.16227,LLLAILFGLLTGYLSTLLILI,LLLAILFGLLTGYLSTLLILI,L--AI-FGL-TGY-ST-----,21,1343,/data02/gloiseau/Sequence_Design_Project/vdwSequenceDesign/sequenceDesign/12_06_2021/design_1742/LLLAILFGLLTGYLSTLLILI/backboneOptimization/LLLAILFGLLTGYLSTLLILI.pdb,13,109049.88177079135,13223.366741544767,86.20813401095306,10.453580999997069,-100.0,-50.19728,-20.19409999999999,29.858000000000004
76,78,-40.3248,-410.693,-370.368,-26.9458,-77.6817,-6.98073,-90.6551,-12.954,-242.356,-7.01095,3.68128e-05,3845.92,0.0,6.96621,6.36419,0.602024,-60.5534,-50.4597,-10.0937,12.2576,16.428,-4.17038,2.69573,3.70806,-1.01233,LLLLLLGTYIGVLVTLLLILI,LLLLLLGTYIGVLVTLLLILI,L-L---GTYIGV-VT-----I,21,228,/data02/gloiseau/Sequence_Design_Project/vdwSequenceDesign/sequenceDesign/12_06_2021/design_640/LLLLLLGTYIGVLVTLLLILI/backboneOptimization/LLLLLLGTYIGVLVTLLLILI.pdb,13,115912.6620253643,11679.916996549984,91.63342627415304,9.233424496431551,-100.0,-60.39810000000001,-9.776899999999998,29.851
49,51,-40.1052,-392.883,-352.778,-19.6462,-72.5553,-11.4795,-80.7598,-3.89495,-239.568,-4.27108,3.90351e-05,3601.07,0.0,7.58831,7.16402,0.424287,-33.9766,-28.3143,-5.66233,86.8177,87.2585,-0.440787,4.01938,5.66971,-1.65033,LLLGLLVGYLSGLLFTLLILI,LLLGLLVGYLSGLLFTLLILI,L--GL-VGY-SG--FT--I--,21,37,/data02/gloiseau/Sequence_Design_Project/vdwSequenceDesign/sequenceDesign/12_06_2021/design_290/LLLGLLVGYLSGLLFTLLILI/backboneOptimization/LLLGLLVGYLSGLLFTLLILI.pdb,14,134206.49307212757,11300.981947169394,106.09540470864516,8.933861736821125,-100.0,-70.8848,1.5559000000000085,29.22399999999996
116,118,-39.523,-380.531,-341.008,-13.04,-63.7985,-6.15774,-70.9079,-5.19733,-245.825,-1.68452,3.14356e-05,3827.84,0.0,7.16763,6.52285,0.644781,-48.7699,-49.5548,0.784887,21.9866,17.7962,4.19039,3.53932,3.84618,-0.306857,LLLYLLGILYGFLVTLLLILI,LLLYLLGILYGFLVTLLLILI,L-LY--GI-YGF-VT---I--,21,2,/data02/gloiseau/Sequence_Design_Project/vdwSequenceDesign/sequenceDesign/12_06_2021/design_701/LLLYLLGILYGFLVTLLLILI/backboneOptimization/LLLYLLGILYGFLVTLLLILI.pdb,13,106032.30582821045,13550.424239495094,83.8226239395802,10.712132555989132,-100.0,-71.0553,-3.9131,35.44499999999999
73,75,-39.4974,-412.03,-372.533,-26.9254,-86.295,-7.311,-90.4184,-12.7173,-235.317,-6.89691,0.000110438,3821.2,0.0,6.96621,6.35232,0.613887,-60.5534,-50.6541,-9.89927,12.2576,15.8782,-3.62056,2.69573,3.6848,-0.989065,LLLLLLGTAIGVLVTLLLILI,LLLLLLGTAIGVLVTLLLILI,L-L---GTAIGV-VT-----I,21,274,/data02/gloiseau/Sequence_Design_Project/vdwSequenceDesign/sequenceDesign/12_06_2021/design_640/LLLLLLGTAIGVLVTLLLILI/backboneOptimization/LLLLLLGTAIGVLVTLLLILI.pdb,14,125871.44584557608,24234.70896726351,99.50622866712988,19.15847137512341,-100.0,-59.88420000000001,-9.5843,29.971000000000004
13,15,-39.3683,-417.488,-378.12,-20.2853,-77.95,-10.7011,-101.39,-6.09263,-238.149,-3.4916,0.000194634,3776.04,0.0,6.96723,6.43932,0.527906,-44.0364,-44.839,0.802581,36.2106,25.7382,10.4724,3.06672,4.02095,-0.954228,LLLALLGSLLGTLLTFLLILI,LLLALLGSLLGTLLTFLLILI,L-LA--GS--GT--TF--I-I,21,56,/data02/gloiseau/Sequence_Design_Project/vdwSequenceDesign/sequenceDesign/12_06_2021/design_999/LLLALLGSLLGTLLTFLLILI/backboneOptimization/LLLALLGSLLGTLLTFLLILI.pdb,14,74045.74221466962,12102.984175414937,58.53601273222545,9.567875405125651,-100.0,-63.3992,-5.253699999999995,29.283000000000012
4,6,-38.3937,-402.981,-364.587,-29.5337,-80.5631,-17.314,-78.2943,-8.34419,-244.123,-3.87636,5.22474e-05,3697.77,0.0,7.85868,7.25845,0.600225,-39.7445,-30.2947,-9.44977,90.689,89.3314,1.35756,3.68886,4.71847,-1.02961,LLLAILLGFLWGLLTTLLILI,LLLAILLGFLWGLLTTLLILI,L--AI--GF-WG--TT--I-I,21,680,/data02/gloiseau/Sequence_Design_Project/vdwSequenceDesign/sequenceDesign/12_06_2021/design_678/LLLAILLGFLWGLLTTLLILI/backboneOptimization/LLLAILLGFLWGLLTTLLILI.pdb,14,137506.70106099948,8015.926041677682,108.70434630444332,6.336898446853066,-100.0,-70.86755000000001,2.473999999999989,30.0
77,79,-38.307,-408.68,-370.373,-21.854,-97.7458,-6.90522,-76.3363,-11.6205,-234.598,-3.32895,0.000167105,3815.3,0.0,6.9148,6.55858,0.356216,-54.4022,-49.3007,-5.10155,23.5199,17.3039,6.21596,3.4243,3.88819,-0.463886,LLLLLLGVLIGVLATLLLILI,LLLLLLGVLIGVLATLLLILI,L-LL--GV-IGV-AT-----I,21,116,/data02/gloiseau/Sequence_Design_Project/vdwSequenceDesign/sequenceDesign/12_06_2021/design_535/LLLLLLGVLIGVLATLLLILI/backboneOptimization/LLLLLLGVLIGVLATLLLILI.pdb,14,152990.63422934452,15646.316752502316,120.94499218060292,12.36901635723572,-100.0,-60.537000000000006,-9.29209999999999,31.52199999999999
75,77,-37.9512,-420.337,-382.386,-24.2342,-91.3809,-5.38765,-90.1313,-12.4984,-238.825,-6.34803,6.52297e-05,3771.28,0.0,6.96621,6.42929,0.536916,-60.5534,-50.6973,-9.85614,12.2576,17.4324,-5.17483,2.69573,3.56786,-0.872126,LLLLLLGTVIGLLVTLLLILI,LLLLLLGTVIGLLVTLLLILI,L-L---GTVIGL-VT-----I,21,207,/data02/gloiseau/Sequence_Design_Project/vdwSequenceDesign/sequenceDesign/12_06_2021/design_640/LLLLLLGTVIGLLVTLLLILI/backboneOptimization/LLLLLLGTVIGLLVTLLLILI.pdb,14,109197.32790961508,29334.30192196463,86.32469586584651,23.18989612956949,-100.0,-59.168,-9.2753,30.49200000000002
65,67,-37.1864,-387.137,-349.951,-31.5384,-81.6066,-19.6856,-68.0091,-5.95638,-237.522,-5.89579,9.30805e-05,3903.55,0.0,7.48016,6.39761,1.08255,-61.5348,-54.8075,-6.72727,17.8872,20.0271,-2.13989,1.69228,2.76661,-1.07433,LLLLLIGVLFGILGTLLLILI,LLLLLIGVLFGILGTLLLILI,L-L--IGV-FGI-GT-----I,21,1316,/data02/gloiseau/Sequence_Design_Project/vdwSequenceDesign/sequenceDesign/12_06_2021/design_3029/LLLLLIGVLFGILGTLLLILI/backboneOptimization/LLLLLIGVLFGILGTLLLILI.pdb,14,121120.69159212704,12594.20607608043,95.75057434927132,9.956205247891504,-100.0,-65.8659,-1.0103000000000009,29.68900000000002
10,12,-37.0572,-387.194,-350.137,-16.2872,-69.8845,-0.803505,-76.3951,-13.6827,-240.915,-1.8016,0.000118584,3899.65,0.0,7.16763,6.51731,0.650321,-48.7699,-49.3247,0.554828,21.9866,16.127,5.8596,3.53932,4.00046,-0.461142,LLLALLGILYGFLITLLLILI,LLLALLGILYGFLITLLLILI,L-LA--GI-YGF-IT---I--,21,32,/data02/gloiseau/Sequence_Design_Project/vdwSequenceDesign/sequenceDesign/12_06_2021/design_701/LLLALLGILYGFLITLLLILI/backboneOptimization/LLLALLGILYGFLITLLLILI.pdb,14,103182.65905048422,13195.812326029776,81.56986834453559,10.431798172663951,-100.0,-59.91013,-9.390699999999995,32.24300000000002
9,11,-36.9339,-398.339,-361.405,-15.0129,-77.4246,2.04595,-76.6371,-13.9247,-244.277,-3.13418,0.000118584,3869.85,0.0,7.16763,6.54167,0.625957,-48.7699,-48.4446,-0.325325,21.9866,15.5227,6.46391,3.53932,4.20853,-0.669208,LLLALLGILWGFLITLLLILI,LLLALLGILWGFLITLLLILI,L-LA--GI-WGF-IT---I--,21,16,/data02/gloiseau/Sequence_Design_Project/vdwSequenceDesign/sequenceDesign/12_06_2021/design_701/LLLALLGILWGFLITLLLILI/backboneOptimization/LLLALLGILWGFLITLLLILI.pdb,13,84266.1942376879,10808.026168536657,66.6156739234664,8.544161196703461,-100.0,-58.1388,-9.65700000000001,30.862000000000023
61,63,-35.311,-385.019,-349.708,-28.325,-83.3478,-17.3933,-68.5854,-6.53273,-233.086,-4.39871,0.000282921,3795.73,0.0,7.48016,6.44096,1.0392,-61.5348,-56.3116,-5.22316,17.8872,21.1166,-3.22935,1.69228,2.44398,-0.7517,LLLLLAGFLAGILVTLLLILI,LLLLLAGFLAGILVTLLLILI,L-L--AGF-AGI-VT-----I,21,1013,/data02/gloiseau/Sequence_Design_Project/vdwSequenceDesign/sequenceDesign/12_06_2021/design_3029/LLLLLAGFLAGILVTLLLILI/backboneOptimization/LLLLLAGFLAGILVTLLLILI.pdb,13,136081.5098745627,3928.94794777112,107.57767774876515,3.105984763151145,-100.0,-64.73160000000001,-1.630500000000012,31.050999999999988
72,74,-35.3081,-399.18,-363.872,-8.31608,-92.2511,-3.13769,-68.6633,-2.07441,-238.266,-3.10368,0.000167105,3832.39,0.0,6.80647,6.53676,0.269713,-55.5288,-52.6586,-2.87017,21.5808,21.2807,0.300137,2.61442,3.17368,-0.559261,LLLLLLGILAGFLLTLLLILI,LLLLLLGILAGFLLTLLLILI,L-LL--GI-AGF-LT-----I,21,1,/data02/gloiseau/Sequence_Design_Project/vdwSequenceDesign/sequenceDesign/12_06_2021/design_1332/LLLLLLGILAGFLLTLLLILI/backboneOptimization/LLLLLLGILAGFLLTLLLILI.pdb,13,108111.0442856587,20275.94316550638,85.46594679883908,16.028914449301354,-100.0,-65.28909999999999,-1.7053000000000085,31.686000000000007
62,64,-34.9091,-387.406,-352.497,-28.2891,-82.6116,-16.803,-68.5997,-6.56231,-236.195,-4.92376,0.000250658,3944.74,0.0,7.48016,6.59835,0.881807,-61.5348,-55.2165,-6.31828,17.8872,22.0453,-4.15813,1.69228,2.52935,-0.837075,LLLLLAGFLIGVLVTLLLILI,LLLLLAGFLIGVLVTLLLILI,L-L--AGF-IGV-VT-----I,21,1106,/data02/gloiseau/Sequence_Design_Project/vdwSequenceDesign/sequenceDesign/12_06_2021/design_3029/LLLLLAGFLIGVLVTLLLILI/backboneOptimization/LLLLLAGFLIGVLVTLLLILI.pdb,14,145108.18002953913,18518.43129227025,114.71360836837368,14.639533584017707,-100.0,-63.911,-1.562899999999999,30.565
12,14,-34.0558,-392.479,-358.423,-23.5118,-79.3318,-5.59141,-80.4127,-13.9998,-232.734,-3.92033,0.00015,3860.88,0.0,7.49379,6.47546,1.01833,-49.0806,-45.2373,-3.84329,11.0577,7.01419,4.04351,4.49541,5.55096,-1.05555,LLLALLGLLSGFLVALLLILI,LLLALLGLLSGFLVALLLILI,L-LA--GL-SGF-VA-----I,21,452,/data02/gloiseau/Sequence_Design_Project/vdwSequenceDesign/sequenceDesign/12_06_2021/design_1041/LLLALLGLLSGFLVALLLILI/backboneOptimization/LLLALLGLLSGFLVALLLILI.pdb,13,75196.79214498283,6025.57999832046,59.44596206031649,4.763453197324442,-4.310471146884582,-52.9746,-11.930899999999994,30.849000000000014
0,1,-33.3696,-393.261,-359.891,-23.1216,-77.8122,-14.865,-78.5904,-8.64034,-236.858,0.384026,4.68992e-05,3708.57,0.0,7.85868,7.26946,0.589222,-39.7445,-29.9582,-9.78633,90.689,90.0269,0.662059,3.68886,4.80182,-1.11296,LLLAALLGFLWGLLTTLLILI,LLLAALLGFLWGLLTTLLILI,L--AA--GF-WG--TT--I-I,21,483,/data02/gloiseau/Sequence_Design_Project/vdwSequenceDesign/sequenceDesign/12_06_2021/design_678/LLLAALLGFLWGLLTTLLILI/backboneOptimization/LLLAALLGFLWGLLTTLLILI.pdb,13,132460.91919105407,9780.975606318956,104.71546128622222,7.732238147673587,-100.0,-69.58558000000001,2.1769000000000034,34.03899999999999
5,7,-31.7985,-407.172,-375.374,-25.4215,-72.787,-14.1739,-95.2067,-4.43011,-239.179,-6.81777,0.000294502,3912.78,0.0,7.23427,6.771,0.463271,-56.1803,-46.1702,-10.0101,97.2033,98.1659,-0.962553,3.20524,4.98227,-1.77703,LLLAILLGLLFGTLSTLLILI,LLLAILLGLLFGTLSTLLILI,L--AI-LGL-FGT-ST-----,21,1168,/data02/gloiseau/Sequence_Design_Project/vdwSequenceDesign/sequenceDesign/12_06_2021/design_1742/LLLAILLGLLFGTLSTLLILI/backboneOptimization/LLLAILLGLLFGTLSTLLILI.pdb,13,89187.86475764222,23725.21618727853,70.5064441366224,18.755697698147973,,-60.6902,0.8602999999999952,28.030999999999977
23,25,-31.1921,-397.708,-366.516,-9.33214,-96.227,-3.49026,-60.1557,-2.21419,-241.325,-3.6275,0.000377228,3876.08,0.0,7.65691,7.45203,0.204883,-43.6045,-39.0638,-4.54075,49.0525,42.9155,6.13701,2.19687,3.11016,-0.913286,LLLALLVGLLFALLTLLLILI,LLLALLVGLLFALLTLLLILI,L-LA--VG--FA--TL--I-I,21,18,/data02/gloiseau/Sequence_Design_Project/vdwSequenceDesign/sequenceDesign/12_06_2021/design_2821/LLLALLVGLLFALLTLLLILI/backboneOptimization/LLLALLVGLLFALLTLLLILI.pdb,14,80946.96886841096,9756.56288762693,63.991698355582514,7.712938952751052,-100.0,-66.8389,6.986299999999993,28.661
33,35,-31.0441,-392.084,-361.04,-7.93806,-58.6402,-6.64129,-95.5197,-2.55803,-237.924,1.26086,5.15959e-05,3888.83,0.0,7.10357,7.08739,0.01618,-48.4785,-48.5629,0.0844036,25.6271,29.0724,-3.44531,2.98905,2.7402,0.248848,LLLFLLAVLTGTLFTLLLILI,LLLFLLAVLTGTLFTLLLILI,L-LF--AV-TGT-FT---I--,21,6,/data02/gloiseau/Sequence_Design_Project/vdwSequenceDesign/sequenceDesign/12_06_2021/design_389/LLLFLLAVLTGTLFTLLLILI/backboneOptimization/LLLFLLAVLTGTLFTLLLILI.pdb,13,51605.49782394036,2489.2778022278094,40.79613475839455,1.9678700323215248,-87.08619131593127,-64.8057,-0.8538000000000068,34.616000000000014
70,72,-30.4657,-414.163,-383.697,-10.1697,-93.749,-2.07705,-86.1507,-4.06846,-234.263,-4.0241,0.000132178,3854.45,0.0,6.50248,6.48587,0.0166091,-49.8824,-52.2677,2.38533,40.854,39.2257,1.62834,0.779247,1.61336,-0.834116,LLLLLLATLVGALVSLLLILI,LLLLLLATLVGALVSLLLILI,L--L--AT-VGA-VSL--I--,21,39,/data02/gloiseau/Sequence_Design_Project/vdwSequenceDesign/sequenceDesign/12_06_2021/design_1869/LLLLLLATLVGALVSLLLILI/backboneOptimization/LLLLLLATLVGALVSLLLILI.pdb,13,69834.9145122399,8846.655755445176,55.20719116017562,6.993622299537982,139.1870805326964,-57.7218,-3.734200000000001,30.98999999999998
113,115,-30.2791,-403.514,-373.235,-20.2841,-81.325,-10.5122,-81.9579,-8.82634,-240.231,-0.945116,8.31021e-05,3945.86,0.0,7.43856,7.17604,0.262522,-54.3304,-50.23,-4.10039,31.1171,26.8277,4.28939,3.10896,3.2537,-0.144742,LLLYLLATLLGILVTVLLILI,LLLYLLATLLGILVTVLLILI,L-LY--AT--GI-VTV----I,21,519,/data02/gloiseau/Sequence_Design_Project/vdwSequenceDesign/sequenceDesign/12_06_2021/design_720/LLLYLLATLLGILVTVLLILI/backboneOptimization/LLLYLLATLLGILVTVLLILI.pdb,13,48886.69967009396,8017.526446698456,38.64682004305938,6.338163628697028,-100.0,-65.1137,-1.0912000000000006,35.92599999999999
29,31,-30.0867,-401.517,-371.43,-21.2017,-75.2553,-13.0098,-93.8145,-8.60251,-232.447,0.410132,0.000194634,3668.31,0.0,7.85868,7.28378,0.574901,-39.7445,-29.8366,-9.9079,90.689,90.3267,0.362281,3.68886,4.83505,-1.14619,LLLASLLGFLVGLLTTLLILI,LLLASLLGFLVGLLTTLLILI,L--AS--GF-VG--TT--I-I,21,677,/data02/gloiseau/Sequence_Design_Project/vdwSequenceDesign/sequenceDesign/12_06_2021/design_678/LLLASLLGFLVGLLTTLLILI/backboneOptimization/LLLASLLGFLVGLLTTLLILI.pdb,14,110358.30815198662,20628.75320807058,87.24249548830554,16.307824384240238,-100.0,-66.44178000000001,2.239699999999999,34.11500000000001
1,2,-29.9777,-385.779,-355.801,-19.1177,-90.1712,-11.6088,-62.674,-6.45537,-232.934,-1.05357,0.000177876,3676.5,0.0,7.85868,7.37174,0.486938,-39.7445,-32.2707,-7.4738,90.689,88.5748,2.11422,3.68886,4.79409,-1.10523,LLLAFLLGILAGLLLTLLILI,LLLAFLLGILAGLLLTLLILI,L--AF--GI-AG--LT--I-I,21,424,/data02/gloiseau/Sequence_Design_Project/vdwSequenceDesign/sequenceDesign/12_06_2021/design_678/LLLAFLLGILAGLLLTLLILI/backboneOptimization/LLLAFLLGILAGLLLTLLILI.pdb,13,27091.0,0.0,21.41647950980425,0.0,-100.0,-66.9367,4.351999999999997,32.60600000000002
11,13,-26.1108,-413.02,-386.909,-20.8748,-92.4855,-13.6821,-81.4605,-3.63157,-239.074,-3.56081,9.25787e-05,3845.62,0.0,7.45773,6.82114,0.636594,-41.2828,-41.1122,-0.170575,28.5615,25.3074,3.25407,3.50519,4.39535,-0.890159,LLLALLGLLLGTLLTILLILI,LLLALLGLLLGTLLTILLILI,L-LA--GL--GT--TI--I-I,21,1418,/data02/gloiseau/Sequence_Design_Project/vdwSequenceDesign/sequenceDesign/12_06_2021/design_2865/LLLALLGLLLGTLLTILLILI/backboneOptimization/LLLALLGLLLGTLLTILLILI.pdb,13,56610.33785984219,1994.7369897667704,44.75265367902279,1.5769164618799107,-75.90595828210368,-54.77,-0.6461999999999932,29.305000000000007
66,68,-25.3108,-380.066,-354.755,-14.1808,-67.8904,-0.591408,-73.481,-9.71602,-238.694,-3.87333,0.000188614,3923.31,0.0,6.77583,6.97822,-0.202394,-61.2743,-51.2394,-10.0349,36.1003,42.5973,-6.49704,1.87454,2.36906,-0.494517,LLLLLISALLGALLFFLLILI,LLLLLISALLGALLFFLLILI,L----ISA-LGA-LFF----I,21,397,/data02/gloiseau/Sequence_Design_Project/vdwSequenceDesign/sequenceDesign/12_06_2021/design_2730/LLLLLISALLGALLFFLLILI/backboneOptimization/LLLLLISALLGALLFFLLILI.pdb,14,51166.3786234868,6119.5348805272615,40.44899410803556,4.83772815246187,-80.0362558608452,-51.9859,-4.9025999999999925,31.578000000000003
69,71,-24.9083,-414.124,-389.216,-2.28231,-100.361,0.444316,-83.1365,-1.63338,-230.627,-1.09415,0.000332408,3863.4,0.0,6.96723,6.87316,0.0940719,-44.0364,-42.9583,-1.07808,36.2106,33.6212,2.58942,3.06672,3.21916,-0.152444,LLLLLLASLLGALLTVLLILI,LLLLLLASLLGALLTVLLILI,L-LL--AS--GA--TV--I-I,21,12,/data02/gloiseau/Sequence_Design_Project/vdwSequenceDesign/sequenceDesign/12_06_2021/design_999/LLLLLLASLLGALLTVLLILI/backboneOptimization/LLLLLLASLLGALLTVLLILI.pdb,13,67942.18909895509,7677.593595753737,53.71091878073963,6.069433609983546,-89.08139090043825,-59.5637,-0.7099999999999937,35.36500000000001
6,8,-24.3319,-415.307,-390.975,-15.7979,-98.9944,-13.9168,-76.933,0.895856,-239.379,-2.77744,0.000104495,3813.55,0.0,7.45773,7.09281,0.364921,-41.2828,-40.1009,-1.18193,28.5615,29.4118,-0.850302,3.50519,4.09496,-0.589772,LLLALLALLLGTLLTILLILI,LLLALLALLLGTLLTILLILI,L-LA--AL--GT--TI--I-I,21,716,/data02/gloiseau/Sequence_Design_Project/vdwSequenceDesign/sequenceDesign/12_06_2021/design_2865/LLLALLALLLGTLLTILLILI/backboneOptimization/LLLALLALLLGTLLTILLILI.pdb,14,50880.276362696,8805.180994015396,40.22281924531603,6.960834902308832,-55.82596013410807,-58.3542,3.894199999999998,30.12800000000001
7,9,-24.2959,-404.469,-380.173,-16.9929,-69.9977,-8.59943,-94.5083,-3.04244,-239.963,-5.35085,0.000219686,3788.74,0.0,7.16296,7.43225,-0.269289,-35.213,-36.126,0.912952,31.8515,27.917,3.93452,4.55847,5.7029,-1.14443,LLLALLFALLGTLLSTLLILI,LLLALLFALLGTLLSTLLILI,L-LA--FA--GT--ST--I-I,21,948,/data02/gloiseau/Sequence_Design_Project/vdwSequenceDesign/sequenceDesign/12_06_2021/design_2358/LLLALLFALLGTLLSTLLILI/backboneOptimization/LLLALLFALLGTLLSTLLILI.pdb,14,52168.65069458703,8945.99595546061,41.24132880494476,7.072154555937908,-87.71806636899863,-53.25909999999999,1.6450999999999991,27.31800000000001
34,36,-23.0829,-405.762,-382.679,-5.39592,-89.0869,-1.21112,-79.9223,-2.60063,-236.753,-1.58367,0.000589004,3859.41,0.0,7.34738,7.1331,0.214282,-53.6122,-53.9067,0.29455,43.2754,40.0606,3.21479,1.46415,1.79256,-0.328406,LLLFLLLSLLGALLTVLLILI,LLLFLLLSLLGALLTVLLILI,L--F--LS--GA-LTV--I-I,21,81,/data02/gloiseau/Sequence_Design_Project/vdwSequenceDesign/sequenceDesign/12_06_2021/design_2058/LLLFLLLSLLGALLTVLLILI/backboneOptimization/LLLFLLLSLLGALLTVLLILI.pdb,13,62753.77061214055,35797.50005740251,49.60927402007546,28.299303328839,-100.0,-59.9666,2.5585999999999984,34.311000000000035
35,37,-22.7379,-397.589,-374.851,-12.9849,-89.6648,-1.67916,-69.9174,-7.80805,-238.007,-3.49766,0.00033421,3863.63,0.0,7.72097,7.2959,0.42507,-49.7018,-51.3777,1.67589,36.3528,39.5969,-3.24413,0.824241,1.45588,-0.631638,LLLFLLLVLLGALVSLLLILI,LLLFLLLVLLGALVSLLLILI,L--F--LV--GA-VSL--I-I,21,557,/data02/gloiseau/Sequence_Design_Project/vdwSequenceDesign/sequenceDesign/12_06_2021/design_1454/LLLFLLLVLLGALVSLLLILI/backboneOptimization/LLLFLLLVLLGALVSLLLILI.pdb,13,49050.34552184405,10238.193338661518,38.7761883953118,8.093686384956584,-100.0,-54.0198,-1.2365000000000066,32.51799999999997
71,73,-18.1782,-382.079,-363.901,-9.03024,-82.882,-4.6003,-63.6358,-0.711488,-235.561,-3.71845,0.000355752,3953.35,0.0,7.05657,7.31069,-0.254119,-66.5299,-59.4434,-7.08647,32.5642,37.4174,-4.85317,0.552904,1.21687,-0.663967,LLLLLLFALIGALVTLLLILI,LLLLLLFALIGALVTLLLILI,L-----FA-IGA-VTL--I-I,21,636,/data02/gloiseau/Sequence_Design_Project/vdwSequenceDesign/sequenceDesign/12_06_2021/design_1027/LLLLLLFALIGALVTLLLILI/backboneOptimization/LLLLLLFALIGALVTLLLILI.pdb,14,70278.2355271178,17861.16895238463,55.557653506762975,14.11994237532381,-100.0,-53.91680000000001,3.4542,32.285
52,54,-16.4673,-362.277,-345.81,-10.1233,-65.019,-8.51967,-60.2453,0.673585,-237.013,-2.27699,0.000282921,4030.09,0.0,7.37634,7.4776,-0.101261,-58.3412,-50.9119,-7.42928,61.4567,54.9077,6.54896,2.50785,2.71098,-0.203135,LLLILLFGALTALLVFLLILI,LLLILLFGALTALLVFLLILI,L--I-LFGA-TA--VF----I,21,1171,/data02/gloiseau/Sequence_Design_Project/vdwSequenceDesign/sequenceDesign/12_06_2021/design_238/LLLILLFGALTALLVFLLILI/backboneOptimization/LLLILLFGALTALLVFLLILI.pdb,13,53620.64074751137,7567.540152882983,42.38918289733314,5.982432122248694,-100.0,-55.37001000000001,6.710899999999995,32.19199999999998
79,81,-16.1031,-393.511,-377.408,-1.34505,-82.4739,-1.66931,-72.333,0.803503,-238.704,-0.479141,8.20215e-05,3941.48,0.0,7.25669,7.34412,-0.0874285,-54.677,-54.5804,-0.0966272,72.5654,73.2403,-0.674908,0.972232,1.08096,-0.10873,LLLLLLLGTLTGLLIFLLILI,LLLLLLLGTLTGLLIFLLILI,L--L--LGT-TG--IF--I-I,21,166,/data02/gloiseau/Sequence_Design_Project/vdwSequenceDesign/sequenceDesign/12_06_2021/design_3019/LLLLLLLGTLTGLLIFLLILI/backboneOptimization/LLLLLLLGTLTGLLIFLLILI.pdb,14,54305.461876631714,10737.49622694904,42.93056039095416,8.48840455985584,-100.0,-58.2854,8.4713,33.71100000000001
14,16,-16.0784,-383.196,-367.118,-4.58436,-85.8469,-4.17471,-60.2977,0.704578,-237.052,-1.11372,0.000106445,3822.37,0.0,6.96723,7.05363,-0.086401,-44.0364,-41.4062,-2.63015,36.2106,36.1432,0.0673557,3.06672,3.27528,-0.20856,LLLALLGTLLGVLLWALLILI,LLLALLGTLLGVLLWALLILI,L-LA--GT--GV--WA--I-I,21,374,/data02/gloiseau/Sequence_Design_Project/vdwSequenceDesign/sequenceDesign/12_06_2021/design_999/LLLALLGTLLGVLLWALLILI/backboneOptimization/LLLALLGTLLGVLLWALLILI.pdb,13,55692.1819940489,16948.943982279,44.026816084007145,13.39879338190906,-100.0,-54.452000000000005,6.684100000000008,31.688999999999997
