Sequence,Mutant,Region,Mutant Type,CHARMM_IMM1,CHARMM_IMM1REF,CHARMM_VDW,Dimer,HBONDMonomer,IMM1Monomer,Monomer,MonomerSasa,SCWRL4_HBOND,VDWMonomer,Mutant_DimerSasa,Mutant_MonomerSasa,Mutant_Position_MonomerSasa,Mutant_Position_Sasa,WT_DimerSasa,WT_MonomerSasa,WT_Position_MonomerSasa,WT_Position_Sasa,Total,Interface,Position,WT_AA,SasaDifference,SasaPercDifference,Mutant_SASA_no_alanine,SASA_no_wt_position,DimerSasaDifference,Segment,PercentGpA_transformed,std_adjusted,Sample,LB-12H_M9-36H,wt_seq,Fluorescence,FluorStdDev,Percent GpA
LLLLALLTVLLALLFSLLILI,LLLLALLTVLLILLFSLLILI,Left,clash,20.8251,-281.343,861.293,551.013,-74.2722,-277.37,-386.776,4630.48,-49.7623,-35.1342,3798.31,4633.76,54.7522,25.9456,3798.31,4633.76,54.7522,25.9456,-16.6884,1.10011e+17,11,A,104.3222,19.91712457,,,,,0.2917007649758855,0.033385319648982725,L,19890075513525.508,LLLLALLTVLLALLFSLLILI,28954.436738318407,651.7563913450363,29.16710102548512
LLLLALLLLFLTVLLSILILI,LLLLILLLLFLTVLLSILILI,Left,clash,27.2525,-289.63,3983.88,3671.85,-74.3063,-280.593,-395.814,4590.73,-49.6537,-40.9146,3652.7,4593.9,42.269,6.42642,3652.7,4593.9,42.269,6.42642,-17.0934,1.10011e+16,4,A,132.04878,4.640845437,,,,,0.0999952190699133,0.01073096167960282,L,99999900.0,LLLLALLLLFLTVLLSILILI,27909.78716032203,429.0822491249856,9.99850191314646
LLLLALLLFVLTYLLSLLILI,LLLLALLLFVLTYLLILLILI,Left,clash,19.5497,-286.051,25157.9,24841.5,-58.9144,-282.226,-369.01,4687.38,-49.9046,-27.8699,3606.97,4703.45,36.8421,5.59276,3599.83,4697.46,42.2829,7.66833,-28.0531,1.10011e+16,15,S,124.12764,4.311395895,,,,,0.2023339238659877,0.02222904853820859,L,22795790908990.91,LLLLALLLFVLTYLLSLLILI,28467.455350215456,510.2032075223171,20.23132849435601
LLLYALLFALLTVLLSLLILI,LLLYALLFALLTILLSLLILI,Right,clash,22.8375,-278.474,169849.0,169544.0,-74.3608,-278.804,-369.81,4692.83,-49.7495,-16.645,3989.4,4846.15,56.6789,21.8106,3969.46,4859.95,79.0768,37.0326,-11.6946,1.10011e+17,12,V,108.0114,16.80038822,,,,,0.3174451758517733,0.0444881775437337,R,99999900.0,LLLYALLFALLTVLLSLLILI,24897.915630445976,970.3053580683692,29.678821886361
LLLFALLLVLISLLLTLLILI,LLLFALLIVLISLLLTLLILI,Left,clash,41.6214,-281.492,1062790.0,1062500.0,-74.3825,-276.832,-383.762,4686.71,-49.7116,-32.5474,3725.04,4629.8,42.5616,13.2662,3670.46,4626.49,80.958,22.6781,-7.23199,1.10011e+17,7,L,116.3292,10.23662877,,,,,0.742344290249172,0.09837517463093877,L,99999900.0,LLLFALLLVLISLLLTLLILI,31410.101577218986,1274.582972027932,74.22685679682598
LLLLAILLALLFVLTSLLILI,LLLLAILLALLFVLTILLILI,Left,clash,24.1986,-284.146,1151150.0,1150840.0,-58.8416,-275.267,-370.478,4577.51,-49.8804,-36.3696,3640.12,4639.88,35.2219,4.16123,3639.74,4628.62,36.3564,4.40225,-19.5332,1.1011e+16,15,S,125.55917,3.207845489,,,,,0.6971514250243379,0.09280842660977141,L,99999900.0,LLLLAILLALLFVLTSLLILI,31163.83479676431,1283.4624949215158,69.70803126082563
LLLAALLYVLLSLLFTLLILI,LLLAALLYVLLSLLITLLILI,Left,clash,27.6797,-280.213,6260560.0,6260260.0,-74.3089,-275.612,-381.906,4584.68,-49.6657,-31.9846,3698.83,4593.81,48.2324,26.2279,3682.84,4707.05,145.155,30.0717,-16.6484,1.10011e+17,14,F,103.6589,20.19289104,,,,,0.6494333543191577,0.07409196780265098,L,5349841751366.146,LLLAALLYVLLSLLFTLLILI,30903.80756495216,684.4034855794882,64.93671093496262
LLLLALLWFLTSLLYVLLILI,LLLLALLWFLTILLYVLLILI,Left,clash,32.3712,-288.99,6629140.0,6628830.0,-58.7929,-286.284,-366.469,4693.66,-54.0861,-21.392,3760.61,4721.83,44.0873,10.7052,3758.98,4745.49,58.1143,11.5629,-12.8634,1.10011e+17,11,S,119.5626,8.217840479,,,,,0.5347562379331414,0.05964119586792644,L,-34.06789702722654,LLLLALLWFLTSLLYVLLILI,30278.90440593112,593.1285721335987,53.47016905181479
LLLYWLLTVLLALLFSLLILI,LLLYWLLTVLLILLFSLLILI,Left,clash,57.7636,-294.658,212871000000.0,212871000000.0,-74.1887,-290.717,-378.852,4795.91,-49.6096,-13.9465,3887.96,4816.97,51.3605,21.3901,3887.96,4816.97,51.3605,21.3901,-12.558,1.10011e+17,11,A,108.8777,16.42009768,,,,,0.3471111033429316,0.04812059074646506,L,22622926274322.777,LLLYWLLTVLLALLFSLLILI,29256.3809847314,1366.0043643763972,34.70756965312672
LLLYWLLTVLLALLFSLLILI,LLLYWLLTVLLALLISLLILI,Left,clash,57.7642,-289.628,212871000000.0,212871000000.0,-74.1887,-285.626,-386.279,4736.35,-49.6096,-26.4644,3894.48,4701.98,46.8699,23.5838,3887.96,4816.97,144.539,32.6245,-12.558,1.10011e+17,14,F,106.303,18.15719534,,,,,0.3656576362797494,0.040479483806684,L,4432636291023.711,LLLYWLLTVLLALLFSLLILI,29357.445498614816,550.815786715749,36.56203376426942
LLLLALLLYVLFLLLSTLILI,LLLLALLLYVLFLLLITLILI,Left,clash,30.6103,-284.12,1057040000000.0,1057040000000.0,-58.9141,-282.445,-369.013,4665.91,-49.628,-27.6538,3682.32,4876.53,34.9102,4.92028,3677.47,4863.91,35.7072,4.70719,-9.61096,1.10011e+16,15,S,124.80012,3.792988612,,,,,0.6930820266067489,0.09032642440262557,L,11397895454445.455,LLLLALLLYVLFLLLSTLILI,31141.6596670906,1195.369068025622,69.30113292866466
LLLLALLLYVLFLLLSTLILI,LLLLALLLYVLFILLSTLILI,Left,clash,30.5821,-282.092,1057040000000.0,1057040000000.0,-74.2759,-280.484,-373.807,4601.21,-49.628,-19.0471,3681.11,4800.29,51.9019,4.43065,3677.47,4863.91,112.116,5.8298,-9.61096,1.10011e+16,12,L,125.39135,3.412865308,,,,,0.4729273163572864,0.06064053164198176,L,8803095792220.047,LLLLALLLYVLFLLLSTLILI,29941.98375751197,1086.383167605777,47.28790757557614
LLLYWLLTVLFLLLASLLILI,LLLYWLLTVLFILLASLLILI,Left,clash,56.2296,-290.325,1598020000000.0,1598020000000.0,-74.1645,-286.624,-368.917,4738.84,-49.6333,-8.12858,3845.34,4859.76,50.625,6.9293,3839.77,4904.26,104.551,11.7755,-12.368,1.10011e+17,11,L,123.3385,5.319273067,,,,,0.1328754262756863,0.016809531048983865,L,7638353588859.291,LLLYWLLTVLFLLLASLLILI,28088.959309044272,970.8975235272572,13.286187241599226
LLLTSLLAVLIALLFLLLILI,LLLTSLLAVLIILLFLLLILI,Left,clash,18.2947,-277.604,8584.03,8277.68,-44.9965,-272.966,-364.817,4178.22,-47.0339,-46.8546,3212.64,4105.94,48.0833,8.2076,3212.64,4105.94,48.0833,8.2076,-9.84837,1.10011e+17,11,A,122.0602,6.300559309,,,,,0.2244683339938853,0.0226845037294549,L,13006785832535.82,LLLTSLLAVLIALLFLLLILI,28588.071068921105,260.66506238252623,22.444543726730465
LLLALLLTVLTSLLFLLLILI,LLLALLLTVLTILLFLLLILI,Left,clash,19.6102,-273.292,26441.1,26133.1,-72.6531,-274.117,-384.719,4198.07,-54.2988,-37.9493,3259.98,4161.65,46.1923,12.2731,3260.05,4163.02,52.8506,12.5709,-10.5163,1.10011e+17,11,S,117.9947,9.421437992,,,,,0.1729680097181834,0.024177697767472785,L,11729389688970.3,LLLALLLTVLTSLLFLLLILI,28307.433428695105,1354.241136173326,17.29503662441341
LLLFALLTILVALLLSLLILI,LLLFALLIILVALLLSLLILI,Left,clash,20.0204,-268.898,159589.0,159295.0,-60.4007,-277.232,-381.039,4196.23,-45.0946,-43.4056,3292.99,4077.5,46.7794,11.6752,3274.35,4096.73,70.712,13.1949,-6.23415,1.10011e+17,7,T,117.9202,9.008961738,,,,,0.4478032103728473,0.05077123996526916,L,-60.580251612526666,LLLFALLTILVALLLSLLILI,29805.07646779249,638.9497579223722,44.77575325371927
LLLYLLLAILVTLLFSLLILI,LLLYLLLIILVTLLFSLLILI,Left,clash,15.7354,-276.806,204185.0,203874.0,-74.2674,-287.888,-384.483,4324.36,-49.8438,-22.3278,3486.24,4248.7,48.8456,27.5407,3486.24,4248.7,48.8456,27.5407,-11.9428,1.10011e+17,7,A,102.0547,21.25129441,,,,,0.1652525178174177,0.019771628408130345,L,99999900.0,LLLYLLLAILVTLLFSLLILI,28265.389859636736,783.0670906879557,16.52356613564198
LLLYLLLTILVALLLSLLILI,LLLYLLLIILVALLLSLLILI,Left,clash,14.0398,-275.114,6982270.0,6981960.0,-60.3989,-283.123,-392.486,4307.49,-45.1129,-48.9641,3411.98,4192.45,54.8059,25.645,3397.51,4220.53,83.7799,36.5789,-13.8679,1.10011e+17,7,T,103.9504,19.78851101,,,,,0.0883422236909112,0.010565760918837062,L,18449040197459.81,LLLYLLLTILVALLLSLLILI,27846.28718880301,770.2144385565248,8.833321240764736
LLLLAYLVILLFTLLSLLILI,LLLLAYLIILLFTLLSLLILI,Left,clash,12.8185,-273.088,14581700.0,14581300.0,-74.1907,-284.238,-380.952,4216.69,-49.6736,-22.5234,3577.67,4208.44,59.841,40.3241,3555.05,4240.01,90.7013,39.1506,-8.13862,1.1011e+16,7,V,89.2713,31.1153791,,,,,0.2224569995440866,0.026570586151385862,L,20750795506624.254,LLLLAYLVILLFTLLSLLILI,28577.110824269534,785.8876826432734,22.243430798219062
LLLTSLLAVLIALLFLLLILI,LLLTSLLIVLIALLFLLLILI,Left,clash,18.5812,-277.595,50772300.0,50772000.0,-44.9965,-272.966,-364.059,4190.62,-47.0339,-46.096,3212.64,4105.94,53.8896,17.3532,3212.64,4105.94,53.8896,17.3532,-9.84837,1.10011e+17,7,A,122.0602,6.300559309,,,,,0.2072363304710519,0.024370507744989733,L,-37.98539335971101,LLLTSLLAVLIALLFLLLILI,28494.1697416377,731.0695733689425,20.72151914822603
LLLYWLLVALLITLLFLLILI,LLLYWLLVILLITLLFLLILI,Right,clash,19.3196,-279.94,12671000000.0,12671000000.0,-58.8485,-287.476,-367.529,4394.2,-49.6069,-21.2042,3499.69,4385.39,37.2628,0.0,3499.69,4385.39,37.2628,0.0,-19.1451,1.10011e+17,8,A,131.3296,0.0,,,,,0.1691180952960674,0.021088458107211827,R,99999900.0,LLLYWLLVALLITLLFLLILI,24539.47803775265,866.1255848826497,15.811315495927616
LLLLAYLTLLLWFLVSLLILI,LLLLAYLILLLWFLVSLLILI,Left,clash,15.122,-279.857,479687000000.0,479687000000.0,-60.3962,-288.019,-372.323,4303.16,-45.1356,-23.9076,3622.42,4162.37,54.3884,21.3208,3602.98,4194.47,84.8287,41.7721,-7.41464,1.1011e+16,7,T,108.2746,16.45181851,,,,,0.902099312425732,0.13515003534513384,L,99999900.0,LLLLAYLTLLLWFLVSLLILI,32280.645075117573,1868.2874745792071,90.20072944518034
LLLAYLLGVLLGLLLTFLILI,LLLAALLGVLLGLLLTFLILI,GAS,void,,,,,,,,,,,3646.8,4593.37,64.2228,85.6046,3599.01,4755.84,172.971,177.763,-18.4709,1.1e+17,4,Y,52.8706,61.81944493,3561.1954,3421.247,139.9484,0.0,0.7946911610257081,0.0753704605723861,G,-46.48547219109038,LLLAYLLGVLLGLLLTFLILI,23841.937655788963,539.5143202346532,72.07929718823699
LLLAYLLGVLLGLLLTFLILI,LLLAYLLGVLLGLLLTALILI,GAS,void,,,,,,,,,,,3508.91,4654.43,44.2834,91.5903,3599.01,4755.84,136.985,269.26,-18.4709,1.1e+17,16,F,37.8725,70.74642291,3417.3197,3329.75,87.5697,0.0,0.8987834166730263,0.09789259522341393,G,286.1097629763579,LLLAYLLGVLLGLLLTFLILI,24578.74194461533,550.2552076745338,81.52057072664277
LLLSYLLGLLLGTLLGFLILI,LLLSALLGLLLGTLLGFLILI,GAS,void,,,,,,,,,,,3341.32,3972.2,57.6091,93.2471,3313.94,4151.1,173.545,218.725,-22.2715,1.1e+17,4,Y,45.2281,67.33848371,3248.0729,3095.215,152.8579,0.0,0.8172129374576034,0.11616514006514388,G,138.36296826121094,LLLSYLLGLLLGTLLGFLILI,23869.629981677,1014.4283320460466,74.12204523459295
LLLSYLLGLLLGFLLGTLILI,LLLSYLLGLLLGALLGTLILI,GAS,void,,,,,,,,,,,3219.38,3983.63,60.0887,99.551,3283.42,4128.26,160.557,258.924,-25.6118,1.1e+17,12,F,30.271,76.6826886,3119.829,3024.496,95.333,0.0,0.8751787357716054,0.13117067855306266,G,-99.96116441298577,LLLSYLLGLLLGVLLGTLILI,25082.0362243798,1907.330196199029,79.37960214265726
LLLTALLLALLFGLLFSLILI,LLLTALLLALLFGLLASLILI,GAS,void,,,,,,,,,,,3663.41,4617.86,36.1611,19.6603,3638.03,4684.01,121.008,95.3527,-11.773,1.1e+17,15,F,110.0601,15.15590455,3643.7497,3542.6773,101.0724,0.0,0.3057955168942703,0.04171527870488952,G,-17.14693804240231,LLLTALLLALLFGLLFSLILI,20757.94227057425,2108.707136176747,27.735964638896515
LLLTYLLAILLGLLLGFLILI,LLLTYLLAILLGLLLGALILI,GAS,void,,,,,,,,,,,3573.02,4501.99,44.3224,86.0528,3646.38,4606.61,138.067,255.294,-17.9908,1.1e+17,16,F,43.41,66.46913245,3486.9672,3391.086,95.8812,0.0,0.654737701919841,0.09474110381944198,G,-62.83378948936099,LLLTYLLAILLGLLLGFLILI,22400.87271947229,972.9469227807888,59.3853759945077
LLLALLLGVLLGTLLGFLILI,LLLAALLGVLLGTLLGFLILI,GAS,void,,,,,,,,,,,3584.38,4488.21,63.7867,58.5116,3565.14,4558.7,124.561,102.717,-31.9796,1.1e+17,4,L,79.9636,42.2542087,3525.8684,3462.423,63.4454,0.0,0.8967227420042992,0.1235624584722407,G,127.32433767247517,LLLALLLGVLLGTLLGFLILI,24479.2817919168,955.8648918488498,81.33366543671386
LLLVTLLLGLLFGLLFALILI,LLLVTLLLGLLFGLLAALILI,GAS,void,,,,,,,,,,,3676.72,4640.84,36.1601,23.2061,3644.34,4713.22,122.38,94.2328,-19.0276,1.1e+17,15,F,106.5143,17.88932196,3653.5139,3550.1072,103.4067,0.0,0.7856981488044171,0.10419693903279136,G,-9.06465438109721,LLLVTLLLGLLFGLLFALILI,23159.83456721604,985.7863903139764,71.26362182615138
LLLYILLGLLLGTLLAFLILI,LLLYALLGLLLGTLLAFLILI,GAS,void,,,,,,,,,,,3537.57,4193.75,57.7392,52.4285,3498.87,4235.61,108.796,98.3619,-25.5412,1.1e+17,4,I,86.0467,37.86129213,3485.1415,3400.5081,84.6334,0.0,0.2889605513127879,0.03649715907929413,G,-17.75572581860803,LLLYVLLGLLLGTLLAFLILI,20316.871544902915,1563.030968686333,26.20901612504214
LLLFYLLGVLLGLLLASLILI,LLLFALLGVLLGLLLASLILI,GAS,void,,,,,,,,,,,3218.83,3994.93,63.8346,44.3173,3187.04,4209.22,185.386,136.632,-17.4846,1.1e+17,4,Y,94.1579,32.00378118,3174.5127,3050.408,124.1047,0.0,0.767090718712921,0.11008906745810677,G,-50.46006363690524,LLLFYLLGVLLGLLLASLILI,24085.948723478075,1644.6352151310805,69.57590897712058
LLLYLLLGFLLGTLLGSLILI,LLLALLLGFLLGTLLGSLILI,GAS,void,,,,,,,,,,,3097.89,3988.24,64.1843,36.6652,3208.86,4178.01,185.049,249.123,-27.7766,1.1e+17,3,Y,133.0656,21.60197206,3061.2248,2959.737,101.4878,0.0,1.1262977816884634,0.10210934574420219,G,4752462109879.037,LLLALLLGFLLGTLLGVLILI,25821.19732645627,701.4014253028198,102.15635521098814
LLLYFLLGLLLGVLLSTLILI,LLLAFLLGLLLGVLLSTLILI,GAS,void,,,,,,,,,,,3151.42,3966.02,68.1253,49.1413,3244.87,4157.35,189.287,249.55,-39.1721,1.1e+17,3,Y,120.5895,28.95249418,3102.2787,2995.32,106.9587,0.0,1.3492004243935454,0.18493968437612907,G,15377132337831.918,LLLAFLLGLLLGVLLGTLILI,28232.531351676687,1129.715258883155,122.37385178770326
LLLLTLLVALLAGLLFSLILI,LLLLTLLVALLAGLLASLILI,GAS,void,,,,,,,,,,,3717.32,4536.03,56.7876,30.0927,3708.25,4653.01,149.193,116.376,-15.113,1.1e+17,15,F,99.6277,23.19812458,3687.2273,3591.874,95.3533,0.0,0.2204766518950575,0.032691169726201494,G,-30.836226923485448,LLLLTLLVALLAGLLFSLILI,20619.67038509091,3051.9747555457507,19.99745674093037
LLLLTLLVALLAGLLFSLILI,LLLATLLVALLAGLLFSLILI,GAS,void,,,,,,,,,,,3652.1,4595.45,61.7851,123.342,3708.25,4653.01,120.62,239.665,-15.113,1.1e+17,3,L,46.3888,72.66919145,3528.758,3468.585,60.173,0.0,0.307778756940809,0.03977797332862509,G,-56.66657718548672,LLLLTLLVALLAGLLFSLILI,21535.427015460948,3356.204404769539,27.915846529775447
LLLTFLLGLLLGYLLASLILI,LLLTFLLGLLLGALLASLILI,GAS,void,,,,,,,,,,,3228.77,3970.4,54.7361,79.1541,3187.84,4123.45,162.239,160.09,-16.3299,1.1e+17,12,Y,50.6679,60.97125295,3149.6159,3027.75,121.8659,0.0,1.314571699729379,0.18277456119653268,G,7090491263960.916,LLLTFLLGLLLGYLLASLILI,28560.106866771563,1800.1948443063238,119.23299121351936
LLLAYLLGLLLGTLLSFLILI,LLLAALLGLLLGTLLSFLILI,GAS,void,,,,,,,,,,,3679.88,4579.03,52.8378,48.4463,3656.15,4704.67,149.33,138.375,-32.7922,1.1e+17,4,Y,98.3414,28.9826626,3631.4337,3517.775,113.6587,0.0,1.0410015015639271,0.14329018869739618,G,7494097128715.801,LLLAYLLGLLLGTLLSFLILI,26146.2487238424,1445.6850892782284,94.41989578414336
LLLAYLLGLLLGTLLSFLILI,LLLAYLLGLLLGTLLSALILI,GAS,void,,,,,,,,,,,3562.6,4602.08,41.1484,82.8213,3656.15,4704.67,134.019,264.178,-32.7922,1.1e+17,16,F,46.6415,63.97304863,3479.7787,3391.972,87.8067,0.0,1.0340464555321154,0.15456535624868575,G,409.1189720527243,LLLAYLLGLLLGTLLSFLILI,25696.77861117916,1250.125617683794,93.78906602980489
LLLSYLLGVLLGLLLGTLILI,LLLSALLGVLLGLLLGTLILI,GAS,void,,,,,,,,,,,3189.67,3836.56,66.1751,68.0308,3170.45,3995.88,178.349,174.1,-20.7472,1.1e+17,4,Y,70.4444,49.12850821,3121.6392,2996.35,125.2892,0.0,1.1588659719637535,0.1643812840229219,G,-12.457099641466382,LLLSYLLGVLLGLLLGTLILI,27457.30576106796,2014.7939638564,105.1103232187684
LLLAYLLGVLLGLLLSTLILI,LLLAALLGVLLGLLLSTLILI,GAS,void,,,,,,,,,,,3201.42,3888.58,65.654,51.3268,3193.16,4080.45,184.228,162.17,-15.265,1.1e+17,4,Y,87.1484,37.06569841,3150.0932,3030.99,119.1032,0.0,1.0222820739824496,0.1405183594785643,G,15590206618726.064,LLLAYLLGVLLGLLLSTLILI,29201.08980862002,6686.121105269451,92.72202464877364
LLLAYLLGVLLGLLLSTLILI,LLLAYLLGVLLGALLSTLILI,GAS,void,,,,,,,,,,,3202.99,4032.16,52.0335,96.0134,3193.16,4080.45,107.186,157.467,-15.265,1.1e+17,12,L,33.8086,73.95772673,3106.9766,3035.693,71.2836,0.0,1.05773276486112,0.11894087362427617,G,1218.1158130425222,LLLAYLLGVLLGLLLSTLILI,27021.727081608737,2405.058485113861,95.9374383952584
LLLTFLLGILLGVLLSLLILI,LLLTALLGILLGVLLSLLILI,GAS,void,,,,,,,,,,,3238.4,3882.94,56.449,52.7344,3218.6,4019.55,155.809,122.692,-7.29132,1.1e+17,4,F,92.1482,33.45508799,3185.6656,3095.908,89.7576,0.0,1.124050507907025,0.10704426661372797,G,5312110944019.41,LLLTFLLGILLGVLLSLLILI,26414.305091402275,430.3121074469865,101.95252519160483
LLLTLLLFYLLGVLLGSLILI,LLLTALLFYLLGVLLGSLILI,GAS,void,,,,,,,,,,,3186.66,4179.3,45.5198,45.3557,3147.87,4244.84,107.382,86.049,-19.1409,1.1e+17,4,L,93.1195,32.75366275,3141.3043,3061.821,79.4833,0.0,0.7175911128670445,0.10705169199728315,G,99999900.0,LLLTLLLFYLLGVLLGSLILI,22543.7818444495,1259.259041462267,65.08624434330177
LLLSYLLGVLLGLLLGFLILI,LLLSALLGVLLGLLLGFLILI,GAS,void,,,,,,,,,,,3651.88,4519.68,67.221,78.6592,3602.99,4658.38,171.027,174.857,-38.8868,1.1e+17,4,Y,59.816,56.80381758,3573.2208,3428.133,145.0878,0.0,1.1182628007799005,0.12570728415898533,G,-29.94590749791841,LLLSYLLGVLLGLLLGFLILI,26804.68824168955,1248.3130743051177,101.42757426410734
LLLTILLALLLGFLLGSLILI,LLLTALLALLLGFLLGSLILI,GAS,void,,,,,,,,,,,3179.64,4005.25,64.6935,58.8041,3149.38,4067.52,120.078,112.09,-25.1796,1.1e+17,4,I,79.6711,42.46543785,3120.8359,3037.29,83.5459,0.0,0.906441836283283,0.1289968797326331,G,-80.18187263666556,LLLTVLLALLLGFLLGSLILI,24961.093862202822,1349.8594314497377,82.21519718048106
LLLTFLLGILLGLLLGSLILI,LLLTFLLGILLGALLGSLILI,GAS,void,,,,,,,,,,,3086.41,3943.78,57.3885,71.7368,3080.08,3997.82,113.502,118.71,-33.988,1.1e+17,12,L,58.0852,55.25781455,3014.6732,2961.37,53.3032,1.0,1.2001027233628865,0.13042016224228978,G,9522122272995.65,LLLTFLLGILLGLLLGSLILI,27097.9794857145,688.6801567134164,108.85053854385038
LLLSYLLGLLLGVLLGTLILI,LLLSALLGLLLGVLLGTLILI,GAS,void,,,,,,,,,,,3551.26,4444.94,53.0508,65.2521,3499.07,4593.65,158.17,140.525,-28.5286,1.1e+17,4,Y,73.2231,47.12186731,3486.0079,3358.545,127.4629,1.0,0.9837575293582876,0.1198140286294103,G,368.2328767044221,LLLSYLLGLLLGVLLGTLILI,25862.39224409241,1529.2832139990594,89.22780923882442
LLLSYLLGLLLGVLLSTLILI,LLLSYLLGALLGVLLSTLILI,GAS,void,,,,,,,,,,,3297.26,4000.7,65.2985,80.3403,3254.35,4063.86,123.489,113.303,-6.10586,1.1e+17,8,L,50.9893,61.17455623,3216.9197,3141.047,75.8727,1.0,0.953244410381526,0.08915675480750897,G,186.9777540598141,LLLSYLLGLLLGVLLSTLILI,25682.98247095389,1494.538661802669,86.46023828959262
LLLSYLLGLLLGFLLATLILI,LLLSYLLGLLLGALLATLILI,GAS,void,,,,,,,,,,,3259.06,4049.63,52.4722,78.6123,3283.45,4176.44,150.077,196.552,-22.945,1.1e+17,12,F,51.2097,60.55391228,3180.4477,3086.898,93.5497,1.0,1.0508303958894016,0.13288289840018538,G,11446.910763194972,LLLSYLLGLLLGFLLATLILI,26107.902835433,1160.8638291283412,95.3113865038882
LLLYGLLALLLGTLLSFLILI,LLLYGLLALLLGTLLSALILI,GAS,void,,,,,,,,,,,3822.59,4630.56,41.6413,82.4793,3924.78,4732.54,134.75,269.037,-21.9621,1.1e+17,16,F,46.9835,63.70888008,3740.1107,3655.743,84.3677,1.0,0.2178367024940411,0.03164167081494632,G,-9.051859970489575,LLLYGLLALLLGTLLSFLILI,19367.332974844016,1146.1693818804526,19.758010643163065
LLLTVLLALLLGFLLGSLILI,LLLTVLLAALLGFLLGSLILI,GAS,void,,,,,,,,,,,3208.87,3945.1,65.7388,53.2208,3184.77,3992.71,118.598,88.2911,-21.2463,1.1e+17,8,L,78.1088,40.52460375,3155.6492,3096.4789,59.1703,1.0,0.7369421674656207,0.08431986498657429,G,22795790908990.91,LLLTVLLALLLGFLLGSLILI,24182.87404887496,1966.354648241688,66.8414046920293
LLLTALLFLLLGLLLGSLILI,LLLTALLALLLGLLLGSLILI,GAS,void,,,,,,,,,,,3090.53,3915.97,59.2409,14.0373,3082.88,4076.77,160.063,87.1068,-29.4405,1.1e+17,7,F,115.5581,10.83163446,3076.4927,2995.7732,80.7195,1.0,0.850943758759511,0.10301783443503332,G,-16.53399200792095,LLLTALLFLLLGLLLGSLILI,24410.64108393114,952.3108474340208,77.18146505988135
LLLALLLGVLLGTLLSFLILI,LLLAALLGVLLGTLLSFLILI,GAS,void,,,,,,,,,,,3732.1,4497.24,63.761,57.9931,3700.04,4569.09,124.785,103.248,-26.0043,1.1e+17,4,L,80.4821,41.87977342,3674.1069,3596.792,77.3149,1.0,1.052433649984028,0.1403816163718878,G,-84.0195575196362,LLLALLLGVLLGTLLSFLILI,26028.79670954484,1145.1264155673805,95.4568032821567
LLLLVALLLLLTALLFSLILI,LLLLVALLLLLTALLASLILI,Left,void,,,,,,,,,,,3245.57,3961.65,61.6927,37.064,3242.27,4135.49,167.942,116.703,-14.5199,1.1e+16,15,F,92.6564,28.57222149,3208.506,3125.567,82.939,2.0,0.2164496827352063,0.028008870745549606,L,-39.13914646039336,LLLLVALLLLLTALLFSLILI,28544.375511685696,1069.2852511395597,21.642760394522345
LLLLYLLTVLLAILFSLLILI,LLLLALLTVLLAILFSLLILI,Left,void,,,,,,,,,,,4017.18,4551.83,56.2761,70.1078,3886.81,4715.19,167.827,97.5385,-11.8701,1.1e+16,4,Y,117.0177,10.17143147,3947.0722,3789.2715,157.8007,2.0,0.2405407152806211,0.031135382431791862,L,-74.25720619542732,LLLLALLTVLLALLFSLLILI,28675.65333603413,1075.2879037165435,24.051617910266096
LLLAALLYVLLSLLFTLLILI,LLLAALLYVLASLLFTLLILI,Left,void,,,,,,,,,,,3653.45,4679.44,55.7841,94.0841,3682.84,4707.05,105.862,196.098,-16.6484,1.1e+17,10,L,34.4873,73.17653848,3559.3659,3486.742,72.6239,2.0,0.6120807924505088,0.08002457045634188,L,5556469815163.832,LLLAALLYVLLSLLFTLLILI,30700.264481163093,1191.2007746423833,61.201835760145606
LLLYALLFVLTALLLSLLILI,LLLAALLFVLTALLLSLLILI,Left,void,,,,,,,,,,,3549.38,4590.55,57.999,115.556,3723.0,4774.55,177.731,348.257,-14.4827,1.1e+17,3,Y,54.1748,68.08192738,3433.824,3374.743,59.081,2.0,0.3274413076014775,0.03657278243993558,L,-36.05935483939107,LLLYALLFVLTALLLSLLILI,29149.195541955203,575.7486877483091,32.74079071927963
LLLVALLLLLTSLLFSLLILI,LLLVALLLLLTSLLASLLILI,Left,void,,,,,,,,,,,3617.75,4582.68,47.5656,18.2513,3593.36,4672.83,137.487,68.7632,-15.9231,1.1e+17,14,F,111.6355,14.05169732,3599.4987,3524.5968,74.9019,2.0,0.21950220305631,0.029656547532885713,L,2.3690146358523068,LLLVALLLLLTFLLASLLILI,28561.00942830087,1232.903132788536,21.94798128962469
LLLLFVLLLLLATLISLLILI,LLLLAVLLLLLATLISLLILI,Left,void,,,,,,,,,,,3722.43,4597.15,44.423,30.8518,3673.22,4682.12,128.81,113.446,-12.3423,1.1e+16,4,F,107.6234,22.2796573,3691.5782,3559.774,131.8042,2.0,0.2068253319650494,0.024409235231713032,L,-63.689745299847125,LLLLFVLLLLLATLISLLILI,28491.930112033748,743.0053523786974,20.68042348998567
LLLYWLLTVLLALLFSLLILI,LLLYALLTVLLALLFSLLILI,Left,void,,,,,,,,,,,3935.88,4810.03,56.6439,36.4719,3887.96,4816.97,128.924,137.926,-12.558,1.1e+17,4,W,102.0033,26.33821796,3899.4081,3750.034,149.3741,2.0,0.295973429671096,0.03768036186039777,L,3390772030105.942,LLLYWLLTVLLALLFSLLILI,28977.719514774755,1024.9158389125846,29.594323912005592
LLLYWLLTVLLALLFSLLILI,LLLAWLLTVLLALLFSLLILI,Left,void,,,,,,,,,,,3716.45,4647.6,56.9361,92.2323,3887.96,4816.97,171.962,326.268,-12.558,1.1e+17,3,Y,77.4985,54.34034365,3624.2177,3561.692,62.5257,2.0,0.338218836353635,0.04500741754213017,L,2296515033912.647,LLLYWLLTVLLALLFSLLILI,29207.924885488675,1201.3521787158077,33.818433659109544
LLLLLALLFVLTSLLYLLILI,LLLLLALLFVLTSLLALLILI,Left,void,,,,,,,,,,,3342.71,4058.28,58.1248,20.2127,3329.92,4179.24,166.3,149.061,-14.7041,1.1e+16,15,Y,109.5077,15.5817435,3322.4973,3180.859,141.6383,2.0,0.3542830258477268,0.04939184891421632,L,-41.48662147512576,LLLLLALLFVLTSLLAILILI,29295.462513555463,1390.734300712484,35.424688746940554
LLLLALLTVLLALLFSLLILI,LLLLALLTVLAALLFSLLILI,Left,void,,,,,,,,,,,3746.29,4576.7,59.1906,104.866,3798.31,4633.76,119.215,221.691,-16.6884,1.1e+17,10,L,23.7054,81.56246257,3641.424,3576.619,64.805,2.0,0.2001884629865664,0.023855027849458,L,-51.12543266514088,LLLLALLTVLLALLFSLLILI,28455.76421842423,774.6228671211703,20.01680429102908
LLLLAYLVILLFTLLSLLILI,LLLLAYLVILLATLLSLLILI,Left,void,,,,,,,,,,,3594.44,4140.79,53.4908,32.7559,3555.05,4240.01,146.696,111.792,-8.13862,1.1e+16,11,F,97.5119,25.14504736,3561.6841,3443.258,118.4261,2.0,0.1605660604914634,0.01639423351745157,L,-44.78575700320071,LLLLAYLVILLFTLLSLLILI,28239.852227719417,286.9701034838394,16.054968206908285
LLLALLLTVLTSLLFLLLILI,LLLALLLTVLTSLLFALLILI,Left,void,,,,,,,,,,,3266.2,4116.34,56.0024,79.3792,3260.05,4163.02,110.122,146.546,-10.5163,1.1e+17,15,L,50.3412,61.1925341,3186.8208,3113.504,73.3168,2.0,0.2011345169393474,0.024027928928028176,L,-62.45324779251597,LLLALLLTVLTSLLFLLLILI,28460.919493707817,783.2768922161212,20.11140003615373
LLLALLLTVLTSLLFLLLILI,LLLALLLTVLTSLLALLLILI,Left,void,,,,,,,,,,,3292.54,4019.86,53.1013,12.2284,3260.05,4163.02,152.474,45.851,-10.5163,1.1e+17,14,F,117.6584,9.414659534,3280.3116,3214.199,66.1126,2.0,0.1792584272498751,0.021891053302767288,L,-11.315045200842906,LLLALLLTVLTSLLFLLLILI,28341.71142513411,855.3310446891344,17.924014212643257
LLLLWALLFVLATLLSLLILI,LLLLWALLAVLATLLSLLILI,Left,void,,,,,,,,,,,3666.01,4519.18,49.6596,44.4902,3652.96,4656.6,151.377,148.177,-10.1018,1.1e+16,8,F,86.8394,33.8767498,3621.5198,3504.783,116.7368,2.0,0.127694231031352,0.015985475178815826,L,17775156358375.047,LLLLWALLFVLATLLSLLILI,28060.725731346083,932.8710318452336,12.768120567565116
LLLLALLLFVLTYLLSLLILI,LLLLALLLFVLTYLLSALILI,Left,void,,,,,,,,,,,3607.35,4667.23,44.0058,86.3286,3599.83,4697.46,95.035,157.291,-28.0531,1.1e+16,16,L,43.1342,66.68216661,3521.0214,3442.539,78.4824,2.0,0.1592536594095041,0.01878899171976596,L,-51.62809648950486,LLLLALLLFVLTYLLSLLILI,28232.700638911952,735.1990019710479,15.92374148576264
LLLLIVLTWLLALLFSLLILI,LLLLIVLTWLLALLASLLILI,Left,void,,,,,,,,,,,3625.88,4570.41,53.0991,98.7513,3677.17,4668.2,143.741,247.749,-15.6319,1.1e+16,14,F,31.1355,76.02874195,3527.1287,3429.421,97.7077,2.0,0.5693137501179018,0.07581084339485601,L,-80.62110387427724,LLLLIVLTWLLALLFSLLILI,30467.216592466,1255.8876416246828,56.92556776894075
LLLYTLLAVLIALLLSLLILI,LLLYTLLAVLIALLASLLILI,Left,void,,,,,,,,,,,3399.32,4075.35,56.9446,24.7124,3363.02,4114.91,112.108,69.4115,-11.3191,1.1e+17,14,L,105.1744,19.02610581,3374.6076,3293.6085,80.9991,2.0,0.2927067015229659,0.036269600013970595,L,-77.94162730007007,LLLYTLLAVLIALLLSLLILI,28959.918328245458,925.854949370746,29.26768441921172
LLLLVLLLAILFLLLSTLILI,LLLLVLLLAILALLLSTLILI,Left,void,,,,,,,,,,,3731.48,4580.37,50.7419,26.0265,3697.1,4631.92,127.068,101.754,-30.5202,1.1e+16,11,F,104.2413,19.97922741,3705.4535,3595.346,110.1075,2.0,0.3492553263776207,0.04577276453953842,L,-29.405769944744,LLLLVLLLAILFLLLSTLILI,29268.06537120928,1144.8883752388665,34.92197008460697
LLLYLLLAILVTLLFSLLILI,LLLYLLLAILVTLLASLLILI,Left,void,,,,,,,,,,,3563.45,4149.06,57.076,42.2666,3486.24,4248.7,146.705,102.682,-11.9428,1.1e+17,14,F,87.6202,32.54110502,3521.1834,3383.558,137.6254,2.0,0.155470265407526,0.01932356714047889,L,-17.35085353848792,LLLYLLLAILVTLLFSLLILI,28212.084016013105,912.6674409832706,15.545440677795842
LLLLALLWFLTSLLYVLLILI,LLLLALLWFLTSLLAVLLILI,Left,void,,,,,,,,,,,3792.5,4626.25,44.7061,23.7559,3758.98,4745.49,149.436,133.242,-12.8634,1.1e+17,14,Y,106.1309,18.28969533,3768.7441,3625.738,143.0061,3.0,0.5791349482352883,0.06583271003775612,L,-37.26131262421638,LLLLALLWFLTSLLYVLLILI,30520.734660606697,663.3182836486706,57.90758740027356
LLLYALLLVLITLLFSLLILI,LLLYALLAVLITLLFSLLILI,Left,void,,,,,,,,,,,3567.89,4159.68,51.8254,29.7724,3514.77,4225.07,114.896,65.1755,-10.5313,1.1e+17,7,L,86.3113,37.67021098,3538.1176,3449.5945,88.5231,3.0,0.1912664541482654,0.027237933220677347,L,-41.73673816579859,LLLYALLLVLITLLFSLLILI,28407.14604870064,1433.6366592692384,19.12469441549101
LLLVALLFLLTALLYSLLILI,LLLVALLALLTALLYSLLILI,Left,void,,,,,,,,,,,3633.24,4615.84,55.4974,11.0452,3619.06,4764.43,155.004,69.6022,-14.2521,1.1e+17,7,F,118.5502,8.522833372,3622.1948,3549.4578,72.737,3.0,0.165093153175457,0.019012472325653427,L,13.7713806750556,LLLVALLFLLTALLYSLLILI,28264.52144341443,656.3372393847245,16.507631297033175
LLLVALLLFLTALLLSLLILI,LLLVALLAFLTALLLSLLILI,Left,void,,,,,,,,,,,3311.74,4014.01,60.8429,26.5156,3262.05,4074.27,121.131,64.029,-13.5361,1.1e+17,7,L,103.0798,20.46029412,3285.2244,3198.021,87.2034,3.0,0.3062625775707684,0.029449008174752888,L,-43.889950721910765,LLLVALLLFLTALLLSLLILI,29033.787553706752,122.3840681564592,30.6231337482798
LLLLYVLLLLLATLFSLLILI,LLLLAVLLLLLATLFSLLILI,Left,void,,,,,,,,,,,3392.8,4121.78,47.8189,32.1409,3376.5,4268.79,159.012,159.28,-11.2712,1.1e+16,4,Y,106.3343,23.21058211,3360.6591,3217.22,143.4391,3.0,0.1175892240665851,0.014797800533247025,L,-99.99957583324026,LLLLYVLLLLLATLFSLLILI,28005.661120609304,949.4568859091668,11.757722946465451
LLLVALLLILTFLLASLLILI,LLLVALLLILTALLASLLILI,Left,void,,,,,,,,,,,3649.72,4476.58,54.6346,28.4406,3620.44,4610.99,154.544,139.585,-7.00132,1.1e+17,11,F,101.8272,21.83240985,3621.2794,3480.855,140.4244,3.0,0.2533705032499856,0.03188767539570442,L,-27.77977491189417,LLLVALLLILTFLLASLLILI,28745.565933109192,974.8509282079788,25.33446583789817
LLLLAVLLFLLALLTSLLILI,LLLLAVLLALLALLTSLLILI,Left,void,,,,,,,,,,,3642.27,4560.54,49.5267,21.4535,3574.54,4646.48,135.593,82.0647,-6.86645,1.1e+16,8,F,109.8761,16.33561665,3620.8165,3492.4753,128.3412,3.0,0.3274254662292621,0.03973837647853721,L,-48.11368404144392,LLLLAVLLFLLALLTSLLILI,29149.10921851201,857.7220619142395,32.73920674364685
LLLLVLLTALLFLLISLLILI,LLLLVLLTALLFALISLLILI,Left,void,,,,,,,,,,,3652.38,4687.68,46.0429,61.4136,3640.34,4731.56,100.008,126.696,-24.5798,1.1e+16,12,L,68.4084,47.3060036,3590.9664,3513.644,77.3224,3.0,0.4556402662270634,0.06376552549943797,L,-10.308879257280845,LLLLVLLTALLFLLISLLILI,29847.78246803964,1432.879603511567,45.5593788978316
LLLLYWLLAVLLSLLFTLILI,LLLLYALLAVLLSLLFTLILI,Left,void,,,,,,,,,,,3479.59,4176.57,59.8876,45.1366,3504.5,4205.23,143.452,205.826,-15.0364,1.1e+16,5,W,68.872,47.14140549,3434.4534,3298.674,135.7794,3.0,0.5738711414492174,0.08017372651998006,L,17593913027754.363,LLLLYWLLAVLLSLLFTLILI,30492.05091276969,1456.483194565962,57.38126041473872
LLLLWILTYLLAVLLFLLILI,LLLLWILTYLLAVLLALLILI,Left,void,,,,,,,,,,,3342.26,4118.18,59.7735,39.3118,3313.4,4267.55,159.007,117.636,-14.7712,1.1e+16,15,F,90.4086,30.30502527,3302.9482,3195.764,107.1842,3.0,0.7457328785926278,0.08493988692795611,L,5455839830044.311,LLLLWILTYLLAVLLFLLILI,31428.56680923021,690.1831003322901,74.5656810661265
LLLLWILTYLLAVLLFLLILI,LLLLAILTYLLAVLLFLLILI,Left,void,,,,,,,,,,,3315.39,4248.18,45.1921,30.7278,3313.4,4267.55,122.828,110.395,-14.7712,1.1e+16,4,W,107.7474,22.19011058,3284.6622,3203.005,81.6572,3.0,0.6819941971877642,0.09230346496424462,L,3358936087227.713,LLLLWILTYLLAVLLFLLILI,31081.239420672067,1349.00744549869,68.19246308735106
LLLLALLYVLTFLLASLLILI,LLLLALLYVLTALLASLLILI,Left,void,,,,,,,,,,,3773.28,4652.55,55.5607,22.961,3721.44,4783.78,153.827,94.9884,-12.8531,1.1e+17,11,F,107.3068,17.62599814,3750.319,3626.4516,123.8674,3.0,0.6806443358469677,0.07960334085157918,L,6617246268007.766,LLLLALLYVLTFLLASLLILI,31073.88370191415,777.222125123529,68.05749072243228
LLLVALLTILLYLLFSLLILI,LLLVALLTILLYLLASLLILI,Left,void,,,,,,,,,,,3868.68,4613.01,46.1109,30.7772,3810.52,4669.72,121.376,102.403,-6.30302,1.1e+17,14,F,99.1096,23.69540246,3837.9028,3708.117,129.7858,3.0,0.6189479772099707,0.059780895312885045,L,-65.20794917815806,LLLVALLTILLYLLFSLLILI,30737.685420797843,142.74078275394743,61.88848418788098
LLLVALLTILLALLFSLLILI,LLLVALLTILAALLFSLLILI,Left,void,,,,,,,,,,,3655.95,4580.87,60.4583,107.252,3715.19,4643.39,118.256,224.803,-15.9385,1.1e+17,10,L,21.3194,83.41824076,3548.698,3490.387,58.311,3.0,0.2626231308421031,0.031181513680545475,L,-61.9201728636594,LLLVALLTILLALLFSLLILI,28795.985723855378,771.449560311361,26.25963421636572
LLLYLLLTVLLALLFSLLILI,LLLYLLLTVLLALLASLLILI,Left,void,,,,,,,,,,,3484.09,4146.56,59.3246,38.522,3463.37,4304.42,162.007,85.5918,-9.49051,1.1e+17,14,F,91.3648,29.65813308,3445.568,3377.7782,67.7898,3.0,0.192276192606078,0.01937030156238122,L,7480838945493.745,LLLYLLLTVLLALLFSLLILI,28412.648356152706,250.0659998647704,19.22565796150973
LLLLFALLLILTLLLSVLILI,LLLLFALLLILTALLSVLILI,Left,void,,,,,,,,,,,3650.01,4617.83,57.9087,96.9055,3687.7,4691.6,121.073,190.895,-16.2365,1.1e+16,12,L,32.9165,74.6448984,3553.1045,3496.805,56.2995,3.0,0.3759961979419058,0.04736860624654124,L,-47.3523296154181,LLLLFALLLILTLLLSVLILI,29413.782805010527,1001.26755758724,37.5957844727506
LLLLAILLAVLFTLLSLLILI,LLLLAILLAVLFTLLSALILI,Left,void,,,,,,,,,,,3585.66,4615.15,41.6228,83.1558,3603.97,4635.32,89.6375,177.414,-16.9599,1.1e+16,16,L,46.307,64.23142401,3502.5042,3426.556,75.9482,3.0,0.362601058933707,0.05226124943338986,L,4.1291708134299085,LLLLAILLAVLFTLLSLLILI,29340.789474296027,1531.235208939932,36.25640720805658
LLLLLALLFVLTSLLAILILI,LLLLLALLFVLTSLLAALILI,Left,void,,,,,,,,,,,3603.87,4666.95,44.5462,82.9043,3593.55,4686.3,87.8316,149.733,-32.851,1.1e+16,16,I,46.5585,64.03715971,3520.9657,3443.817,77.1487,3.0,0.3587086343581471,0.041647537953825614,L,-26.018342966753583,LLLLLALLFVLTSLLAILILI,29319.57871760652,708.4559313600608,35.86720445488992
LLLLLALLFVLTWLLSLLILI,LLLLLALLFVLTWLLSALILI,Left,void,,,,,,,,,,,3642.74,4680.18,39.0215,68.8775,3629.29,4705.79,88.087,120.992,-20.1076,1.1e+16,16,L,60.5853,53.20254158,3573.8625,3508.298,65.5645,3.0,0.4327129212930451,0.04801592132404431,L,-30.210019162517604,LLLLLALLFVLTWLLSLLILI,29722.84585706832,565.4472546199885,43.26687827311799
LLLYSLLLTLLFVLLALLILI,LLLYSLLLTLLAVLLALLILI,Right,void,,,,,,,,,,,3505.12,4155.62,58.0842,36.9215,3493.2,4307.41,159.153,112.215,-6.04566,1.1e+17,11,F,93.3463,28.34276774,3468.1985,3380.985,87.2135,5.0,0.49147610251443,0.0666772252597628,R,99999900.0,LLLYSLLFTLLAVLLALLILI,25343.14798292739,1318.2047371976803,45.94945148808814
