Sequence,Region,Design,RotamerValues,Interface,InterfaceSequence,Seed,Density,Baseline,Dimer,Dimerw/Baseline,HBONDDimer,HBONDDimerOptimize,HBONDDimerPreOptimize,HBONDMonomer,IMM1Dimer,IMM1DimerOptimize,IMM1DimerPreOptimize,IMM1Monomer,Monomer,MonomerSasa,OptimizeSasa,PreBBOptimizeSasa,SequenceEntropy,SequenceProbability,Total,TotalPreOptimize,Totalw/Entropy,VDWDimer,VDWDimerOptimize,VDWDimerPreOptimize,VDWMonomer,acceptCycleNumber,acceptTemp,endAxialRotation,endAxialRotationPrime,endCrossingAngle,endXShift,endZShift,endZShiftPrime,firstRepackEnergy,preOptimizeAxialRotation,preOptimizeAxialRotationPrime,preOptimizeCrossingAngle,preOptimizeEnergy,preOptimizeXShift,preOptimizeZShift,preOptimizeZShiftPrime,preRepackTotal,replicateNumber,startAxialRotation,startAxialRotationPrime,startCrossingAngle,startXShift,startZShift,startZShiftPrime,Directory,VDWDiff,HBONDDiff,IMM1Diff,VDWRepackDiff,HBONDRepackDiff,IMM1RepackDiff,RepackChange,SasaDiff,AxChange,xChange,crossChange,zChange,Region.1,geomChangeNorm,TotalNorm,PercentGpA_transformed,std_adjusted,Sample,LB-12H_M9-36H,wt_seq,Fluorescence,FluorStdDev,Percent GpA
LLLTFLLGILLGLLLGVLILI,GAS,leu,1.33002e+20,1.10011e+17,L--TF--GI-LGL-LGV--L-,1677830000,1.0,349.369,-368.774,-19.4043,-52.0226,-55.1837,-51.8102,-45.1579,-222.595,-221.842,-222.593,-241.449,-341.099,4522.02,3522.81,3582.96,55.4271,8.59e-05,-41.3974,-27.4789,36.0228,-94.1555,-105.471,-94.1751,-54.492,513,51.0312,-79.84,41.6096,-42.0449,6.32982,4.09329,3.21743,-32.1239,-79.84,40.4327,-45.0,-27.4789,6.5,3.93441,3.0409,-27.6743,0,-79.84,40.4327,-45.0,6.5,3.93441,3.0409,design_4516,-50.979,-10.0258,19.607,-11.2959,-3.3735,0.751,-13.9185,-999.21,1.1769,-0.17018,2.9551,0.17653,GAS,1,0,1.0292892216590146,0.0224721589234323,G,99999900.0,LLLTFLLAILLGLLLGVLILI,29675.56075895981,7600.184458821666,149.22110022677313
LLLTYLLGVLLGLLLGFLILI,GAS,leu,1.33003e+20,1.10011e+17,L--TY--GV-LGL-LGF--L-,1677830000,1.0,334.434,-181.147,153.287,-56.01,-57.4168,-55.7877,-45.1579,-225.159,-226.717,-225.156,-249.155,-337.829,4532.62,3643.91,3468.88,60.7786,3.48e-05,-29.2244,156.887,214.066,100.022,-82.9198,100.002,-43.5156,515,9.41515,-70.6256,45.7757,-43.8564,6.69097,3.27355,2.46019,126.098,-70.6256,40.5984,-41.2559,156.887,6.8843,2.57462,1.6836,156.682,0,-70.6256,40.5984,-41.2559,6.8843,2.57462,1.6836,design_4725,-39.4042,-12.2589,22.438,-182.9218,-1.6291,-1.561,-186.1114,-888.71,5.1773,-0.19333,-2.6005,0.77659,GAS,1,0,0.8311571015621119,0.2373816110065842,G,64.27875448803606,LLLAYLLGVLLGLLLGFLILI,24655.047581072315,1607.0807186109134,147.1025299928991
LLLTVLLGILLGLLLAFLILI,GAS,leu,1.33002e+20,1.10011e+17,L--TV--GI-LGL-LAF--L-,1677830000,1.0,351.126,-353.742,-2.61696,-48.9232,-51.6914,-48.7238,-45.1579,-221.643,-224.6,-221.642,-241.219,-349.137,4436.05,3659.01,3609.34,45.8438,0.000433384,-29.0691,-4.42251,43.2268,-83.1762,-101.915,-83.1943,-62.76,491,177.29,-86.6913,41.6762,-46.3554,6.724,5.12999,4.25513,-12.2574,-86.6913,38.1487,-45.0,-4.42251,6.9063,4.65377,3.726,-4.60532,0,-86.6913,38.1487,-45.0,6.9063,4.65377,3.726,design_4427,-39.155,-6.5335,16.619,-18.7207,-2.9676,-2.958,-24.64659,-777.04,3.5275,-0.1823,-1.3554,0.52913,GAS,0,0,0.7291813933325533,0.1614126242802759,G,-62.41505505181957,LLLYVLLGILLGLLLAFLILI,22997.76079461317,834.0749713251614,124.17689653925108
LLLVGLLFALLGILLTLLILI,GAS,leu,1.33002e+20,1.10011e+17,L--VG--FA--GI--TL--LI,1677840000,1.0,352.111,-362.514,-10.4024,-58.1611,-62.4887,-58.0328,-58.9275,-216.269,-221.036,-216.263,-238.412,-349.801,4526.34,3635.23,3580.02,45.8438,0.000433384,-27.9109,-12.5973,35.4414,-88.0837,-94.1866,-88.1019,-52.4614,497,87.0218,-65.6894,70.9018,-42.2369,7.06016,5.92515,5.48868,-23.5765,-65.6894,65.6838,-41.7321,-12.5973,7.02898,5.22073,4.70599,-12.7128,1,-65.6894,61.9546,-41.2702,6.9355,4.71728,4.1466,design_4760,-41.7252,-3.5612,17.376,-6.0847,-4.4559,-4.773,-15.3136,-891.11,8.9472,0.12466,-0.9667,1.34208,GAS,1,0,0.3720311231225333,0.0165564241215626,G,3.063377421711699,LLLYGLLFALLGILLTLLILI,21347.85612382333,2659.3927476431204,53.05702684482634
LLLTGLLFALLGILLSLLILI,GAS,leu,1.33002e+20,1.10011e+17,L--TG--FA--GI--SL--LI,1677850000,0.93,357.24,-352.641,4.5991,-60.5119,-68.9966,-60.3871,-60.4607,-222.974,-226.007,-222.967,-242.041,-357.406,4493.99,3739.21,3571.92,49.0751,0.000251088,-26.3742,4.87824,53.6742,-69.1552,-88.7764,-69.1731,-54.9039,509,95.1175,-63.9595,65.6239,-44.7417,7.04334,4.95315,4.4375,-10.2831,-63.9595,61.7605,-42.8864,4.87824,6.8445,4.43159,3.858,4.76441,0,-63.9595,61.7605,-42.8864,6.8445,4.43159,3.858,design_4924,-33.8725,-8.5359,16.034,-19.6033,-8.6095,-3.04,-31.25244,-754.78,3.8634,0.19884,-1.8553,0.5795,GAS,1,0,0.4681678463968881,0.0155030849613946,G,22795790908990.91,LLLTGLLFALLGVLLSLLILI,21778.240769249227,2259.8937559858787,67.3226526099198
LLLLTLLVGLLFALLSILILI,GAS,leu,1.33001e+20,1.10011e+17,L--LTL-VG--FA--SI--LI,1677830000,0.99,362.643,-379.392,-16.7491,-69.6053,-69.5158,-69.4743,-60.5288,-220.939,-222.017,-220.938,-241.221,-358.901,4505.36,3738.31,3627.23,42.6414,0.000744401,-24.9465,-20.3717,25.8923,-88.8479,-92.3149,-88.86,-57.1509,462,804.321,-38.5963,77.1483,-42.1649,7.4926,2.70446,2.36169,-20.4174,-38.5963,75.8133,-42.2554,-20.3717,7.49297,2.52423,2.16143,-20.4914,3,-38.5963,75.2624,-37.139,7.5,2.44986,2.0788,design_4517,-35.164,-8.987,19.204,-3.4549,-0.0415,-1.079,-4.5748,-767.05,1.8859,-0.0074,-5.0259,0.28289,GAS,2,0,0.403768524891092,0.1716451653261625,G,-31.811472457312885,LLLLTLLVGLLFALLSTLILI,20987.913057144146,1270.579110692743,77.32587651237681
LLLYFLLAVLLGLLLGTLILI,GAS,leu,1.33002e+20,1.10011e+17,L--YF--AV-LGL-LGT--L-,1677850000,0.92,339.793,-347.903,-8.11083,-61.602,-60.3533,-61.4014,-58.948,-224.622,-227.311,-224.619,-244.805,-337.335,4644.32,3623.19,3561.39,51.1953,0.000175503,-23.8047,-10.3846,43.0845,-61.6794,-73.4759,-61.6988,-33.5826,459,55.7787,-71.1719,42.7776,-35.051,7.23234,2.95076,2.09242,-16.8074,-71.1719,40.0639,-37.9402,-10.3846,7.11602,2.5844,1.68536,-10.5683,1,-71.1719,34.5088,-41.0473,6.9662,1.83447,0.8521,design_4952,-39.8933,-1.4053,17.494,-11.7771,1.0481,-2.692,-13.4201,-1021.13,8.2688,0.26614,5.9963,1.24032,GAS,2,1,0.288163166402982,0.0083419389757377,G,-17.099091409806473,LLLYFLLAVLLGLLLGSLILI,19898.602163510943,1666.3366693135715,43.30004892536007
LLLVGLLFALLGILLSLLILI,GAS,leu,1.33002e+20,1.10011e+17,L--VG--FA--GI-LSL--L-,1677830000,1.0,354.671,-368.593,-13.9219,-60.3389,-59.1064,-60.214,-60.4607,-221.683,-220.504,-221.681,-237.221,-353.305,4503.37,3610.81,3629.07,45.247,0.000479349,-22.629,-15.1781,31.3251,-86.5706,-96.3237,-86.5888,-55.6235,480,135.765,-68.1464,63.1724,-40.0444,7.05672,5.25024,4.69782,-22.8761,-68.1464,65.7151,-42.0262,-15.1781,7.00029,5.5935,5.07923,-15.2877,4,-68.1464,52.7276,-38.529,6.6534,3.84019,3.1311,design_4601,-40.7002,1.3543,16.717,-9.7349,1.1076,1.177,-7.4509,-892.56,10.4448,0.40332,-1.5154,1.56672,GAS,2,1,0.2584450609017524,0.0559800176232918,G,-68.603259691662,LLLVGLLFALLGILLTLLILI,20429.318319848084,2422.596354524145,43.88419738421488
LLLVALLALLLGTLLSFLILI,GAS,leu,1.33002e+20,1.10011e+17,L--VA--AL--GT-LSF--L-,1677830000,1.0,356.408,-375.231,-18.8227,-74.3977,-73.8718,-74.272,-74.1783,-222.328,-222.275,-222.325,-237.41,-364.218,4469.97,3709.46,3591.25,45.7558,0.000439873,-22.2201,-10.9019,26.9331,-78.5056,-90.2912,-78.5221,-52.6297,478,211.811,-68.1464,65.7151,-42.0262,7.00029,5.5935,5.07923,-22.0681,-68.1464,66.4818,-43.0163,-10.9019,6.90133,5.697,5.19422,-11.0135,3,-68.1464,52.7276,-38.529,6.6534,3.84019,3.1311,design_4601,-37.6615,0.3065,15.135,-11.7691,0.4002,0.05,-11.3182,-760.51,12.9875,0.34689,-3.4972,1.94813,GAS,1,1,0.3793918108273106,0.0178607647936698,G,-59.54441025861355,LLLYALLALLLGTLLSFLILI,20440.25425909176,1538.845099998093,57.72439700018681
LLLTVLLGLLLGFLLSILILI,GAS,leu,1.33002e+20,1.10011e+17,L--TV--GL-LGF-LSI--L-,1677840000,1.0,360.255,-379.3,-19.0454,-62.3328,-62.6183,-62.1941,-60.4258,-225.53,-226.085,-225.528,-242.748,-363.325,4463.57,3701.13,3613.62,49.8243,0.000221238,-21.0659,-15.8491,30.7789,-91.4381,-95.6879,-91.4516,-60.1509,518,6.03486,-95.2981,34.6195,-46.4614,6.88584,5.46835,4.48764,-19.9544,-95.2981,35.6498,-45.5357,-15.8491,7.06102,5.60744,4.64219,-15.9757,2,-95.2981,32.0492,-40.7912,7.3971,5.12136,4.1021,design_4741,-35.537,-2.1925,16.663,-4.2363,-0.4242,-0.557,-5.2168,-762.44,2.5703,-0.51126,-5.6702,0.38554,GAS,0,1,0.7234607917793958,0.1599657407178816,G,20155873716385.79,LLLTLLLGLLLGFLLSILILI,23378.62817393294,1150.4251729389591,123.18389897800206
LLLTYLLFVLLGILLALLILI,GAS,leu,1.33002e+20,1.10011e+17,L--TY--FV--GI-LAL--LI,1677830000,1.0,351.795,-361.024,-9.2293,-63.7156,-56.5344,-63.5772,-45.1579,-229.903,-232.33,-229.901,-249.754,-347.047,4571.36,3645.8,3691.81,45.0013,0.000499666,-19.9727,-13.85,35.772,-67.4055,-78.1551,-67.4183,-52.1352,474,124.21,-61.5471,52.7961,-46.2334,7.4001,2.85954,2.15149,-19.1332,-61.5471,53.4034,-45.9732,-13.85,7.39613,2.94153,2.24258,-13.9777,1,-61.5471,48.1349,-42.0502,7.2784,2.23028,1.4523,design_4684,-26.0199,-11.3765,17.424,-10.7368,7.0428,-2.429,-6.1227,-925.56,4.6612,0.1217,-4.1832,0.69919,GAS,0,1,0.6438641293001459,0.0900075306780335,G,13817042833327.645,LLLTYLLGVLLGILLALLILI,21673.238022879785,1624.758266324858,104.1793809216805
LLLTVLLGLLLGFLLSALILI,GAS,leu,1.33002e+20,1.10011e+17,L--TV--GL-LGF-LSA---I,1677830000,0.84,353.336,-368.431,-15.0954,-62.6386,-63.5052,-62.4449,-60.4258,-217.354,-217.177,-217.352,-239.194,-355.758,4440.15,3732.21,3638.63,48.8354,0.000261463,-19.9475,-12.4963,33.74,-88.4387,-95.0234,-88.4577,-56.1381,536,6.59628,-95.479,20.0633,-45.4315,6.76145,3.5304,2.33134,-16.9982,-95.479,21.2562,-46.6877,-12.4963,6.94788,3.69143,2.51027,-12.673,3,-95.479,27.325,-44.2015,7.2798,4.51072,3.4206,design_4247,-38.8853,-3.0794,22.017,-6.5657,-1.0603,0.175,-7.4512,-707.94,-7.2617,-0.51835,-1.23,-1.08926,GAS,0,1,0.8347257653729492,0.0398502728635644,G,7392734315801.345,LLLTLLLGLLLGFLLSALILI,23986.21906987017,2035.2477471491177,118.76258496596756
LLLYGLLFALLGILLTLLILI,GAS,leu,3.30022e+19,1.10011e+17,L--YG--FA--GI-LTL--L-,1677830000,0.96,342.45,-175.54,166.91,-58.3423,-62.3025,-58.2141,-58.9275,-224.901,-224.044,-224.893,-247.251,-344.484,4590.71,3685.27,3632.32,51.435,0.000168538,-19.6027,169.06,218.345,107.703,-77.7403,107.684,-38.305,483,11.2484,-64.5043,61.4944,-42.352,7.01779,4.4774,3.89981,25.3958,-64.5043,63.2746,-39.8161,169.06,6.83103,4.71773,4.16685,168.944,1,-64.5043,61.457,-37.6682,6.656,4.47234,3.8942,design_4648,-39.4353,-3.375,23.207,-185.4243,-4.0884,0.849,-188.6627,-905.44,0.0374,0.36179,-4.6838,0.00561,GAS,1,1,0.317874457776511,0.0981220061371435,G,-25.72924893533101,LLLVGLLFALLGILLTLLILI,20398.78061360121,1593.529927196454,57.02289442734918
LLLTVLLGALLGILLSLLILI,GAS,leu,1.33001e+20,1.10011e+17,L--TVL-GA--GI--SL--LI,1677850000,0.99,368.303,-379.169,-10.8664,-65.5464,-69.8818,-65.3603,-60.4607,-217.377,-220.172,-217.375,-238.349,-370.992,4403.27,3696.97,3671.76,47.5873,0.000322827,-19.4822,-8.00691,36.7209,-96.2458,-100.42,-96.2627,-72.1816,483,615.932,-63.7261,70.9907,-46.8496,7.00466,5.64266,5.20752,-13.3083,-63.7261,68.0082,-45.1137,-8.00691,7.20222,5.24003,4.76015,-8.17786,2,-63.7261,69.6712,-42.7158,7.3752,5.46453,5.0096,design_4978,-28.2384,-9.4211,18.177,-4.1573,-4.5215,-2.797,-11.47529,-706.3,1.3195,-0.37054,-4.1338,0.19792,GAS,0,1,0.381882894057777,0.0670169925525804,G,-78.66278539702044,LLLTFLLGALLGILLSLLILI,21394.290458547,2383.8581885630206,63.2093579108936
LLLYALLALLLGTLLSFLILI,GAS,leu,3.30022e+19,1.10011e+17,L--YA--AL--GT--SF--LI,1677830000,1.0,346.802,-365.491,-18.6887,-74.073,-74.0312,-73.9474,-74.1783,-224.909,-225.813,-224.902,-246.382,-356.843,4575.98,3878.74,3672.36,51.347,0.000171062,-18.5403,-8.53309,32.6583,-66.509,-75.5388,-66.5265,-36.2831,491,148.395,-66.9322,69.361,-43.3713,6.97351,5.90356,5.44397,-18.3298,-66.9322,69.0129,-43.0152,-8.53309,6.98987,5.85656,5.39176,-8.64761,3,-66.9322,64.0685,-37.8112,7.282,5.18907,4.6501,design_4428,-39.2557,0.1471,20.569,-9.0123,-0.0838,-0.911,-10.00721,-697.24,5.2925,-0.30849,-5.5601,0.79387,GAS,1,1,0.223590550880745,0.0303659456183837,G,-77.62236553565434,LLLYGLLALLLGTLLSFLILI,19281.516749739225,1459.0209835751923,36.08499534464651
LLLTYLLAILLGLLLGFLILI,GAS,leu,1.33002e+20,1.10011e+17,L--TY--AI--GL-LGF--LI,1677830000,1.0,343.859,2105.04,2448.9,-56.4404,-56.8498,-56.241,-45.1579,-226.678,-229.55,-226.676,-250.946,-344.794,4558.97,3685.83,3604.77,51.435,0.000168538,-17.9908,2450.02,2500.33,2388.16,-76.3846,2388.14,-48.6902,407,9.41515,-61.5471,53.4034,-45.9732,7.39613,2.94153,2.24258,327.285,-61.5471,48.1349,-42.0502,2450.02,7.2784,2.23028,1.4523,2449.83,0,-61.5471,48.1349,-42.0502,7.2784,2.23028,1.4523,design_4684,-27.6944,-11.6919,21.396,-2464.5246,-0.6088,-2.874,-2468.0108,-873.14,5.2685,0.11773,-3.923,0.79028,GAS,0,1,0.7485552349792335,0.221100965725313,G,9242640235316.756,LLLTVLLAILLGLLLGFLILI,23793.872846233884,1294.564535012419,133.24441712645313
LLLTYLLAVLLGLLLAFLILI,GAS,leu,1.33002e+20,1.10011e+17,L--TY--AV-LGL-LAF--L-,1677840000,1.0,342.738,-356.941,-14.2036,-53.26,-52.7412,-53.0639,-45.1579,-226.096,-227.449,-226.093,-249.096,-344.166,4571.41,3780.07,3596.93,48.1158,0.000295257,-17.912,-12.5936,33.9122,-77.585,-81.888,-77.6023,-49.9117,463,51.0312,-71.1566,39.9848,-45.7664,7.21841,2.57144,1.67122,-17.8722,-71.1566,39.3075,-46.6461,-12.5936,7.13721,2.48001,1.56962,-12.7754,4,-71.1566,42.8294,-43.0573,7.0278,2.95546,2.0979,design_4872,-31.9763,-7.5833,21.647,-4.2857,0.3227,-1.356,-5.3184,-791.34,-2.8446,0.19061,-2.7091,-0.42668,GAS,0,1,0.454820278544246,0.0922997161108379,G,-84.97419463367513,LLLTYLLAVLLGLLLGFLILI,20853.09695270657,1101.6983653860336,76.5816916399385
LLLTVLLAILLGLLLGFLILI,GAS,leu,1.33002e+20,1.10011e+17,L--TV--AI-LGL-LGF--L-,1677840000,1.0,351.215,-360.062,-8.84661,-50.7456,-50.367,-50.5461,-45.1579,-220.865,-220.946,-220.863,-240.98,-348.176,4453.28,3646.96,3635.42,45.8438,0.000433384,-17.5194,-11.7026,36.9972,-88.4516,-94.3826,-88.4693,-62.038,446,211.811,-71.1566,40.6242,-44.7155,7.08159,2.65776,1.76712,-16.7041,-71.1566,39.5889,-44.988,-11.7026,7.06024,2.51799,1.61182,-11.8859,2,-71.1566,42.8294,-43.0573,7.0278,2.95546,2.0979,design_4872,-32.3446,-5.2091,20.034,-5.9133,0.1791,-0.083,-5.8168,-806.32,-2.2052,0.05379,-1.6582,-0.33078,GAS,1,1,0.3712327731807187,0.1361407184826963,G,15.451265718470292,LLLTVLLAYLLGLLLGFLILI,20466.671292834453,1028.810158988148,68.8383200122748
LLLTFLLAILLGLLLGVLILI,GAS,leu,1.33002e+20,1.10011e+17,L--TF--AI--GL-LGV-IL-,1677850000,0.98,353.629,-355.311,-1.68272,-45.974,-44.9586,-45.7747,-45.1579,-219.421,-220.111,-219.418,-241.908,-344.431,4518.82,3486.5,3452.04,45.8438,0.000433384,-16.1931,-10.6967,44.1611,-89.9165,-95.5548,-89.9347,-57.3646,450,804.321,-74.241,25.4027,-33.9657,7.40375,1.06551,-0.0534448,-16.2804,-74.241,23.3349,-33.5655,-10.6967,7.32603,0.786359,-0.363617,-10.8807,2,-74.241,27.0677,-35.812,7.4865,1.29028,0.1963,design_4953,-38.1902,0.1993,21.797,-5.6201,0.8161,-0.693,-5.4964,-1032.32,-1.665,-0.08275,1.8463,-0.2497448,GAS,2,2,0.6735578775767692,0.1494168134813127,G,-45.68727058727898,LLLTFLLGILLGLLLGVLILI,22394.26203401464,903.5430777588938,114.73743275096636
LLLAGLLFLLLGVLLATLILI,GAS,leu,3.30023e+19,1.10011e+17,L--AG--FL--GV-LAT--LI,1677830000,1.0,345.987,-343.653,2.33344,-60.9709,-63.699,-60.8316,-58.948,-215.365,-215.451,-215.352,-235.294,-344.713,4491.58,3731.95,3607.97,48.9583,0.000256091,-15.1565,1.18899,51.2917,-67.3175,-80.72,-67.3403,-50.4711,502,60.9677,-73.6779,53.5116,-41.3022,7.2116,4.77575,4.07843,-4.9304,-73.6779,53.5881,-38.6441,1.18899,7.4088,4.78608,4.0899,1.06014,0,-73.6779,53.5881,-38.6441,7.4088,4.78608,4.0899,design_4158,-30.2489,-4.751,19.843,-13.3797,-2.8674,-0.099,-16.34549,-759.63,-0.0765,-0.1972,-2.6581,-0.01147,GAS,2,2,0.2805672971430571,0.0649244213071592,G,9.44020888646436,LLLAGLLFLLLGVLLGTLILI,19666.009070543794,1260.894063005319,48.07294773332921
LLLAYLLAVLLGLLLGFLILI,GAS,leu,2.30033e+19,1.10011e+17,L--AY--AV-LGL-LGF--L-,1677830000,1.0,333.867,-338.335,-4.46787,-49.4208,-48.7644,-49.2116,-45.1579,-220.296,-220.768,-220.289,-241.585,-333.216,4503.94,3654.0,3508.26,50.7215,0.000190128,-14.6822,-4.92626,46.2536,-68.6176,-78.3653,-68.6415,-46.4734,451,276.595,-76.6711,51.7534,-36.1052,7.4008,4.98737,4.26367,-11.9083,-76.6711,49.8988,-38.2821,-4.92626,7.47587,4.737,3.98548,-5.11886,3,-76.6711,46.9516,-39.8118,7.5,4.33913,3.5434,design_4322,-31.8919,-3.6065,20.817,-9.7238,0.4472,-0.479,-9.75594,-849.94,4.8018,-0.0992,3.7066,0.72027,GAS,2,2,0.7110171428482781,0.1744980238946144,G,5264863443929.056,LLLTYLLAVLLGLLLGFLILI,23040.10078392965,841.9756948364826,122.86469848251016
LLLYVLLGALLGTLLSFLILI,GAS,leu,1.33002e+20,1.10011e+17,L--YV--GA-LGT--SF--LI,1677830000,0.86,334.147,-349.502,-15.3555,-79.2079,-74.7801,-79.0141,-74.1783,-218.568,-222.951,-218.566,-243.147,-346.409,4492.89,3927.77,3714.76,57.4788,6.07e-05,-11.7778,-2.91561,42.1233,-51.726,-60.4555,-51.7446,-29.084,459,0.597357,-63.0433,72.8526,-42.7044,7.23096,5.7916,5.38439,-6.19677,-63.0433,68.9726,-42.0775,-2.91561,7.31461,5.26779,4.80238,-3.09281,1,-63.0433,66.4747,-39.1069,7.1192,4.93058,4.4277,design_4357,-31.3715,-0.6018,20.196,-8.7109,4.234,-4.385,-8.86219,-565.12,6.3779,0.11176,-3.5975,0.95669,GAS,1,2,0.5840078041124572,0.0015904787641769,G,19021865627853.73,LLLLVLLGALLGTLLSFLILI,22836.030173608364,2384.639862967545,86.15965315465795
LLLATLLVGLLFLLLGTLILI,GAS,leu,1.33002e+20,1.10011e+17,L--AT--VGL-FL--GT--LI,1677850000,1.0,351.664,559.141,910.805,-65.4405,-62.8616,-65.2898,-58.948,-222.76,-219.918,-222.753,-244.551,-349.823,4565.21,3626.36,3531.54,53.5356,0.000118196,-9.71071,909.104,964.34,847.341,-76.7541,847.324,-46.3241,483,471.669,-39.5918,61.9889,-41.6586,7.31071,0.80728,0.237114,712.128,-39.5918,66.1875,-38.1472,909.104,7.1158,1.37409,0.8669,908.964,0,-39.5918,66.1875,-38.1472,7.1158,1.37409,0.8669,design_4979,-30.43,-3.9136,24.633,-924.0781,2.4282,2.835,-918.81471,-938.85,-4.1986,0.19491,-3.5114,-0.629786,GAS,2,2,0.3814969368182965,0.0213237407235969,G,-36.003993432428075,LLLATLLVGLLFLLLGLLILI,20619.267580643103,1833.246667316949,53.954476434889486
