Sequence,PercentGpA,PercentStd,Type,Mutant,Mutant Type,Geometry,Interface,Seed,HBONDDimerOptimize,HBONDDimerPreOptimize,HBONDMonomer,IMM1DimerOptimize,IMM1DimerPreOptimize,IMM1Monomer,Monomer,MonomerSasa,OptimizeSasa,PreBBOptimizeSasa,Total,TotalPreOptimize,VDWDimerOptimize,VDWDimerPreOptimize,VDWMonomer,endAxialRotation,endAxialRotationPrime,endCrossingAngle,endXShift,endZShift,endZShiftPrime,firstRepackEnergy,preOptimizeAxialRotation,preOptimizeAxialRotationPrime,preOptimizeCrossingAngle,preOptimizeEnergy,preOptimizeXShift,preOptimizeZShift,preOptimizeZShiftPrime,replicateNumber,Directory,PercentGpA.1,PercentStd.1,Sample,LB-12H_M9-36H,VDWDiff,HBONDDiff,IMM1Diff,Position,WT_AA,mut_AA
LLLAFLLGVLLGLLLGTLILI,1.2218457560442335,0.1108314362698547,WT,LLLAFLLGVLLLLLLGTLILI,clash,LLLAFLLGVLLGLLLGTLILI_2,1.1001100110011e+17,1.0,-71.6286,-71.5986,-58.7167,-226.081,-226.313,-233.838,-338.864,4544.52,3378.7,3363.12,-55.311,-51.1216,-96.4659,-92.074,-46.3097,-89.0598,50.8484,-35.0704,6.93629,6.7235,5.98623,-51.1929,-83.578,48.738,-35.1079,-390.141,6.9512,5.61633,4.8474,2.0,LLLAFLLGVLLGLLLGTLILI,1.2218457560442335,0.1108314362698547,D,18722200000000.0,-50.156200000000005,-12.911900000000005,7.757000000000005,11,G,L
LLLYFLLGILLGLLLATLILI,1.3563986729085564,0.1829797028424046,WT,LLLYFLLGILLLLLLATLILI,clash,LLLYFLLGILLGLLLATLILI_2,1.1001100110011e+17,1.0,-68.1364,-68.5251,-58.7859,-234.313,-230.106,-246.42,-339.578,4692.71,3619.08,3579.19,-55.0194,20.9268,-92.1472,-20.0196,-34.3714,-87.6525,43.6,-44.4152,6.88573,5.53387,4.68787,-36.6022,-78.7668,42.2799,-44.9187,-375.302,6.9365,4.0228,3.157,2.0,LLLYFLLGILLGLLLATLILI,1.3563986729085564,0.1829797028424046,D,99999900.0,-57.7758,-9.350499999999997,12.107,11,G,L
LLLAFLLGLLLGVLLGTLILI,1.2815192234333064,0.0517470471462715,WT,LLLAFLLLLLLGVLLGTLILI,clash,LLLAFLLGLLLGVLLGTLILI_1,1.1001100110011e+17,1.0,-71.8165,-74.2972,-58.7316,-223.852,-219.267,-233.837,-338.162,4526.87,3406.64,3341.04,-54.3109,-43.3204,-96.804,-87.9187,-45.5936,-87.2526,51.255,-35.2713,7.015,6.50732,5.77615,-50.8887,-83.578,48.738,-35.1079,-387.673,6.9512,5.61633,4.8474,1.0,LLLAFLLGLLLGVLLGTLILI,1.2815192234333064,0.0517470471462715,D,16571400000000.0,-51.2104,-13.084900000000005,9.984999999999983,7,G,L
LLLAFLLGVLLGLLLGYLILI,1.4733457639529906,0.1277131697976043,WT,LLLAFLLLVLLGLLLGYLILI,clash,LLLAFLLGVLLGLLLGYLILI_2,1.1001100110011e+17,1.0,-58.4668,-48.886,-44.9328,-224.211,-218.149,-237.568,-324.774,4566.39,3405.05,3466.47,-53.4547,-25.5162,-95.5514,-83.2553,-42.2733,-76.967,43.9332,-34.9423,5.84421,3.97603,3.13502,-25.2567,-69.605,42.1044,-35.8969,-350.291,6.5663,2.62484,1.75641,2.0,LLLAFLLGVLLGLLLGYLILI,1.4733457639529906,0.1277131697976043,D,12014500000000.0,-53.2781,-13.534,13.357,7,G,L
LLLALLLGFLLGVLLGTLILI,1.1433197362918714,0.0811793273731629,WT,LLLALLLGFLLIVLLGTLILI,clash,LLLALLLGFLLGVLLGTLILI_0,1.1001100110011e+17,1.0,-71.8245,-73.7122,-58.7392,-226.295,-215.423,-232.794,-340.623,4447.23,3435.2,3349.55,-53.2187,-45.9497,-95.7219,-97.4371,-49.09,-77.7818,67.6268,-36.5851,6.94476,7.29689,6.81129,-45.6246,-83.578,48.738,-35.1079,-386.573,6.9512,5.61633,4.8474,0.0,LLLALLLGFLLGVLLGTLILI,1.1433197362918714,0.0811793273731629,D,-54.39590799,-46.6319,-13.085300000000004,6.499000000000024,11,G,I
LLLSYLLGILLGLLLGFLILI,1.083900335189391,0.0746812927537264,WT,LLLSYLLGILLLLLLGFLILI,clash,LLLSYLLGILLGLLLGFLILI_0,1.1001100110011e+17,1.0,-71.7027,-69.0894,-44.9106,-228.677,-227.661,-251.048,-342.301,4563.35,3585.48,3511.37,-51.6392,-45.5886,-93.5604,-91.1388,-46.3418,-74.2948,51.5147,-42.8442,6.36623,4.59871,3.87143,-42.6906,-76.6759,45.1821,-43.8075,-387.89,6.5,4.10097,3.2787,0.0,LLLSYLLGILLGLLLGFLILI,1.083900335189391,0.0746812927537264,D,950.3072671,-47.2186,-26.79209999999999,22.37100000000001,11,G,L
LLLAYLLGVLLGLLLGFLILI,1.2833417021331506,0.0917997049380524,WT,LLLAYLLGVLLLLLLGFLILI,clash,LLLAYLLGVLLGLLLGFLILI_1,1.1001100110011e+17,1.0,-61.5145,-62.2003,-44.9116,-223.623,-220.071,-239.773,-328.062,4555.3,3482.48,3376.24,-50.875,-43.3409,-93.8004,-89.1319,-43.378,-81.806,40.3691,-34.9339,6.74823,4.22072,3.32625,-47.7037,-78.3342,38.1851,-39.2997,-376.023,6.6883,3.40512,2.4779,1.0,LLLAYLLGVLLGLLLGFLILI,1.2006627316054144,0.0827543585759732,D,2114.799586,-50.4224,-16.602899999999998,16.150000000000006,11,G,L
LLLAFLLGLLLGTLLGVLILI,1.539723423591559,0.094282239610416,WT,LLLAFLLGLLLITLLGVLILI,clash,LLLAFLLGLLLGTLLGVLILI_0,1.1001100110011e+17,1.0,-74.2657,-72.8162,-58.6456,-218.135,-214.463,-233.77,-338.613,4481.84,3424.15,3369.05,-49.3893,-42.8678,-95.6016,-94.2018,-46.1983,-71.594,52.3938,-33.2677,7.31784,4.31227,3.59817,-42.4798,-70.7932,46.6401,-35.0,-381.481,7.2306,3.4154,2.615,0.0,LLLAFLLGLLLGTLLGVLILI,1.539723423591559,0.094282239610416,D,99999900.0,-49.4033,-15.620099999999994,15.63500000000002,11,G,I
LLLSYLLGVLLGLLLGFLILI,1.14280834206253,0.0778168737442875,WT,LLLSYLLGVLLGLLLLFLILI,clash,LLLSYLLGVLLGLLLGFLILI_1,1.1001100110011e+17,1.0,-71.5855,-69.7589,-44.9273,-226.199,-225.672,-249.264,-338.213,4564.1,3608.91,3500.88,-48.8037,-33.0937,-89.232,-75.8751,-44.0215,-80.1463,40.6838,-44.9319,6.49172,4.01426,3.12452,-43.719,-79.84,40.4327,-45.0,-386.911,6.5,3.93441,3.0409,1.0,LLLSYLLGVLLGLLLGFLILI,1.14280834206253,0.0778168737442875,D,2469.414392,-45.2105,-26.658199999999997,23.065,15,G,L
LLLYLLLGILLGFLLATLILI,1.957067933399596,0.1365268321437533,WT,LLLYLLLGILLLFLLATLILI,clash,LLLYLLLGILLGFLLATLILI_1,1.1001100110011e+17,1.0,-68.5935,-68.7079,-58.7512,-230.89,-221.438,-246.128,-341.415,4680.17,3648.41,3563.41,-48.0111,-38.555,-89.9424,-89.8241,-36.5363,-89.4049,40.0943,-44.1917,6.95091,5.32347,4.42489,-44.3946,-86.6913,38.1487,-45.0,-385.791,6.9063,4.65377,3.726,1.0,LLLYLLLGILLGFLLATLILI,1.957067933399596,0.1365268321437533,D,99999900.0,-53.40610000000001,-9.842300000000009,15.238,11,G,L
LLLALLLGFLLGTLLGVLILI,1.253414988388073,0.0127644825958111,WT,LLLALLLGFLLITLLGVLILI,clash,LLLALLLGFLLGTLLGVLILI_0,1.1001100110011e+17,1.0,-71.9013,-74.3321,-58.6723,-218.488,-207.998,-232.752,-340.747,4445.04,3434.54,3348.53,-47.7799,-40.2997,-98.1371,-98.7165,-49.322,-79.8773,64.5847,-35.1143,7.49823,7.20054,6.66931,-40.171,-85.1121,47.6719,-35.0,-381.046,7.4675,5.70252,4.9176,0.0,LLLALLLGFLLGTLLGVLILI,1.197779684733607,0.1340024018487993,D,-46.97345184,-48.8151,-13.229000000000006,14.26400000000001,11,G,I
LLLYVLLGILLGLLLAFLILI,0.777031724456961,0.0603367571550905,WT,LLLYVLLGILLGLLLIFLILI,clash,LLLYVLLGILLGLLLAFLILI_0,1.1001100110011e+17,1.0,-54.7594,-53.6635,-44.9386,-234.498,-225.621,-245.999,-337.211,4608.13,3636.43,3619.53,-47.0174,-36.8202,-94.9711,-94.7467,-46.2734,-84.4504,46.4196,-41.0241,7.16841,5.4342,4.63049,-36.7362,-82.2405,38.4729,-43.0414,-374.031,7.0713,4.02991,3.107,0.0,LLLYVLLGILLGLLLAFLILI,,,,,-48.697700000000005,-9.820799999999998,11.501000000000005,15,A,I
LLLTLLLGVLLGFLLAILILI,1.105907287071997,0.0846737647828069,WT,LLLTLLLGVLLIFLLAILILI,clash,LLLTLLLGVLLGFLLAILILI_1,1.1001100110011e+17,1.0,-55.091,-54.8844,-44.9524,-228.589,-225.591,-242.305,-344.273,4537.46,3634.06,3605.41,-46.6182,-39.8221,-107.211,-103.62,-57.0157,-87.4395,41.8258,-39.3719,7.215,5.26241,4.38979,-32.758,-83.081,35.995,-42.847,-377.081,7.4247,3.82147,2.86139,1.0,LLLTLLLGVLLGFLLAILILI,1.105907287071997,0.0846737647828069,D,15418300000000.0,-50.1953,-10.138600000000004,13.716000000000008,11,G,I
LLLALLLGILLGLLLGFLILI,1.2259532729274636,0.1282698237944323,WT,LLLALLLLILLGLLLGFLILI,clash,LLLALLLGILLGLLLGFLILI_0,1.1001100110011e+17,1.0,-59.0518,-57.1003,-44.9506,-219.357,-215.694,-235.098,-343.393,4497.79,3478.46,3397.78,-46.5788,-41.8651,-111.563,-112.464,-63.3442,-83.5134,43.6536,-36.5496,6.70218,4.92025,4.07506,-42.7856,-80.9675,41.2498,-36.7766,-385.258,6.7833,4.21385,3.3326,0.0,LLLALLLGILLGLLLGFLILI,1.2259532729274636,0.1282698237944323,D,20162300000000.0,-48.2188,-14.1012,15.741000000000014,7,G,L
LLLYILLGVLLGLLLAFLILI,0.8528181900448036,0.0623788546139228,WT,LLLYILLGVLLLLLLAFLILI,clash,LLLYILLGVLLGLLLAFLILI_1,1.1001100110011e+17,1.0,-54.4192,-54.3438,-44.9335,-234.643,-223.282,-245.323,-336.748,4603.96,3645.63,3598.57,-45.7219,-31.4903,-93.4079,-90.6127,-46.4918,-93.5594,36.7613,-44.9828,7.08198,5.49669,4.54811,-33.5099,-84.7749,35.5377,-45.0,-370.1,7.0209,4.01383,3.0469,1.0,LLLYILLGVLLGLLLAFLILI,0.8528181900448036,0.0623788546139228,D,26215300000000.0,-46.9161,-9.485699999999994,10.680000000000009,11,G,L
LLLWTLLGILLGLLLGFLILI,0.8269468137802736,0.0548523100856366,WT,LLLWTLLGILLLLLLGFLILI,clash,LLLWTLLGILLGLLLGFLILI_2,1.1001100110011e+17,1.0,-68.2299,-65.6666,-44.9483,-224.774,-224.242,-245.851,-341.885,4629.33,3684.93,3588.75,-45.4532,-38.7611,-94.3342,-90.7376,-51.085,-74.2839,36.7285,-45.5918,6.39687,2.60092,1.65185,-42.6616,-69.6978,38.4736,-44.8571,-384.492,6.5368,2.1486,1.2257,2.0,LLLWTLLGILLGLLLGFLILI,0.8269468137802736,0.0548523100856366,D,-39.08325114,-43.2492,-23.2816,21.077,11,G,L
LLLALLLGVLLGFLLGTLILI,1.2995863357763906,0.0648708194013719,WT,LLLALLLGVLLLFLLGTLILI,clash,LLLALLLGVLLGFLLGTLILI_1,1.1001100110011e+17,1.0,-71.2199,-69.4637,-58.7215,-224.702,-220.071,-232.809,-337.928,4537.92,3556.65,3650.7,-45.3744,-35.8827,-87.3808,-84.276,-46.3976,-87.1293,46.3623,-37.777,7.13235,5.8283,5.02374,-27.2004,-80.2804,39.355,-44.6447,-365.235,7.3257,3.85498,2.9453,1.0,LLLALLLGVLLGFLLGTLILI,1.2995863357763906,0.0648708194013719,D,11396100000000.0,-40.9832,-12.498399999999997,8.107,11,G,L
LLLALLLGLLLGTLLGFLILI,1.1065130919300594,0.0996990242533899,WT,LLLALLLGLLLITLLGFLILI,clash,LLLALLLGLLLGTLLGFLILI_1,1.1001100110011e+17,1.0,-74.7572,-74.6075,-58.7075,-214.968,-213.418,-234.249,-346.884,4507.31,3504.98,3381.48,-45.2021,-44.5565,-102.36,-103.415,-53.927,-78.6658,50.9311,-34.5636,6.16585,5.17556,4.43952,-33.5294,-73.8055,53.1891,-35.1152,-381.63,6.5108,4.75136,4.0492,1.0,LLLALLLGLLLGTLLGFLILI,1.1065130919300594,0.0996990242533899,D,-40.62875721,-48.433,-16.049699999999994,19.28100000000001,11,G,I
LLLYVLLGILLGTLLSLLILI,0.756966723674595,0.0442301872652539,WT,LLLYVLLGILLGTLLILLILI,clash,LLLYVLLGILLGTLLSLLILI_2,1.1001100110011e+17,1.0,-81.349,-74.0377,-74.0377,-237.557,-237.567,-246.205,-370.117,4558.22,3621.01,3785.42,-45.1086,-15.8937,-96.3203,-74.4065,-49.875,-94.0573,41.7994,-46.5316,6.30661,6.25151,5.3785,-10.2625,-103.028,20.5579,-45.0,-380.682,7.3039,4.72952,3.53789,2.0,LLLYVLLGILLGTLLSLLILI,0.756966723674595,0.0442301872652539,D,-79.00676609,-46.4453,-7.311300000000003,8.648000000000025,15,S,I
LLLAYLLGFLLGTLLGLLILI,1.2671629685565935,0.0886372134177667,WT,LLLAYLLGFLLITLLGLLILI,clash,LLLAYLLGFLLGTLLGLLILI_0,1.1001100110011e+17,1.0,-74.2574,-62.5531,-58.6623,-222.647,-217.465,-238.987,-333.922,4549.49,3419.7,3516.78,-44.9295,-21.5017,-81.9475,-75.4064,-36.2733,-86.1872,36.9896,-36.8957,6.44792,4.42169,3.47653,-21.7,-91.134,25.7473,-37.6199,-355.424,7.3707,3.64599,2.5322,0.0,LLLAYLLGFLLGTLLGLLILI,1.2671629685565935,0.0886372134177667,D,14499.04515,-45.674200000000006,-15.595100000000002,16.340000000000003,11,G,I
LLLYVLLGILLGFLLALLILI,1.1908631984940092,0.0703873194930882,WT,LLLYVLLGILLLFLLALLILI,clash,LLLYVLLGILLGFLLALLILI_1,1.1001100110011e+17,1.0,-54.9301,-54.4858,-44.9804,-228.079,-231.054,-245.994,-333.95,4624.21,3607.87,3718.58,-44.8164,35.2874,-95.7574,-13.1229,-42.9753,-85.7234,46.1862,-41.3943,6.5633,5.59365,4.78644,-17.6198,-74.3696,52.761,-36.2687,-351.593,7.5,4.77818,4.0696,1.0,LLLYVLLGILLGFLLALLILI,1.1908631984940092,0.0703873194930882,D,11947200000000.0,-52.78210000000001,-9.9497,17.914999999999992,11,G,L
LLLTFLLGILLGLLLGVLILI,1.5334350421990015,0.1993469408592954,WT,LLLTFLLGILLLLLLGVLILI,clash,LLLTFLLGILLGLLLGVLILI_1,1.1001100110011e+17,1.0,-56.334,-56.0979,-44.9552,-221.767,-222.445,-241.483,-340.182,4582.14,3447.38,3465.57,-44.6952,-33.5135,-106.776,-95.1525,-53.7433,-81.6929,39.3578,-42.7938,6.91171,4.06724,3.15761,-43.6466,-80.9864,40.2503,-44.8665,-384.301,6.9244,4.08175,3.1855,1.0,LLLTFLLGILLGLLLGVLILI,1.5334350421990015,0.1993469408592954,D,99999900.0,-53.0327,-11.378800000000004,19.716000000000008,11,G,L
LLLYVLLGILLGLLLGFLILI,0.9260167460022533,0.0897401665229246,WT,LLLYVLLGILLLLLLGFLILI,clash,LLLYVLLGILLGLLLGFLILI_2,1.1001100110011e+17,1.0,-54.7915,-54.4422,-44.9581,-232.53,-226.864,-244.82,-332.806,4604.99,3722.29,3597.54,-44.6849,-22.2915,-90.169,-73.7911,-43.0279,-85.8326,38.0908,-45.8978,7.45137,4.51716,3.58852,-33.6225,-83.7055,31.7125,-44.5563,-366.045,7.4442,3.33701,2.3127,2.0,LLLYVLLGILLGLLLGFLILI,0.9260167460022533,0.0897401665229246,D,-44.47297891,-47.1411,-9.833399999999996,12.289999999999992,11,G,L
LLLALLLGVLLGTLLGFLILI,0.9864836216994892,0.0250881065661986,WT,LLLALLLGVLLITLLGFLILI,clash,LLLALLLGVLLGTLLGFLILI_0,1.1001100110011e+17,1.0,-70.161,-70.1212,-58.7067,-222.09,-221.525,-232.803,-340.546,4467.29,3579.73,3513.9,-44.6649,-41.0971,-92.9604,-89.9971,-49.0367,-98.7662,39.3986,-34.9528,6.72625,6.63374,5.72472,-41.078,-97.484,35.8407,-36.8474,-381.643,6.7321,5.96109,4.9987,0.0,LLLALLLGVLLGTLLGFLILI,0.908684727852685,0.0560854377997874,D,-79.62584865,-43.9237,-11.454300000000003,10.712999999999994,11,G,I
LLLAFLLGILLGLLLGTLILI,1.255832819207619,0.0786775338075475,WT,LLLAFLLGILLLLLLGTLILI,clash,LLLAFLLGILLGLLLGTLILI_2,1.1001100110011e+17,1.0,-68.7899,-70.1304,-58.7892,-221.632,-221.309,-235.256,-340.738,4531.24,3561.68,3468.17,-44.3748,-34.9737,-94.6904,-84.2715,-46.6928,-85.0023,39.883,-42.6324,7.23064,4.63454,3.73278,-42.9018,-80.3909,36.9211,-40.9331,-383.882,7.1519,3.54298,2.5968,2.0,LLLAFLLGILLGLLLGTLILI,1.255832819207619,0.0786775338075475,D,6811180000000.0,-47.9976,-10.000700000000002,13.623999999999995,11,G,L
LLLYTLLAILLGLLLGFLILI,0.3444652220093118,0.0126595715012105,WT,LLLYTLLAILLGLLLLFLILI,clash,LLLYTLLAILLGLLLGFLILI_2,1.1001100110011e+17,1.0,-69.9154,-65.5597,-44.9683,-228.039,-226.171,-246.776,-337.545,4631.43,4010.5,3680.74,-43.4972,7.52648,-83.0876,-38.2873,-45.8009,-65.2681,48.6924,-47.9781,6.66138,2.86368,2.09407,-30.3529,-69.661,38.6284,-44.2206,-367.966,7.0132,2.16398,1.24341,2.0,LLLYTLLAILLGLLLGFLILI,0.3444652220093118,0.0126595715012105,D,-99.99957951,-37.2867,-24.94710000000001,18.737000000000023,15,G,L
LLLALLLGILLGFLLGTLILI,1.6752858715532566,0.2311660470398085,WT,LLLALLLGILLLFLLGTLILI,clash,LLLALLLGILLGFLLGTLILI_0,1.1001100110011e+17,1.0,-68.7732,-68.8587,-58.6933,-223.193,-217.022,-234.258,-341.667,4532.08,3662.39,3534.38,-43.4694,-32.0989,-93.1698,-87.8851,-48.7155,-85.3833,48.3928,-46.1843,6.78117,5.84052,5.06641,-33.1066,-79.2928,46.8705,-41.4445,-373.766,6.9265,4.72144,3.9245,0.0,LLLALLLGILLGFLLGTLILI,1.6752858715532566,0.2311660470398085,D,24030700000000.0,-44.4543,-10.079900000000002,11.064999999999998,11,G,L
LLLYLLLGILLGTLLAFLILI,0.8056254877386986,0.0613287522340453,WT,LLLYLLLGILLITLLAFLILI,clash,LLLYLLLGILLGTLLAFLILI_1,1.1001100110011e+17,1.0,-68.9018,-66.8573,-58.6898,-236.153,-225.824,-246.127,-344.258,4620.94,3727.09,3573.9,-43.3772,-35.6766,-82.581,-87.2536,-39.4416,-76.448,58.8009,-38.2522,6.74625,5.90532,5.28734,-34.6238,-72.9898,49.7856,-44.4885,-379.6,6.6061,4.16952,3.4163,1.0,LLLYLLLGILLGTLLAFLILI,0.8056254877386986,0.0613287522340453,D,-68.84605377,-43.1394,-10.211999999999996,9.974000000000018,11,G,I
LLLYTLLAVLLGLLLGFLILI,0.4489542444304611,0.03276890348104,WT,LLLYTLLAVLLILLLGFLILI,clash,LLLYTLLAVLLGLLLGFLILI_2,1.1001100110011e+17,1.0,-68.5846,-69.8601,-44.9531,-229.05,-226.505,-245.463,-333.652,4654.84,4047.43,3636.69,-43.3682,-38.6265,-79.3851,-75.9126,-43.2354,-61.4418,50.3122,-43.1046,7.12972,2.50842,1.76311,-40.7756,-60.0061,44.1752,-42.0349,-374.342,6.9704,1.46457,0.627198,2.0,LLLYTLLAVLLGLLLGFLILI,0.4489542444304611,0.03276890348104,D,19.36543146,-36.1497,-23.6315,16.412999999999982,11,G,I
LLLGLLLGFLLGVLLGTLILI,1.4689865459154732,0.0144012332512341,WT,LLLGLLLGFLLIVLLGTLILI,clash,LLLGLLLGFLLGVLLGTLILI_0,1.1001100110011e+17,1.0,-74.2947,-74.2617,-58.7181,-212.865,-209.554,-232.384,-337.644,4428.88,3387.23,3408.33,-43.3634,-38.454,-93.8475,-92.2828,-46.5417,-80.8043,64.1543,-33.3488,6.57326,7.28147,6.74379,-38.612,-81.7407,58.0906,-35.0,-376.098,6.5862,6.60334,5.9747,0.0,LLLGLLLGFLLGVLLGTLILI,1.4689865459154732,0.0144012332512341,D,20305800000000.0,-47.3058,-15.576600000000006,19.518999999999977,11,G,I
LLLFYLLGVLLGILLALLILI,0.8737193327409448,0.0845090018173135,WT,LLLFYLLGVLLIILLALLILI,clash,LLLFYLLGVLLGILLALLILI_0,1.1001100110011e+17,1.0,-55.8155,-56.804,-44.9467,-228.174,-222.13,-241.272,-331.997,4693.08,3678.55,3587.06,-43.3536,-37.7252,-91.3615,-90.7889,-45.7783,-66.4242,47.1095,-41.7717,6.64898,2.82341,2.03005,-37.2517,-62.6538,43.9976,-40.9419,-369.722,6.5,1.83774,0.997703,0.0,LLLFYLLGVLLGILLALLILI,0.8737193327409448,0.0845090018173135,D,99.77795853,-45.583200000000005,-10.8688,13.097999999999985,11,G,I
LLLSYLLGVLLGTLLGLLILI,1.1133864301317218,0.0702593873467405,WT,LLLSYLLGVLLLTLLGLLILI,clash,LLLSYLLGVLLGTLLGLLILI_0,1.1001100110011e+17,1.0,-85.3157,-82.6899,-58.6631,-224.494,-224.192,-248.002,-357.238,4510.49,3460.43,3639.59,-43.2884,-39.016,-90.7157,-89.3713,-50.5721,-85.7378,37.5092,-41.4449,6.66937,4.42442,3.48705,-38.9535,-84.4885,38.2202,-42.7314,-396.254,6.9435,4.333,3.4063,0.0,LLLSYLLGVLLGTLLGLLILI,1.1133864301317218,0.0702593873467405,D,1410.278467,-40.1436,-26.652600000000007,23.50800000000001,11,G,L
LLLAYLLGLLLGVLLGTLILI,1.1852386373432675,0.1354666686912042,WT,LLLAYLLGLLLIVLLGTLILI,clash,LLLAYLLGLLLGVLLGTLILI_2,1.1001100110011e+17,1.0,-76.9322,-77.0971,-58.7113,-215.975,-215.683,-237.542,-345.675,4524.92,3411.68,3372.04,-43.1584,-39.4852,-95.9259,-92.3805,-49.4219,-80.416,45.2587,-35.5647,7.00492,4.67233,3.85121,-37.6185,-78.1031,43.7429,-35.0,-383.451,7.2077,4.12076,3.2769,2.0,LLLAYLLGLLLGVLLGTLILI,1.0968178347815272,0.0806204452376979,D,15061.79735,-46.504,-18.220899999999997,21.567000000000007,11,G,I
LLLYTLLALLLGVLLAFLILI,0.4276472401490265,0.0384324292668698,WT,LLLYTLLALLLGVLLLFLILI,clash,LLLYTLLALLLGVLLAFLILI_2,1.1001100110011e+17,1.0,-70.4215,-70.4131,-44.946,-226.337,-226.24,-246.856,-334.856,4698.67,3959.18,3650.66,-43.1076,-42.1062,-81.2051,-80.3093,-43.0542,-72.7709,38.6066,-43.9334,7.30755,2.62753,1.70663,-41.5579,-73.4033,37.0707,-43.7568,-376.606,7.4419,2.51504,1.5711,2.0,LLLYTLLALLLGVLLAFLILI,0.4276472401490265,0.0384324292668698,D,-74.00361539,-38.1509,-25.4755,20.519000000000005,15,A,L
LLLSYLLGLLLGTLLGFLILI,0.9297696269297316,0.0347494136260934,WT,LLLSYLLGLLLITLLGFLILI,clash,LLLSYLLGLLLGTLLGFLILI_2,1.1001100110011e+17,1.0,-84.7414,-81.8435,-58.7772,-225.882,-227.816,-250.976,-346.633,4568.11,3579.71,3539.31,-42.7913,25.2822,-78.8012,-11.6917,-36.88,-85.1144,37.5907,-37.1632,6.55221,4.34191,3.40577,-34.2313,-87.0744,32.7223,-38.1858,-380.502,6.9066,3.97867,2.9695,2.0,LLLSYLLGLLLGTLLGFLILI,0.8565694774030986,0.0678040809040424,D,4089.165316,-41.92119999999999,-25.9642,25.093999999999998,11,G,I
LLLYTLLALLLGILLGFLILI,0.4004270699462702,0.028762481382947,WT,LLLYTLLALLLIILLGFLILI,clash,LLLYTLLALLLGILLGFLILI_2,1.1001100110011e+17,1.0,-70.5356,-70.9552,-44.9612,-226.79,-224.896,-247.658,-334.39,4716.43,3955.17,3615.13,-42.5517,-40.3858,-79.6167,-78.9245,-41.7712,-62.2698,44.9159,-47.0087,6.43825,1.90412,1.07786,-39.1793,-63.2409,39.6737,-45.0,-373.711,6.506,1.34209,0.437196,2.0,LLLYTLLALLLGILLGFLILI,0.4004270699462702,0.028762481382947,D,20.54862463,-37.8455,-25.574400000000004,20.867999999999995,11,G,I
LLLTLLLGLLLGYLLAFLILI,1.4537274992612903,0.0788504629998289,WT,LLLTLLLGLLLIYLLAFLILI,clash,LLLTLLLGLLLGYLLAFLILI_2,1.1001100110011e+17,1.0,-56.8335,-52.4814,-44.9618,-231.599,-233.0,-246.522,-343.399,4590.09,3655.97,3640.59,-42.3391,-38.4847,-97.3061,-96.4023,-51.9151,-92.773,44.934,-42.6161,6.89914,6.48205,5.65606,-31.5478,-93.4365,38.3915,-39.9749,-375.137,7.3305,5.69833,4.7742,2.0,LLLTLLLGLLLGYLLAFLILI,1.4537274992612903,0.0788504629998289,D,10990600000000.0,-45.391,-11.871700000000004,14.923000000000002,11,G,I
LLLAVLLGILLGLLLGFLILI,1.2413266592803247,0.0320439730569618,WT,LLLAVLLGILLGLLLLFLILI,clash,LLLAVLLGILLGLLLGFLILI_1,1.1001100110011e+17,1.0,-58.5123,-57.0993,-44.9348,-217.603,-216.609,-234.217,-337.501,4460.92,3490.34,3415.98,-42.099,-40.6178,-103.485,-104.41,-58.3489,-81.3347,39.7134,-36.8624,6.88425,4.06151,3.15722,-39.8152,-78.3112,37.3108,-36.9447,-376.479,6.8995,3.28364,2.3433,1.0,LLLAVLLGILLGLLLGFLILI,,,,,-45.1361,-13.5775,16.614000000000004,15,G,L
LLLYTLLGVLLGLLLGFLILI,1.2809080126435863,0.0817275779363945,WT,LLLYTLLGVLLLLLLGFLILI,clash,LLLYTLLGVLLGLLLGFLILI_1,1.1001100110011e+17,1.0,-70.538,-65.3232,-44.9603,-224.472,-221.209,-244.352,-329.827,4601.65,4056.93,3643.52,-42.0336,-21.9624,-76.8509,-65.2574,-40.5145,-69.5854,42.8484,-49.9878,6.26196,2.72234,1.86507,-27.8427,-73.0429,33.6524,-45.0,-358.128,6.7424,1.99951,1.0043,1.0,LLLYTLLGVLLGLLLGFLILI,1.2809080126435863,0.0817275779363945,D,99999900.0,-36.3364,-25.5777,19.879999999999995,11,G,L
LLLYTLLAILLGVLLALLILI,0.3407354184818287,0.0157878868399087,WT,LLLYTLLAILLIVLLALLILI,clash,LLLYTLLAILLGVLLALLILI_2,1.1001100110011e+17,1.0,-70.1379,-69.5219,-45.0036,-225.967,-225.606,-246.937,-353.013,4651.19,3812.41,3677.86,-41.2781,-37.1887,-98.1861,-95.0729,-61.0723,-65.6208,43.9664,-46.2903,7.2966,2.27859,1.43809,-37.3854,-66.3717,42.953,-43.9626,-391.349,7.3394,2.25441,1.39871,2.0,LLLYTLLAILLGVLLALLILI,0.3407354184818287,0.0157878868399087,D,14960700000000.0,-37.1138,-25.134300000000003,20.97,11,G,I
LLLTLLLGVLLGLLLGFLILI,1.586448895290382,0.2115889295034268,WT,LLLTLLLGVLLILLLGFLILI,clash,LLLTLLLGVLLGLLLGFLILI_0,1.1001100110011e+17,1.0,-57.1627,-56.6644,-44.9091,-220.546,-220.971,-241.188,-346.686,4525.52,3533.58,3452.05,-40.991,-39.1539,-109.968,-108.204,-60.5888,-83.5137,36.0407,-37.046,7.36466,3.89254,2.93315,-39.1326,-87.8363,33.3963,-37.1588,-385.839,7.4752,4.18395,3.1849,0.0,LLLTLLLGVLLGLLLGFLILI,1.586448895290382,0.2115889295034268,D,99999900.0,-49.3792,-12.2536,20.642,11,G,I
LLLYFLLGLLLGTLLAVLILI,1.2945992795868435,0.0724216834252788,WT,LLLYFLLGLLLLTLLAVLILI,clash,LLLYFLLGLLLGTLLAVLILI_0,1.1001100110011e+17,1.0,-69.6645,-68.9911,-58.7143,-231.927,-225.802,-245.175,-337.738,4645.02,3625.25,3627.99,-40.8739,-35.3058,-77.0203,-78.2506,-33.848,-77.751,53.723,-41.8455,6.39404,5.41525,4.7211,-35.3615,-70.4483,55.9363,-39.1281,-373.043,6.6187,4.61865,3.95769,0.0,LLLYFLLGLLLGTLLAVLILI,1.2945992795868435,0.0724216834252788,D,-87.69600554,-43.17230000000001,-10.950200000000002,13.24800000000002,11,G,L
LLLAYLLGVLLGTLLGLLILI,1.1290161096272655,0.057787951169271,WT,LLLAYLLGVLLITLLGLLILI,clash,LLLAYLLGVLLGTLLGLLILI_2,1.1001100110011e+17,1.0,-70.9935,-72.8224,-58.7364,-221.533,-218.816,-238.078,-346.696,4493.2,3441.91,3529.64,-40.6993,-10.9748,-94.8697,-66.0326,-49.8821,-89.1538,46.435,-33.8375,7.19346,6.1418,5.33833,-30.2589,-78.2582,48.5511,-37.611,-377.476,7.3268,4.79313,4.0214,2.0,LLLAYLLGVLLGTLLGLLILI,1.1290161096272655,0.057787951169271,D,2645.969905,-44.98759999999999,-12.257099999999994,16.545000000000016,11,G,I
LLLTVLLGILLGLLLAFLILI,0.8599126541275564,0.0871847032470069,WT,LLLTVLLGILLGLLLIFLILI,clash,LLLTVLLGILLGLLLAFLILI_1,1.1001100110011e+17,1.0,-54.5145,-53.7836,-44.9575,-228.127,-226.483,-241.067,-348.053,4506.53,3644.18,3559.0,-40.4302,-36.4486,-105.842,-104.235,-62.0282,-87.4232,39.7884,-42.1065,7.15427,4.98492,4.08175,-35.6043,-82.2405,38.4729,-43.0414,-383.641,7.0713,4.02991,3.107,1.0,LLLTVLLGILLGLLLAFLILI,0.8599126541275564,0.0871847032470069,D,19548600000000.0,-43.8138,-9.556999999999997,12.939999999999998,15,A,I
LLLTLLLGLLLGVLLAILILI,1.3483034703295285,0.0726844866228854,WT,LLLTLLLILLLGVLLAILILI,clash,LLLTLLLGLLLGVLLAILILI_2,1.1001100110011e+17,1.0,-56.8662,-52.2477,-44.9259,-226.021,-228.416,-238.696,-363.377,4544.44,3656.63,3619.52,-40.1954,-34.136,-120.685,-116.849,-79.7554,-93.3623,43.2629,-43.8342,6.47964,6.34485,5.49379,-27.3336,-95.5773,36.118,-40.2012,-392.281,6.9567,5.71253,4.7543,2.0,LLLTLLLGLLLGVLLAILILI,1.3483034703295285,0.0726844866228854,D,16020500000000.0,-40.92960000000001,-11.9403,12.675000000000011,7,G,I
LLLYTLLAVLLGILLALLILI,0.3728900309492565,0.0242072137353841,WT,LLLYTLLAVLLGILLLLLILI,clash,LLLYTLLAVLLGILLALLILI_0,1.1001100110011e+17,1.0,-70.4088,-69.2168,-44.9984,-225.13,-224.82,-247.783,-353.933,4649.43,3941.85,3661.31,-40.1746,-38.2619,-98.5683,-98.1577,-61.1521,-65.5286,42.9548,-45.46,7.27629,2.12818,1.27251,-38.031,-66.3717,42.953,-43.9626,-392.195,7.3394,2.25441,1.39871,0.0,LLLYTLLAVLLGILLALLILI,0.3728900309492565,0.0242072137353841,D,-78.44220064,-37.4162,-25.410400000000003,22.65299999999999,15,A,L
LLLGLLLGLLLGTLLGFLILI,1.0814497265368308,0.1109132846987427,WT,LLLGLLLLLLLGTLLGFLILI,clash,LLLGLLLGLLLGTLLGFLILI_1,1.1001100110011e+17,1.0,-72.3032,-73.1169,-58.6416,-212.211,-213.012,-234.578,-343.789,4474.18,3524.84,3416.05,-40.1733,-35.1992,-99.4484,-92.8592,-50.5693,-88.4343,52.6232,-31.7401,6.58657,6.86928,6.15863,-35.5753,-81.7407,58.0906,-35.0,-379.337,6.5862,6.60334,5.9747,1.0,LLLGLLLGLLLGTLLGFLILI,1.0814497265368308,0.1109132846987427,D,99999900.0,-48.87910000000001,-13.661600000000009,22.36699999999999,7,G,L
LLLYLLLAILLGTLLTFLILI,0.2244417885505992,0.0213865157539194,WT,LLLYLLLLILLGTLLTFLILI,clash,LLLYLLLAILLGTLLTFLILI_0,1.1001100110011e+17,1.0,-77.4362,-77.4367,-72.4884,-241.684,-239.558,-250.437,-359.803,4647.63,3882.18,3728.38,-40.1204,-38.6628,-80.8032,-81.471,-36.8773,-61.4517,55.6548,-39.8433,6.49937,3.23115,2.56597,-37.826,-62.8637,50.8317,-39.7383,-398.466,6.5162,2.79183,2.05431,0.0,LLLYLLLAILLGTLLTFLILI,0.2244417885505992,0.0213865157539194,D,-31.21740193,-43.925900000000006,-4.947800000000001,8.753000000000014,7,A,L
LLLTFLLGVLLGILLGLLILI,1.2087837226393947,0.1009068166761146,WT,LLLTFLLGVLLIILLGLLILI,clash,LLLTFLLGVLLGILLGLLILI_0,1.1001100110011e+17,1.0,-57.1036,-50.6625,-44.9604,-219.654,-218.903,-241.703,-342.495,4564.61,3454.39,3522.58,-39.8123,-27.9037,-105.549,-100.833,-55.831,-88.9149,38.8467,-38.5109,6.89153,5.08155,4.16425,-27.8828,-91.396,35.576,-35.8075,-370.398,7.4513,5.01216,4.0458,0.0,LLLTFLLGVLLGILLGLLILI,1.2087837226393947,0.1009068166761146,D,7984050000000.0,-49.718,-12.1432,22.049000000000007,11,G,I
LLLFYLLGVLLGLLLATLILI,1.364390385322507,0.1933278512475125,WT,LLLFYLLGVLLLLLLATLILI,clash,LLLFYLLGVLLGLLLATLILI_0,1.1001100110011e+17,1.0,-69.0953,-69.0397,-58.7635,-226.342,-222.175,-240.443,-335.925,4691.8,3624.22,3607.86,-39.5999,-31.3863,-80.0873,-76.0971,-36.7191,-74.6392,48.9151,-42.7334,7.17804,4.29941,3.53314,-27.1418,-71.1945,47.5262,-42.4033,-367.311,7.5,3.59521,2.8081,0.0,LLLFYLLGVLLGLLLATLILI,1.364390385322507,0.1933278512475125,D,-0.634372673,-43.3682,-10.331799999999994,14.101,11,G,L
LLLLYLLGVLLGTLLAFLILI,0.5871166734668828,0.0482218560585325,WT,LLLLYLLGVLLLTLLAFLILI,clash,LLLLYLLGVLLGTLLAFLILI_0,1.1001100110011e+17,1.0,-72.5273,-70.3974,-58.7368,-226.745,-217.093,-239.138,-336.748,4604.03,3652.36,3553.05,-39.4888,-28.7389,-76.9642,-77.996,-38.873,-62.8433,68.6049,-42.2409,6.30625,5.18815,4.71722,-28.7224,-64.5306,55.4034,-39.7316,-365.487,6.5792,3.65905,2.9901,0.0,LLLLYLLGVLLGTLLAFLILI,0.5871166734668828,0.0482218560585325,D,-71.02995233,-38.09120000000001,-13.790499999999994,12.393,11,G,L
LLLALLLGILLGTLLGFLILI,1.0472992656512208,0.092163578772617,WT,LLLALLLLILLGTLLGFLILI,clash,LLLALLLGILLGTLLGFLILI_0,1.1001100110011e+17,1.0,-71.3376,-71.3574,-58.7518,-219.211,-213.387,-234.228,-344.342,4463.49,3641.73,3484.43,-39.4724,-33.8939,-93.266,-93.4915,-51.3627,-91.1908,43.4247,-39.4326,6.59735,6.04095,5.19232,-33.9447,-87.213,39.461,-38.899,-378.236,6.5512,4.90918,4.00109,0.0,LLLALLLGILLGTLLGFLILI,1.0472992656512208,0.092163578772617,D,9441460000000.0,-41.90330000000001,-12.585799999999992,15.016999999999996,7,G,L
LLLTLLLGILLGVLLGALILI,1.5158677454737888,0.1872310151271573,WT,LLLTLLLIILLGVLLGALILI,clash,LLLTLLLGILLGVLLGALILI_2,1.1001100110011e+17,1.0,-56.1387,-56.8685,-44.8956,-219.733,-216.922,-236.182,-350.061,4466.33,3681.32,3602.32,-39.2896,-31.1164,-113.478,-107.386,-68.9836,-93.4289,42.7392,-43.5662,6.85637,6.28412,5.42521,-32.1308,-90.0074,38.3333,-42.1317,-382.247,6.7822,5.1761,4.2511,2.0,LLLTLLLGILLGVLLGALILI,1.5158677454737888,0.1872310151271573,D,14204300000000.0,-44.4944,-11.243099999999998,16.448999999999984,7,G,I
LLLALLLGILLGVLLGTLILI,1.005105960131871,0.0728831631537747,WT,LLLALLLGILLIVLLGTLILI,clash,LLLALLLGILLGVLLGTLILI_0,1.1001100110011e+17,1.0,-70.8917,-70.9803,-58.7478,-220.607,-210.744,-231.821,-354.962,4414.92,3640.98,3555.29,-39.2052,-31.1934,-102.668,-104.431,-64.3925,-91.0475,43.8939,-45.0132,6.96159,6.08281,5.24121,-30.9114,-86.55,35.742,-43.5248,-386.155,6.8226,4.30767,3.3438,0.0,LLLALLLGILLGVLLGTLILI,1.005105960131871,0.0728831631537747,D,-81.95133606,-38.27550000000001,-12.143900000000002,11.214,11,G,I
LLLYALLAFLLGLLLGTLILI,1.0689332094400343,0.0773640412845208,WT,LLLYALLAFLLLLLLGTLILI,clash,LLLYALLAFLLGLLLGTLILI_0,1.1001100110011e+17,1.0,-64.2022,-63.8815,-58.7014,-233.233,-231.531,-243.058,-336.19,4635.21,3640.01,3568.45,-39.1127,-36.5387,-77.8671,-77.3155,-34.4303,-67.2261,52.9315,-35.3742,7.13438,3.72967,3.02364,-36.3258,-66.7471,49.0629,-35.0,-372.728,7.0844,3.13556,2.3715,0.0,LLLYALLAFLLGLLLGTLILI,1.0689332094400343,0.0773640412845208,D,-74.92820631,-43.43679999999999,-5.500800000000005,9.824999999999989,11,G,L
LLLYLLLGALLGFLLATLILI,1.4351563166815084,0.0475914032608613,WT,LLLYLLLGALLLFLLATLILI,clash,LLLYLLLGALLGFLLATLILI_0,1.1001100110011e+17,1.0,-69.4167,-70.3977,-58.6881,-227.301,-218.896,-242.079,-336.177,4606.33,3754.53,3645.9,-38.9684,-27.1531,-78.4275,-74.0356,-35.4091,-82.7425,54.2518,-45.5715,6.56767,6.23538,5.54916,-26.9178,-70.2206,60.1674,-40.1718,-363.33,6.5,5.15569,4.5582,0.0,LLLYLLLGALLGFLLATLILI,1.4351563166815084,0.0475914032608613,D,15256300000000.0,-43.01839999999999,-10.728600000000007,14.77800000000002,11,G,L
LLLTFLLGLLLGVLLAILILI,1.383684167315543,0.0580210763023379,WT,LLLTFLLGLLLLVLLAILILI,clash,LLLTFLLGLLLGVLLAILILI_2,1.1001100110011e+17,1.0,-55.5775,-55.5063,-44.9175,-228.503,-226.005,-242.678,-345.934,4558.74,3529.25,3548.29,-38.7694,-30.9681,-100.623,-95.3908,-58.3379,-73.9432,53.6542,-42.8496,6.86799,4.8348,4.13961,-26.6268,-66.0595,53.2865,-42.9639,-372.586,7.0854,3.6026,2.9019,2.0,LLLTFLLGLLLGVLLAILILI,1.383684167315543,0.0580210763023379,D,4233360000000.0,-42.28510000000001,-10.660000000000004,14.175000000000011,11,G,L
LLLAYLLGLLLGFLLGTLILI,1.089890235456125,0.0699094236471101,WT,LLLAYLLGLLLIFLLGTLILI,clash,LLLAYLLGLLLGFLLGTLILI_2,1.1001100110011e+17,1.0,-73.1622,-75.378,-58.7779,-219.121,-218.554,-240.11,-334.945,4553.24,3529.24,3452.1,-37.9996,14.4397,-80.6612,-26.573,-36.0569,-86.6718,51.2459,-35.1321,7.30905,6.41896,5.68765,-32.3821,-85.1121,47.6719,-35.0,-367.385,7.4675,5.70252,4.9176,2.0,LLLAYLLGLLLGFLLGTLILI,1.089890235456125,0.0699094236471101,D,2804.302636,-44.6043,-14.384299999999996,20.989000000000004,11,G,I
LLLWTLLALLLGILLGFLILI,0.2763968636442276,0.0121398569937249,WT,LLLWTLLALLLGILLLFLILI,clash,LLLWTLLALLLGILLGFLILI_2,1.1001100110011e+17,1.0,-68.4535,-56.6545,-44.9318,-228.735,-226.608,-248.026,-343.334,4703.4,3627.35,3647.97,-37.7933,-26.5929,-83.9388,-86.6645,-50.3758,-62.3126,44.7263,-47.981,6.12394,1.88494,1.05583,-26.5203,-59.7943,45.2097,-45.0,-370.52,6.5,1.57245,0.750595,2.0,LLLWTLLALLLGILLGFLILI,0.2763968636442276,0.0121398569937249,D,139.7581718,-33.563,-23.521700000000003,19.291,15,G,L
LLLALLLGLLLGTLLAFLILI,1.061154468469134,0.0507686356011178,WT,LLLALLLGLLLITLLAFLILI,clash,LLLALLLGLLLGTLLAFLILI_0,1.1001100110011e+17,1.0,-72.3982,-70.0591,-58.6918,-220.067,-213.368,-235.42,-351.184,4521.18,3618.2,3500.84,-37.7152,-27.9252,-96.4335,-95.6819,-57.0723,-82.6722,60.6066,-37.5369,6.62022,7.08272,6.49182,-27.9142,-77.6236,58.3724,-37.459,-379.109,6.7222,6.02381,5.3994,0.0,LLLALLLGLLLGTLLAFLILI,1.061154468469134,0.0507686356011178,D,-82.94999095,-39.3612,-13.706400000000002,15.35299999999998,11,G,I
LLLLFLLGVLLGILLATLILI,1.6629975662096497,0.1438256608367001,WT,LLLLFLLGVLLLILLATLILI,clash,LLLLFLLGVLLGILLATLILI_0,1.1001100110011e+17,1.0,-68.9819,-68.6783,-58.7587,-219.727,-213.695,-238.0,-347.134,4598.89,3549.84,3560.66,-37.3208,-30.4884,-95.7464,-95.2489,-50.3755,-74.1607,55.719,-45.0331,6.63132,5.14616,4.48195,-30.3352,-76.1397,46.3109,-45.0,-377.623,6.7451,4.17293,3.36759,0.0,LLLLFLLGVLLGILLATLILI,1.6629975662096497,0.1438256608367001,D,99999900.0,-45.37089999999999,-10.2232,18.273,11,G,L
LLLTFLLGVLLGILLALLILI,1.2049509409614865,0.1676870404997541,WT,LLLTFLLIVLLGILLALLILI,clash,LLLTFLLGVLLGILLALLILI_2,1.1001100110011e+17,1.0,-55.1153,-53.9402,-44.9586,-228.075,-224.039,-242.978,-346.774,4582.25,3630.37,3599.09,-37.2907,-29.6998,-100.874,-98.495,-58.8378,-83.8327,48.5405,-44.3371,6.58105,5.62787,4.85597,-28.005,-75.7962,48.9371,-45.0,-376.796,6.6475,4.47594,3.71,2.0,LLLTFLLGVLLGILLALLILI,,,,,-42.0362,-10.1567,14.90300000000002,7,G,I
LLLAYLLGVLLGFLLGLLILI,1.3268326504243126,0.0711680576643991,WT,LLLAYLLGVLLLFLLGLLILI,clash,LLLAYLLGVLLGFLLGLLILI_1,1.1001100110011e+17,1.0,-57.2019,-54.8368,-44.8823,-218.463,-218.254,-239.758,-324.689,4598.83,3537.35,3547.56,-37.0067,-33.3061,-86.0305,-84.9039,-40.0487,-80.3155,47.9074,-39.2723,7.17182,5.01483,4.23344,-31.8139,-79.0932,48.1108,-39.972,-360.848,7.1758,4.85894,4.0806,1.0,LLLAYLLGVLLGFLLGLLILI,1.3268326504243126,0.0711680576643991,D,779.5822359,-45.98180000000001,-12.3196,21.295000000000016,11,G,L
LLLAYLLGLLLGTLLAFLILI,1.0630096340791195,0.1035133269569015,WT,LLLAYLLGLLLLTLLAFLILI,clash,LLLAYLLGLLLGTLLAFLILI_0,1.1001100110011e+17,1.0,-72.4169,-72.7692,-58.7534,-223.079,-220.377,-241.368,-339.524,4569.21,3668.33,3494.19,-36.5131,-32.1473,-80.5419,-78.5257,-39.4024,-59.1251,62.6659,-39.08,6.64405,3.82866,3.26865,-31.8526,-65.2452,51.3028,-41.1052,-371.671,6.5503,3.21266,2.4822,0.0,LLLAYLLGLLLGTLLAFLILI,1.0630096340791195,0.1035133269569015,D,5167.771195,-41.1395,-13.6635,18.288999999999987,11,G,L
LLLTVLLGILLGLLLGFLILI,0.7857299078610614,0.0635453102676756,WT,LLLTVLLGILLILLLGFLILI,clash,LLLTVLLGILLGLLLGFLILI_2,1.1001100110011e+17,1.0,-55.0635,-52.6996,-44.9617,-223.602,-224.248,-239.92,-343.614,4496.43,3596.4,3569.57,-36.1773,-32.8961,-101.126,-99.563,-58.7327,-78.9821,35.3506,-42.6624,6.63072,3.11965,2.14991,-33.3262,-76.9679,35.2534,-45.0,-377.194,6.6086,2.8044,1.8332,2.0,LLLTVLLGILLGLLLGFLILI,0.7857299078610614,0.0635453102676756,D,-33.58873095,-42.3933,-10.101799999999995,16.317999999999984,11,G,I
LLLYLLLGILLGVLLATLILI,1.8361042309662416,0.2325375573431028,WT,LLLYLLLGILLGVLLLTLILI,clash,LLLYLLLGILLGVLLATLILI_0,1.1001100110011e+17,1.0,-65.9136,-66.9209,-58.7788,-225.855,-223.115,-243.721,-354.9,4584.23,3575.74,3587.0,-36.0169,-33.8808,-99.1489,-98.7451,-52.4007,-70.7161,57.5435,-43.9135,6.72928,4.87579,4.23894,-33.6348,-72.9898,49.7856,-44.4885,-388.781,6.6061,4.16952,3.4163,0.0,LLLYLLLGILLGVLLATLILI,1.8361042309662416,0.2325375573431028,D,99999900.0,-46.7482,-7.134800000000006,17.866000000000014,15,A,L
LLLTYLLLILLGALLGWLILI,0.7874443352998194,0.0989089330645731,WT,LLLTYLLLILLGALLIWLILI,clash,LLLTYLLLILLGALLGWLILI_0,1.1001100110011e+17,1.0,-55.9452,-56.0861,-44.9394,-234.991,-234.716,-251.89,-353.193,4655.97,3676.42,3697.1,-35.6861,-35.3275,-97.9422,-97.7178,-56.3633,-53.7119,55.3337,-42.8927,6.54769,2.02684,1.35684,-35.33,-53.2783,54.8563,-43.0796,-388.52,6.5679,1.89735,1.2202,0.0,LLLTYLLLILLGALLGWLILI,0.7874443352998194,0.0989089330645731,D,23828200000000.0,-41.5789,-11.0058,16.898999999999972,15,G,I
LLLTFLLGILLGVLLGLLILI,1.3001519065966782,0.0456326256572979,WT,LLLTFLLGILLLVLLGLLILI,clash,LLLTFLLGILLGVLLGLLILI_0,1.1001100110011e+17,1.0,-54.9913,-54.5471,-44.9305,-219.645,-220.11,-241.891,-340.671,4571.81,3471.02,3572.01,-35.6036,-34.069,-101.638,-100.082,-53.8493,-93.4775,38.4454,-38.7741,6.70642,5.71175,4.78844,-34.6654,-92.5815,39.7325,-40.3169,-374.74,6.7382,5.75111,4.8471,0.0,LLLTFLLGILLGVLLGLLILI,1.3001519065966782,0.0456326256572979,D,9010760000000.0,-47.788700000000006,-10.0608,22.24599999999998,11,G,L
LLLTFLLVALLGLLLGYLILI,0.2966106368616502,0.0182266557717376,WT,LLLTFLLVALLGLLLIYLILI,clash,LLLTFLLVALLGLLLGYLILI_2,1.1001100110011e+17,1.0,-59.0265,-59.0025,-44.9273,-227.771,-226.878,-245.158,-334.419,4654.66,3719.89,3640.04,-34.9738,-32.2462,-82.595,-80.7846,-44.3336,-49.1629,69.7528,-44.1088,7.22783,3.29107,2.83736,-31.0123,-47.754,68.368,-44.8299,-366.196,7.2266,2.89278,2.4183,2.0,LLLTFLLVALLGLLLGYLILI,0.2966106368616502,0.0182266557717376,D,31.02037141,-38.2614,-14.099199999999996,17.387,15,G,I
LLLYGLLFVLLGILLALLILI,0.4546492609774965,0.0351831346743842,WT,LLLYGLLFVLLGILLLLLILI,clash,LLLYGLLFVLLGILLALLILI_0,1.1001100110011e+17,1.0,-52.2445,-53.3163,-45.0124,-233.982,-231.106,-246.432,-336.405,4658.88,3838.22,3755.49,-34.9125,-32.481,-85.0909,-84.464,-44.961,-62.6841,58.5896,-41.4714,7.29323,3.81221,3.19105,-31.9764,-63.0279,55.5114,-39.6932,-368.887,7.1542,3.44823,2.7809,0.0,LLLYGLLFVLLGILLALLILI,0.4546492609774965,0.0351831346743842,D,10024600000000.0,-40.129900000000006,-7.232100000000003,12.449999999999989,15,A,L
LLLYGLLFLLLGVLLATLILI,0.5877934555108977,0.0431339930023951,WT,LLLYGLLFLLLGVLLITLILI,clash,LLLYGLLFLLLGVLLATLILI_0,1.1001100110011e+17,1.0,-64.794,-65.2469,-58.8196,-236.911,-228.445,-245.692,-339.815,4676.97,3823.31,3690.5,-34.6543,-27.5967,-72.7648,-73.7201,-35.3032,-72.8745,60.675,-41.1063,7.44629,5.6223,5.03243,-27.7718,-66.6192,56.7481,-39.0395,-367.412,7.5,4.15388,3.5051,0.0,LLLYGLLFLLLGVLLATLILI,0.5877934555108977,0.0431339930023951,D,-24.86464659,-37.4616,-5.974399999999996,8.781000000000006,15,A,I
LLLAYLLGVLLGLLLAFLILI,1.2288422448337162,0.0489397604268231,WT,LLLAYLLGVLLILLLAFLILI,clash,LLLAYLLGVLLGLLLAFLILI_1,1.1001100110011e+17,1.0,-56.5098,-56.9287,-44.9549,-222.063,-216.951,-240.879,-332.484,4551.22,3605.77,3563.44,-34.4419,-1.25193,-88.3533,-59.8563,-46.6503,-97.9855,51.2119,-33.8554,6.97548,8.11142,7.3796,-25.4532,-91.43,48.2927,-36.5962,-357.9,7.0472,6.73401,5.9584,1.0,LLLAYLLGVLLGLLLAFLILI,1.2288422448337162,0.0489397604268231,D,50.34365446,-41.703,-11.554899999999996,18.816000000000003,11,G,I
LLLAFLLGVLLGILLGLLILI,1.252161977303423,0.0950392325713131,WT,LLLAFLLGVLLLILLGLLILI,clash,LLLAFLLGVLLGILLGLLILI_0,1.1001100110011e+17,1.0,-53.3846,-53.5625,-44.9468,-220.754,-216.425,-234.662,-335.248,4520.99,3581.94,3694.38,-34.2997,-26.3957,-95.4082,-91.6556,-55.6385,-65.3369,53.5012,-40.874,6.62036,3.52321,2.82572,-26.2352,-69.6978,38.4736,-44.8571,-361.643,6.5368,2.1486,1.2257,0.0,LLLAFLLGVLLGILLGLLILI,1.252161977303423,0.0950392325713131,D,-73.16900562,-39.76969999999999,-8.437799999999996,13.908000000000015,11,G,L
LLLTYLLGVLLGLLLAFLILI,0.9413154802075614,0.0657193763401845,WT,LLLTYLLGVLLILLLAFLILI,clash,LLLTYLLGVLLGLLLAFLILI_1,1.1001100110011e+17,1.0,-54.3964,-54.488,-44.9607,-226.508,-225.874,-249.457,-341.502,4600.95,3684.18,3571.1,-34.1938,-28.2174,-94.7911,-89.3567,-47.0838,-85.2717,40.9905,-46.5415,6.82173,4.82448,3.93934,-26.0565,-80.0044,42.005,-45.0,-369.594,7.041,4.17133,3.3014,1.0,LLLTYLLGVLLGLLLAFLILI,0.9413154802075614,0.0657193763401845,D,5174520000000.0,-47.7073,-9.435699999999995,22.948999999999984,11,G,I
LLLAVLLGFLLGILLSLLILI,1.8706206235983664,0.2212092241591279,WT,LLLAVLLGFLLIILLSLLILI,clash,LLLAVLLGFLLGILLSLLILI_2,1.1001100110011e+17,1.0,-75.9666,-60.1289,-60.3387,-217.863,-221.066,-237.413,-353.038,4506.01,3629.52,3600.61,-33.6557,-14.67,-92.8644,-86.5137,-55.2866,-87.5771,51.3501,-42.8212,6.60891,6.56883,5.83908,-13.9375,-78.8188,59.0852,-37.4413,-367.049,7.5,6.29932,5.6856,2.0,LLLAVLLGFLLGILLSLLILI,1.8706206235983664,0.2212092241591279,D,24030700000000.0,-37.5778,-15.627899999999997,19.55000000000001,11,G,I
LLLTVLLGLLLGLLLGFLILI,0.6799386184701454,0.0414986993427295,WT,LLLTVLLGLLLLLLLGFLILI,clash,LLLTVLLGLLLGLLLGFLILI_1,1.1001100110011e+17,1.0,-56.0772,-47.2932,-44.9424,-227.192,-225.549,-240.144,-346.297,4553.47,3718.86,3645.6,-33.5255,-21.7767,-96.5527,-95.2317,-61.2102,-90.1832,40.2192,-45.213,6.4643,5.45707,4.56036,-20.7276,-94.6454,29.8466,-40.7669,-366.293,7.1745,4.7261,3.6738,1.0,LLLTVLLGLLLGLLLGFLILI,0.6799386184701454,0.0414986993427295,D,11.91421197,-35.3425,-11.134799999999998,12.951999999999998,11,G,L
LLLYGLLFALLGTLLTLLILI,0.4507511699224106,0.0305697242109315,WT,LLLYLLLFALLGTLLTLLILI,clash,LLLYGLLFALLGTLLTLLILI_0,1.1001100110011e+17,1.0,-77.3249,-76.9579,-72.5003,-231.663,-225.71,-246.314,-348.215,4635.94,3926.15,3766.28,-32.9977,-27.0011,-72.2243,-72.5483,-29.4004,-61.414,66.0954,-43.0991,7.24446,4.63497,4.1264,-26.8296,-63.047,55.8436,-42.2554,-375.216,7.2934,3.49594,2.83359,0.0,LLLYGLLFALLGTLLTLLILI,0.4507511699224106,0.0305697242109315,D,46.26259308,-42.8239,-4.824600000000004,14.650999999999982,4,G,L
LLLYLLLAILLGVLLATLILI,0.3101122128121784,0.0185857920481161,WT,LLLYLLLAILLGVLLITLILI,clash,LLLYLLLAILLGVLLATLILI_0,1.1001100110011e+17,1.0,-64.7999,-65.902,-58.7692,-237.752,-227.617,-244.857,-359.139,4595.55,3952.7,3728.8,-32.4128,-26.4988,-89.0005,-92.1193,-55.5128,-59.4625,61.9777,-47.265,7.16111,3.78637,3.21604,-26.6884,-62.2783,46.1971,-42.3028,-385.638,7.14,2.07835,1.27131,0.0,LLLYLLLAILLGVLLATLILI,0.3101122128121784,0.0185857920481161,D,105.154898,-33.487700000000004,-6.030699999999996,7.10499999999999,15,A,I
LLLYALLFILLGVLLALLILI,0.6263277816962685,0.0493962306797048,WT,LLLYALLFILLGVLLLLLILI,clash,LLLYALLFILLGVLLALLILI_2,1.1001100110011e+17,1.0,-51.544,-50.5548,-45.0245,-234.803,-234.554,-247.462,-340.51,4674.84,3915.51,3797.9,-32.1825,-27.4187,-86.3455,-82.8199,-48.0236,-59.541,52.2756,-43.5932,6.45741,2.48836,1.7725,-26.7321,-60.4345,49.6195,-40.8976,-367.059,6.6471,2.26381,1.5081,2.0,LLLYALLFILLGVLLALLILI,0.6263277816962685,0.0493962306797048,D,-65.90383694,-38.3219,-6.519499999999994,12.658999999999992,15,A,L
LLLYFLLGVLLGLLLATLILI,1.19102814757158,0.0883283672810044,WT,LLLYFLLGVLLILLLATLILI,clash,LLLYFLLGVLLGLLLATLILI_0,1.1001100110011e+17,1.0,-66.2994,-66.0408,-58.7393,-228.224,-225.638,-245.573,-338.472,4681.78,3658.11,3652.32,-32.091,-28.1073,-76.0395,-74.9006,-34.1596,-71.6207,54.8337,-40.6809,7.01708,4.64564,3.96815,-28.1606,-72.6747,50.248,-40.0011,-366.579,7.1385,4.18468,3.4384,0.0,LLLYFLLGVLLGLLLATLILI,1.19102814757158,0.0883283672810044,D,10699100000000.0,-41.879900000000006,-7.560100000000006,17.349000000000018,11,G,I
LLLLFLLAVLLGILLSTLILI,0.5747885073394547,0.0430700583600167,WT,LLLLFLLLVLLGILLSTLILI,clash,LLLLFLLAVLLGILLSTLILI_0,1.1001100110011e+17,1.0,-84.4339,-77.9046,-74.1115,-227.792,-222.524,-237.278,-363.897,4568.87,3853.03,3697.76,-31.8025,-21.3938,-83.4731,-84.8614,-52.5073,-61.8228,55.245,-43.3303,6.11481,3.23149,2.56016,-21.4147,-61.5797,48.2683,-39.5794,-385.29,6.5,2.25318,1.47721,0.0,LLLLFLLAVLLGILLSTLILI,0.5747885073394547,0.0430700583600167,D,-56.83816112,-30.9658,-10.322399999999988,9.48599999999999,7,A,L
LLLYVLLGLLLGTLLAFLILI,0.3590691353487683,0.0256438752433217,WT,LLLYVLLGLLLITLLAFLILI,clash,LLLYVLLGLLLGTLLAFLILI_0,1.1001100110011e+17,1.0,-68.4455,-69.8045,-58.6969,-229.914,-219.276,-245.159,-341.222,4624.6,3761.18,3638.48,-31.7412,-24.0202,-74.6029,-76.1615,-37.3659,-70.5507,60.7022,-39.9704,7.36701,5.2774,4.68794,-24.1015,-67.743,51.6604,-38.5819,-365.242,7.1139,3.6356,2.91051,0.0,LLLYVLLGLLLGTLLAFLILI,0.3590691353487683,0.0256438752433217,D,-44.1442606,-37.237,-9.748599999999996,15.245000000000005,11,G,I
LLLVYLLFTLLGGLLALLILI,0.5469785333839152,0.0184373053768056,WT,LLLVYLLFTLLGGLLLLLILI,clash,LLLVYLLFTLLGGLLALLILI_2,1.1001100110011e+17,1.0,-67.9488,-66.2543,-58.7506,-223.286,-223.593,-239.432,-336.119,4588.96,3732.89,3750.57,-31.3612,9.86103,-76.2459,-36.4112,-37.9364,-49.3547,61.7335,-43.1142,6.45098,2.23721,1.66322,-26.0783,-44.9843,61.9817,-41.7735,-362.7,6.6369,1.61517,1.04489,2.0,LLLVYLLFTLLGGLLALLILI,0.5469785333839152,0.0184373053768056,D,-99.99924718,-38.30950000000001,-9.198200000000009,16.145999999999987,15,A,L
LLLYFLLAVLLGLLLGTLILI,0.4005096507463491,0.026259088850028,WT,LLLYALLAVLLGLLLGTLILI,void,LLLYFLLAVLLGLLLGTLILI_1,1.1001100110011e+17,1.0,-65.2311,-65.8402,-58.6875,-230.434,-224.097,-245.576,-338.311,4697.14,3839.2,3648.08,-30.5561,-25.5068,-73.2017,-73.8804,-34.0476,-69.5529,44.4295,-44.7621,6.89451,2.93091,2.09735,-25.4805,-69.0276,38.4457,-43.5682,-364.407,6.8046,2.04431,1.121,1.0,LLLYFLLAVLLGLLLGTLILI,0.4005096507463491,0.026259088850028,D,-42.21300193,-39.1541,-6.543599999999998,15.141999999999996,4,F,A
LLLTFLLAILLGLLLGVLILI,0.981949317613586,0.092282941538145,WT,LLLTFLLAILLGLLLLVLILI,clash,LLLTFLLAILLGLLLGVLILI_1,1.1001100110011e+17,1.0,-51.156,-51.2107,-44.9455,-229.439,-225.835,-242.983,-344.732,4596.05,3824.54,3664.62,-30.3502,-24.4181,-94.4878,-92.1049,-56.8034,-64.5091,48.3245,-44.3707,6.67798,2.70017,1.92504,-27.9121,-62.6538,43.9976,-40.9419,-373.221,6.5,1.83774,0.997703,1.0,LLLTFLLAILLGLLLGVLILI,0.981949317613586,0.092282941538145,D,99999900.0,-37.68439999999999,-6.210499999999996,13.544000000000011,15,G,L
LLLTYLLVLLLGALLGWLILI,0.855468853886787,0.0705397789444032,WT,LLLTYLLVLLLLALLGWLILI,clash,LLLTYLLVLLLGALLGWLILI_2,1.1001100110011e+17,1.0,-55.6136,-53.5046,-44.9494,-234.954,-233.426,-251.261,-352.37,4602.08,3768.63,3593.9,-30.069,-24.6685,-91.871,-90.1079,-56.1595,-51.8417,51.2636,-48.1919,6.69454,1.19684,0.465797,-25.6566,-48.7389,54.7657,-43.6502,-381.573,6.8404,1.20421,0.525696,2.0,LLLTYLLVLLLGALLGWLILI,0.855468853886787,0.0705397789444032,D,19224600000000.0,-35.711499999999994,-10.6642,16.306999999999988,11,G,L
LLLFLLLGLLLGVLLGTLILI,0.776613711061653,0.0524359228362912,WT,LLLFLLLGLLLIVLLGTLILI,clash,LLLFLLLGLLLGVLLGTLILI_0,1.1001100110011e+17,1.0,-66.7824,-66.6376,-58.7224,-217.978,-213.588,-234.862,-346.955,4617.49,3660.36,3626.13,-29.8713,-24.1721,-92.0658,-90.9015,-53.3703,-66.9068,47.8054,-44.0728,6.55508,2.98975,2.20683,-23.9137,-69.6978,38.4736,-44.8571,-371.127,6.5368,2.1486,1.2257,0.0,LLLFLLLGLLLGVLLGTLILI,0.776613711061653,0.0524359228362912,D,-43.26000037,-38.6955,-8.059999999999995,16.883999999999986,11,G,I
LLLSTLLGALLGLLLAFLILI,1.1651294166142168,0.0681697618850678,WT,LLLSTLLGALLGLLLLFLILI,clash,LLLSTLLGALLGLLLAFLILI_0,1.1001100110011e+17,1.0,-71.7295,-70.6183,-44.8879,-218.243,-216.845,-253.956,-355.211,4478.09,3551.64,3561.36,-28.8831,-25.0495,-94.1211,-92.7966,-56.3672,-71.0613,66.3009,-36.6801,6.53623,6.10981,5.60433,-25.0363,-71.6284,64.037,-35.4755,-380.26,6.7328,5.88925,5.3498,0.0,LLLSTLLGALLGLLLAFLILI,1.1651294166142168,0.0681697618850678,D,22182200000000.0,-37.7539,-26.8416,35.712999999999994,15,A,L
LLLTALLAFLLGVLLGLLILI,1.2497732633239524,0.0523765565238724,WT,LLLTALLAFLLGVLLLLLILI,clash,LLLTALLAFLLGVLLGLLILI_2,1.1001100110011e+17,1.0,-51.8021,-50.6018,-44.9303,-220.117,-219.445,-239.285,-341.52,4517.73,3436.17,3462.73,-28.8691,-28.6289,-98.47,-100.102,-57.3041,-63.4094,54.1413,-37.9916,6.46227,3.32049,2.63261,-27.2472,-63.8279,50.3554,-37.6016,-369.178,6.5149,2.87217,2.1275,2.0,LLLTALLAFLLGVLLGLLILI,1.2497732633239524,0.0523765565238724,D,-88.42696745,-41.1659,-6.8718,19.168000000000006,15,G,L
LLLGYLLAALLGTLLFLLILI,0.4362772567082331,0.0261484461139302,WT,LLLGYLLLALLGTLLFLLILI,clash,LLLGYLLAALLGTLLFLLILI_0,1.1001100110011e+17,1.0,-69.5659,-68.6074,-58.7134,-225.989,-227.405,-244.319,-342.018,4588.22,3673.36,3698.97,-28.8508,-28.1291,-75.3142,-74.1348,-38.9865,-58.8116,56.4152,-41.3681,6.97421,2.93779,2.28402,-28.1502,-59.0686,58.4114,-43.8449,-370.148,7.0021,3.24583,2.622,0.0,LLLGYLLAALLGTLLFLLILI,0.4362772567082331,0.0261484461139302,D,99999900.0,-36.3277,-10.8525,18.329999999999984,7,A,L
LLLYLLLAVLLGFLLATLILI,1.1482982052592865,0.1153006107618864,WT,LLLYLLLAVLLIFLLATLILI,clash,LLLYLLLAVLLGFLLATLILI_0,1.1001100110011e+17,1.0,-62.0983,-62.9041,-58.7343,-233.476,-229.05,-245.864,-341.779,4702.18,3894.94,3711.31,-28.7138,-24.4314,-74.9187,-74.2572,-37.1808,-58.9963,56.8073,-40.3288,7.11673,3.01842,2.37053,-24.648,-63.0129,43.6304,-40.5932,-366.211,7.074,1.84204,0.996496,0.0,LLLYLLLAVLLGFLLATLILI,1.1482982052592865,0.1153006107618864,D,26215300000000.0,-37.7379,-3.3640000000000043,12.388000000000003,11,G,I
LLLYALLALLLGTLLGFLILI,0.141748853778179,0.0104155531851795,WT,LLLYALLAALLGTLLGFLILI,void,LLLYALLALLLGTLLGFLILI_0,1.1001100110011e+17,1.0,-66.0334,-63.1759,-58.7298,-230.544,-222.849,-243.086,-337.005,4625.0,3879.78,3737.75,-28.5269,-12.6865,-68.9543,-63.6664,-35.189,-57.9398,75.1696,-40.3411,6.6284,5.33887,4.96641,-12.2226,-63.0279,55.5114,-39.6932,-349.691,7.1542,3.44823,2.7809,0.0,LLLYALLALLLGTLLGFLILI,0.1087706962080827,0.0048863103946972,D,-34.12787555,-33.7653,-7.303600000000003,12.542000000000002,8,L,A
LLLYFLLAVLLGLLLATLILI,0.4748913449417368,0.0246863464590979,WT,LLLYFLLAVLLLLLLATLILI,clash,LLLYFLLAVLLGLLLATLILI_0,1.1001100110011e+17,1.0,-63.1492,-64.0858,-58.7667,-235.935,-229.316,-246.753,-342.591,4703.58,3883.55,3673.72,-28.4371,-25.0829,-71.944,-74.2716,-37.0705,-72.2292,45.6769,-41.3149,7.55254,3.50076,2.68592,-24.8565,-72.8036,36.557,-39.8637,-367.674,7.5,2.35574,1.4041,0.0,LLLYFLLAVLLGLLLATLILI,0.4748913449417368,0.0246863464590979,D,-61.61287067,-34.8735,-4.3825,10.817999999999984,11,G,L
LLLTYLLLILLGALLGFLILI,0.5332572322963984,0.0372904224950762,WT,LLLTYLLLILLGALLLFLILI,clash,LLLTYLLLILLGALLGFLILI_1,1.1001100110011e+17,1.0,-53.7698,-55.8507,-44.9624,-232.255,-231.133,-248.012,-341.652,4610.61,3776.47,3712.86,-28.3903,-28.0188,-84.0181,-82.6869,-48.6779,-55.8479,55.8612,-46.1663,6.6208,2.41845,1.75637,-27.7347,-53.2783,54.8563,-43.0796,-369.554,6.5679,1.89735,1.2202,1.0,LLLTYLLLILLGALLGFLILI,0.5332572322963984,0.0372904224950762,D,-89.02688569,-35.3402,-8.807399999999994,15.757000000000003,15,G,L
LLLYFLLAILLGVLLGLLILI,0.5515526802153554,0.0389985451090457,WT,LLLYFLLAILLIVLLGLLILI,clash,LLLYFLLAILLGVLLGLLILI_1,1.1001100110011e+17,1.0,-46.2266,-46.0474,-44.9933,-232.377,-231.962,-245.028,-332.824,4653.45,3574.51,3650.33,-28.3623,-24.397,-82.5825,-79.2113,-42.802,-72.8808,36.1962,-35.2723,6.89401,2.31861,1.36156,-23.1665,-71.1719,34.5088,-41.0473,-356.438,6.9662,1.83447,0.852102,1.0,LLLYFLLAILLGVLLGLLILI,0.5515526802153554,0.0389985451090457,D,-34.41515397,-39.7805,-1.2332999999999998,12.650999999999982,11,G,I
LLLYLLLAVLLGTLLGFLILI,0.3026757861969041,0.0167359508917718,WT,LLLYLLLAVLLITLLGFLILI,clash,LLLYLLLAVLLGTLLGFLILI_2,1.1001100110011e+17,1.0,-64.9457,-65.8452,-58.7302,-234.395,-230.509,-244.686,-340.215,4630.59,3889.49,3752.3,-28.2874,-17.8051,-69.1619,-61.6658,-36.7989,-68.399,52.4154,-42.8478,6.55316,3.83593,3.12217,-19.2027,-63.4679,45.7061,-41.9956,-359.002,6.5,2.19051,1.3761,2.0,LLLYLLLAVLLGTLLGFLILI,0.3026757861969041,0.0167359508917718,D,194.1785561,-32.363,-6.215499999999999,10.290999999999997,11,G,I
LLLAVLLYLLLGTLLAFLILI,0.5029918295331803,0.0488260253600564,WT,LLLAVLLYLLLGTLLLFLILI,clash,LLLAVLLYLLLGTLLAFLILI_2,1.1001100110011e+17,1.0,-65.3671,-62.6778,-58.7561,-227.991,-229.278,-244.359,-347.607,4585.04,3781.43,3663.89,-27.8337,-21.4872,-82.0829,-77.1389,-44.4924,-59.8026,44.5707,-42.5472,6.68486,1.48742,0.655984,-21.292,-61.1757,39.6677,-44.951,-371.494,6.6522,1.03149,0.126505,2.0,LLLAVLLYLLLGTLLAFLILI,0.5029918295331803,0.0488260253600564,D,24030700000000.0,-37.59049999999999,-6.61099999999999,16.367999999999995,15,A,L
LLLTGLLFLLLGVLLALLILI,0.552445715598823,0.0342657129966524,WT,LLLTGLLFLLLGVLLILLILI,clash,LLLTGLLFLLLGVLLALLILI_2,1.1001100110011e+17,1.0,-46.833,-51.6868,-45.0314,-230.358,-224.901,-244.969,-349.119,4727.05,3692.91,3629.29,-27.8255,1.25884,-99.7543,-71.2723,-59.1193,-69.5746,64.1774,-39.2963,7.46426,5.60014,5.0628,-21.5208,-63.2594,57.5053,-40.4165,-370.731,7.4344,3.75212,3.1147,2.0,LLLTGLLFLLLGVLLALLILI,0.552445715598823,0.0342657129966524,D,7998840000000.0,-40.635,-1.8016000000000003,14.61099999999999,15,A,I
LLLTYLLAVLLGLLLGFLILI,1.036853100723823,0.1133910344582492,WT,LLLTYLLAVLLLLLLGFLILI,clash,LLLTYLLAVLLGLLLGFLILI_1,1.1001100110011e+17,1.0,-56.2147,-55.8851,-44.9499,-227.645,-229.824,-248.914,-340.752,4609.56,3758.96,3638.37,-27.6551,-24.5119,-84.5474,-79.5545,-46.8871,-65.3743,47.8812,-39.703,6.37952,2.77011,1.98833,-27.2275,-65.7313,50.1254,-42.5945,-368.084,6.5,3.12662,2.3785,1.0,LLLTYLLAVLLGLLLGFLILI,1.036853100723823,0.1133910344582492,D,18365900000000.0,-37.6603,-11.2648,21.268999999999977,11,G,L
LLLTFLLAILLGVLLALLILI,0.7234837742049062,0.0505288020120646,WT,LLLTFLLAILLIVLLALLILI,clash,LLLTFLLAILLGVLLALLILI_2,1.1001100110011e+17,1.0,-51.5459,-51.5872,-44.969,-227.449,-226.6,-244.274,-349.407,4592.32,3720.71,3700.26,-27.394,-23.9257,-97.8066,-95.1452,-60.1642,-69.0564,54.3822,-41.5307,7.55072,4.20005,3.51579,-25.2332,-66.9383,52.2503,-39.1618,-375.07,7.4115,3.59454,2.87829,2.0,LLLTFLLAILLGVLLALLILI,0.7234837742049062,0.0505288020120646,D,-91.21462427,-37.6424,-6.576900000000002,16.82499999999999,11,G,I
LLLAGLLYILLGLLLGFLILI,0.7154707892921268,0.0543381204209932,WT,LLLAGLLYILLGLLLIFLILI,clash,LLLAGLLYILLGLLLGFLILI_2,1.1001100110011e+17,1.0,-53.4479,-50.327,-44.9632,-226.112,-224.191,-246.469,-334.998,4583.93,3813.09,3671.4,-27.1877,13.7036,-82.6257,-46.7762,-43.5657,-68.3609,48.7212,-46.349,6.93265,3.33149,2.56231,-14.4524,-70.3036,37.4864,-42.559,-348.913,7.1178,2.1062,1.1685,2.0,LLLAGLLYILLGLLLGFLILI,0.7154707892921268,0.0543381204209932,D,13318300000000.0,-39.06,-8.484699999999997,20.357,15,G,I
LLLYLLLGFLLGVLLTILILI,1.2986107695981584,0.0606360143400415,WT,LLLYLLLLFLLGVLLTILILI,clash,LLLYLLLGFLLGVLLTILILI_0,1.1001100110011e+17,1.0,-55.2779,-55.7683,-58.809,-244.333,-231.496,-248.662,-347.458,4629.84,3728.11,3708.59,-27.0366,-17.8748,-74.884,-78.0687,-39.9869,-111.371,19.3273,-41.5084,7.45387,5.81484,4.60475,-17.2313,-114.11,1.96074,-45.0,-365.333,7.3237,3.8812,2.41061,0.0,LLLYLLLGFLLGVLLTILILI,1.2986107695981584,0.0606360143400415,D,18249500000000.0,-34.8971,3.531099999999995,4.329000000000008,7,G,L
LLLFTLLGALLGILLSLLILI,1.1658903760565602,0.0500914131800005,WT,LLLFTLLGALLIILLSLLILI,clash,LLLFTLLGALLGILLSLLILI_0,1.1001100110011e+17,1.0,-69.2876,-66.9275,-60.2229,-225.684,-218.091,-236.109,-353.49,4554.32,3697.46,3696.31,-26.8922,-14.5717,-85.4106,-83.0439,-57.1583,-63.4191,81.8483,-42.622,7.02949,7.06239,6.79011,-12.9743,-63.5764,69.369,-39.6453,-368.062,7.1848,5.40127,4.9418,0.0,LLLFTLLGALLGILLSLLILI,1.1658903760565602,0.0500914131800005,D,99999900.0,-28.252300000000005,-9.064699999999997,10.425000000000011,11,G,I
LLLSTLLGALLGILLALLILI,0.9860150968568296,0.1458108524928692,WT,LLLSTLLGALLIILLALLILI,clash,LLLSTLLGALLGILLALLILI_0,1.1001100110011e+17,1.0,-71.9777,-71.0875,-44.9242,-217.524,-217.057,-254.555,-371.429,4447.86,3538.04,3629.78,-26.684,-25.5973,-108.611,-108.883,-71.9502,-70.2669,64.7311,-36.3716,6.47897,5.77872,5.24969,-25.0973,-69.9218,65.1182,-35.5777,-397.027,6.6225,5.77923,5.256,0.0,LLLSTLLGALLGILLALLILI,0.7782528126380182,0.0321667035069264,D,24030700000000.0,-36.66080000000001,-27.0535,37.031000000000006,11,G,I
LLLVGLLFALLGTLLSYLILI,0.2328334238234689,0.0178570181753688,WT,LLLVLLLFALLGTLLSYLILI,clash,LLLVGLLFALLGTLLSYLILI_1,1.1001100110011e+17,1.0,-79.1031,-70.2846,-74.0315,-223.055,-222.113,-239.245,-343.918,4560.34,3635.58,3591.6,-26.6432,-6.15349,-68.4023,-57.6733,-30.641,-60.6032,68.4358,-42.9333,6.78886,4.82931,4.35585,-14.9536,-59.8906,63.2894,-39.6145,-359.209,6.7452,4.02766,3.477,1.0,LLLVGLLFALLGTLLSYLILI,0.2328334238234689,0.0178570181753688,D,57.47751823,-37.7613,-5.071600000000004,16.189999999999998,4,G,L
LLLTYLLLILLGGLLAFLILI,0.3998794593680395,0.0309411947951331,WT,LLLTYLLLILLGGLLLFLILI,clash,LLLTYLLLILLGGLLAFLILI_0,1.1001100110011e+17,1.0,-53.8344,-53.6296,-44.9864,-231.296,-229.765,-247.946,-340.976,4636.48,3754.96,3714.04,-26.2137,-23.1331,-82.0599,-80.715,-48.0435,-48.904,53.0001,-42.9311,7.37855,0.990623,0.285625,-23.0069,-46.4862,53.7665,-40.4228,-364.109,7.4327,0.731402,0.0378989,0.0,LLLTYLLLILLGGLLAFLILI,0.3998794593680395,0.0309411947951331,D,99999900.0,-34.0164,-8.847999999999999,16.650000000000006,15,A,L
LLLFVLLILLLGALLGTLILI,0.3979996131589359,0.0235836374239377,WT,LLLFVLLILLLIALLGTLILI,clash,LLLFVLLILLLGALLGTLILI_1,1.1001100110011e+17,1.0,-67.0371,-70.1529,-58.7747,-219.97,-223.203,-236.392,-348.852,4601.14,3803.2,3647.73,-26.0497,-20.4205,-87.894,-75.9157,-53.685,-53.455,53.6699,-49.4195,6.83943,1.76369,1.06873,-18.5202,-48.7389,54.7657,-43.6502,-368.491,6.8404,1.20421,0.525696,1.0,LLLFVLLILLLGALLGTLILI,0.3979996131589359,0.0235836374239377,D,5.964507701,-34.209,-8.262399999999992,16.421999999999997,11,G,I
LLLALLLTVLLGSLLGWLILI,0.1624709918939625,0.0075929188904273,WT,LLLALLLTVLLGSLLIWLILI,clash,LLLALLLTVLLGSLLGWLILI_0,1.1001100110011e+17,1.0,-76.2431,-83.6623,-73.9861,-222.227,-221.955,-239.461,-372.148,4440.17,3768.99,3666.79,-25.4782,-23.8218,-99.1563,-90.3532,-58.7009,-53.9762,54.1658,-51.0917,6.92763,1.90881,1.22129,-22.782,-51.8131,59.6903,-44.8127,-395.97,7.0255,2.33015,1.7255,0.0,LLLALLLTVLLGSLLGWLILI,0.1624709918939625,0.0075929188904273,D,466.2855618,-40.4554,-2.257000000000005,17.23400000000001,15,G,I
LLLTVLLAILLGLLLGFLILI,0.4842381311279699,0.0351813758543071,WT,LLLTVLLAILLILLLGFLILI,clash,LLLTVLLAILLGLLLGFLILI_0,1.1001100110011e+17,1.0,-52.9835,-52.5366,-44.91,-223.687,-222.89,-240.871,-347.538,4510.34,3757.83,3620.61,-25.4605,-23.921,-96.3282,-96.0322,-61.7566,-62.2971,46.1154,-42.8368,6.48497,2.07014,1.26187,-24.5965,-63.1541,43.7872,-41.476,-371.459,6.5,1.88439,1.0412,0.0,LLLTVLLAILLGLLLGFLILI,0.4842381311279699,0.0351813758543071,D,-16.14881433,-34.5716,-8.073500000000003,17.183999999999997,11,G,I
LLLTYLLLVLLGALLGILILI,1.1737005096494244,0.054559547545787,WT,LLLTYLLLVLLGALLLILILI,clash,LLLTYLLLVLLGALLGILILI_1,1.1001100110011e+17,1.0,-56.2383,-54.5979,-44.9538,-228.481,-229.081,-245.669,-353.004,4565.23,3740.36,3668.09,-25.4208,-20.5712,-93.705,-89.8963,-62.3805,-46.3131,51.1675,-46.5549,6.6974,0.354584,-0.377904,-24.9115,-49.164,51.236,-45.0,-377.937,6.7411,0.79146,0.06,1.0,LLLTYLLLVLLGALLGILILI,1.1737005096494244,0.054559547545787,D,18543400000000.0,-31.3245,-11.2845,17.188000000000017,15,G,L
LLLTYLLAVLLGFLLGLLILI,1.1698198091329928,0.0948911803987089,WT,LLLTYLLAVLLGFLLILLILI,clash,LLLTYLLAVLLGFLLGLLILI_2,1.1001100110011e+17,1.0,-53.5183,-53.7157,-44.9703,-228.721,-225.841,-248.57,-336.946,4631.81,3701.69,3635.89,-25.2288,-22.9968,-79.9354,-80.3865,-43.4056,-70.332,46.593,-44.1767,7.55055,3.33985,2.53875,-21.351,-70.8524,42.5823,-40.9781,-357.514,7.4604,2.87647,2.0152,2.0,LLLTYLLAVLLGFLLGLLILI,1.1698198091329928,0.0948911803987089,D,15177300000000.0,-36.5298,-8.548000000000002,19.84899999999999,15,G,I
LLLAFLLALLLGVLLGTLILI,0.5775935358008135,0.0275911286111829,WT,LLLAFLLALLLGVLLITLILI,clash,LLLAFLLALLLGVLLGTLILI_0,1.1001100110011e+17,1.0,-63.8968,-62.4741,-58.728,-216.149,-212.235,-235.0,-342.408,4542.41,3466.73,3420.57,-25.055,-22.3747,-87.4165,-90.0732,-48.6794,-67.7767,58.3212,-36.853,6.47509,4.53987,3.91469,-21.6237,-67.2933,54.064,-35.426,-364.782,6.5282,3.89264,3.2036,0.0,LLLAFLLALLLGVLLGTLILI,0.5775935358008135,0.0275911286111829,D,15.44323542,-38.7371,-5.168799999999997,18.851,15,G,I
LLLTALLALLLGLLLGFLILI,0.7687590334491622,0.0378935378058215,WT,LLLTALLALLLILLLGFLILI,clash,LLLTALLALLLGLLLGFLILI_1,1.1001100110011e+17,1.0,-50.7831,-50.4415,-44.9578,-216.815,-216.252,-240.544,-348.252,4557.77,3563.15,3434.43,-24.7804,-24.1898,-105.434,-105.748,-62.7501,-68.1105,58.3119,-35.0467,6.63208,4.58868,3.96336,-24.1137,-67.6338,56.7049,-35.0,-372.371,6.6313,4.30023,3.6508,1.0,LLLTALLALLLGLLLGFLILI,0.7687590334491622,0.0378935378058215,D,-56.6619345,-42.6839,-5.825299999999999,23.729000000000013,11,G,I
LLLTALLAFLLGILLGLLILI,1.0809050430553917,0.0785076220104479,WT,LLLTALLAFLLGILLLLLILI,clash,LLLTALLAFLLGILLGLLILI_1,1.1001100110011e+17,1.0,-50.8329,-50.9223,-44.9899,-218.199,-216.81,-241.553,-345.868,4544.32,3438.45,3474.25,-24.4309,-23.5073,-101.267,-101.643,-59.325,-78.339,52.1758,-35.1089,7.38807,5.29458,4.57722,-23.8808,-77.6262,50.1878,-35.0,-369.371,7.3742,4.91928,4.1721,1.0,LLLTALLAFLLGILLGLLILI,1.0809050430553917,0.0785076220104479,D,-92.174543,-41.94199999999999,-5.843000000000004,23.353999999999985,15,G,L
LLLYGLLFVLLGLLLATLILI,0.153865095159994,0.0049758747765355,WT,LLLYGLLFVLLGLLLLTLILI,clash,LLLYGLLFVLLGLLLATLILI_0,1.1001100110011e+17,1.0,-63.0461,-63.5513,-58.7786,-229.982,-227.566,-245.742,-340.215,4657.29,3795.87,3733.45,-24.2431,-22.3641,-71.4297,-71.4617,-35.6941,-71.066,48.0131,-42.1302,6.88846,3.64167,2.86187,-21.4659,-69.9791,45.3649,-42.8506,-362.579,6.8462,3.12113,2.3016,0.0,LLLYGLLFVLLGLLLATLILI,0.153865095159994,0.0049758747765355,D,-39.33988448,-35.7356,-4.267500000000005,15.759999999999993,15,A,L
LLLTYLLAVLLGLLLAFLILI,0.5764352156766086,0.0307587619329471,WT,LLLTYLLAVLLLLLLAFLILI,clash,LLLTYLLAVLLGLLLAFLILI_2,1.1001100110011e+17,1.0,-55.7896,-54.9829,-44.9691,-229.923,-227.605,-249.836,-344.949,4614.01,3758.31,3589.04,-24.1128,-20.3595,-83.3496,-82.7214,-50.1448,-56.3376,52.2956,-44.3028,6.5082,2.01054,1.29497,-22.046,-61.5393,48.3787,-39.2956,-366.943,6.8008,2.26202,1.4877,2.0,LLLTYLLAVLLGLLLAFLILI,0.5764352156766086,0.0307587619329471,D,-91.29578639,-33.2048,-10.820500000000004,19.91300000000001,11,G,L
LLLTVLLALLLGLLLGFLILI,0.4599305942746554,0.0286358462246864,WT,LLLTVLLALLLLLLLGFLILI,clash,LLLTVLLALLLGLLLGFLILI_2,1.1001100110011e+17,1.0,-48.5925,-46.6751,-44.9939,-223.288,-223.639,-240.787,-350.05,4571.84,3616.77,3485.44,-23.937,-21.0339,-102.106,-100.769,-64.2694,-73.1775,34.2725,-40.9476,7.0311,2.10341,1.1175,-22.9386,-72.6874,32.4259,-40.8381,-372.846,7.0033,1.78061,0.766999,2.0,LLLTVLLALLLGLLLGFLILI,0.4599305942746554,0.0286358462246864,D,-3.106530723,-37.83659999999999,-3.5986000000000047,17.498999999999995,11,G,L
LLLAALLALLLGFLLGTLILI,0.7148293574335224,0.0458987307718442,WT,LLLAALLALLLIFLLGTLILI,clash,LLLAALLALLLGFLLGTLILI_0,1.1001100110011e+17,1.0,-60.4431,-60.3637,-58.7293,-220.368,-209.602,-232.556,-341.581,4478.52,3656.49,3506.6,-23.6044,-12.4365,-84.3744,-84.0516,-50.2949,-87.067,63.1302,-36.2106,7.41122,8.08263,7.52958,-11.8071,-82.2885,51.7195,-35.0,-354.017,7.5,5.82541,5.1012,0.0,LLLAALLALLLGFLLGTLILI,0.7148293574335224,0.0458987307718442,D,-38.80866643,-34.0795,-1.713799999999999,12.188000000000017,11,G,I
LLLSYLLALLLGTLLGFLILI,0.569428272204627,0.0422880690238415,WT,LLLSYLLALLLITLLGFLILI,clash,LLLSYLLALLLGTLLGFLILI_0,1.1001100110011e+17,1.0,-80.754,-72.3899,-58.7203,-227.872,-226.021,-251.327,-349.887,4590.58,3832.34,3637.65,-23.1393,-15.387,-64.3997,-66.8626,-39.8393,-62.1553,37.9973,-45.3604,6.79474,0.952937,0.022897,-14.7494,-58.9126,45.2347,-40.4016,-365.274,6.7135,1.44358,0.622101,0.0,LLLSYLLALLLGTLLGFLILI,0.569428272204627,0.0422880690238415,D,20597700000000.0,-24.560399999999994,-22.033700000000003,23.454999999999984,11,G,I
LLLYALLALLLGVLLSTLILI,0.3020782018553339,0.0153840810067263,WT,LLLYALLALLLGVLLITLILI,clash,LLLYALLALLLGVLLSTLILI_0,1.1001100110011e+17,1.0,-75.1042,-71.8787,-74.1828,-229.257,-222.64,-243.901,-366.892,4599.13,3714.02,3710.98,-22.9676,-17.0523,-85.4984,-89.4256,-48.8082,-75.4874,62.4106,-39.3178,7.25935,6.24854,5.6847,-17.0428,-72.2819,58.8241,-37.2216,-383.944,7.0527,5.28354,4.6659,0.0,LLLYALLALLLGVLLSTLILI,0.3020782018553339,0.0153840810067263,D,-36.93404701,-36.6902,-0.9214000000000055,14.644000000000004,15,S,I
LLLTALLFLLLGLLLGVLILI,1.0788588845286,0.0916791660429515,WT,LLLTALLFLLLGLLLIVLILI,clash,LLLTALLFLLLGLLLGVLILI_1,1.1001100110011e+17,1.0,-46.7445,-46.2338,-44.9714,-227.34,-226.077,-241.094,-346.855,4607.6,3562.6,3484.14,-22.7206,-10.4788,-95.4908,-85.0225,-60.7894,-71.0951,54.6877,-34.7457,7.48436,4.5471,3.86742,-18.1197,-68.3594,45.4039,-35.0373,-364.976,7.4732,2.88344,2.0645,1.0,LLLTALLFLLLGLLLGVLILI,1.0788588845286,0.0916791660429515,D,-42.98320814,-34.70139999999999,-1.7730999999999997,13.75399999999999,15,G,I
LLLTYLLVLLLGALLSFLILI,0.8211360182621699,0.0580951900753589,WT,LLLTYLLVLLLGALLLFLILI,clash,LLLTYLLVLLLGALLSFLILI_1,1.1001100110011e+17,1.0,-80.6622,-70.9345,-60.4043,-230.681,-230.327,-250.783,-357.848,4655.62,3816.67,3671.27,-22.0645,-17.3303,-68.569,-73.9172,-46.6605,-55.7892,61.1115,-44.4112,7.49585,3.11843,2.5351,-18.3046,-53.9192,60.8048,-44.6955,-376.941,7.2319,2.79653,2.2086,1.0,LLLTYLLVLLLGALLSFLILI,0.8211360182621699,0.0580951900753589,D,8898990000000.0,-21.908500000000004,-20.2579,20.101999999999972,15,S,L
LLLYILLALLLGVLLSTLILI,0.3677381215256579,0.0241170093726554,WT,LLLYILLILLLGVLLSTLILI,clash,LLLYILLALLLGVLLSTLILI_0,1.1001100110011e+17,1.0,-77.9338,-72.0697,-74.1753,-231.106,-223.643,-246.575,-373.928,4603.3,3749.32,3723.66,-21.9427,-11.893,-86.8304,-90.1075,-53.1768,-75.5154,56.1696,-46.5225,7.48619,5.4102,4.75275,-11.7007,-71.421,52.627,-43.8508,-385.821,7.5,4.3178,3.60721,0.0,LLLYILLALLLGVLLSTLILI,0.3677381215256579,0.0241170093726554,D,99999900.0,-33.6536,-3.758500000000012,15.468999999999994,7,A,I
LLLAVLLGILLGLLLTFLILI,1.0534539840292267,0.067885795362569,WT,LLLAVLLIILLGLLLTFLILI,clash,LLLAVLLGILLGLLLTFLILI_1,1.1001100110011e+17,1.0,-58.098,-57.5951,-58.7585,-222.545,-220.705,-238.607,-353.494,4480.47,3577.98,3581.47,-21.4065,-17.2437,-94.2582,-92.4382,-56.129,-108.117,25.437,-37.3852,7.33316,6.15157,5.03313,-14.0187,-106.47,21.0167,-38.4019,-367.854,7.4459,5.30775,4.123,1.0,LLLAVLLGILLGLLLTFLILI,1.0534539840292267,0.067885795362569,D,-67.96768556,-38.1292,0.660499999999999,16.062000000000012,7,G,I
LLLAYLLAVLLGLLLGFLILI,0.9436549163309824,0.0824913157617155,WT,LLLAYLLAVLLILLLGFLILI,clash,LLLAYLLAVLLGLLLGFLILI_2,1.1001100110011e+17,1.0,-51.5782,-50.3124,-44.976,-219.735,-217.852,-241.067,-332.274,4573.48,3583.57,3472.42,-21.4048,-18.6022,-82.3657,-82.7125,-46.231,-67.8564,42.2675,-37.399,6.65811,2.38457,1.51858,-16.4099,-67.1512,40.0821,-37.8379,-350.395,6.769,1.98377,1.085,2.0,LLLAYLLAVLLGLLLGFLILI,0.9436549163309824,0.0824913157617155,D,9227130000000.0,-36.1347,-6.602200000000003,21.331999999999997,11,G,I
LLLLALLFALLGILLSTLILI,0.3043676112335938,0.0200346372599052,WT,LLLLALLFALLIILLSTLILI,clash,LLLLALLFALLGILLSTLILI_1,1.1001100110011e+17,1.0,-80.0714,-79.4648,-74.1345,-222.788,-223.672,-237.471,-364.596,4494.22,3860.61,3670.25,-21.2195,-19.7321,-82.9566,-81.1919,-52.9908,-61.2559,64.6541,-46.5772,6.83133,4.41669,3.8865,-13.8856,-54.9267,67.0486,-40.0719,-380.26,7.1275,3.79057,3.2963,1.0,LLLLALLFALLGILLSTLILI,0.3043676112335938,0.0200346372599052,D,-26.02029331,-29.965799999999994,-5.936899999999994,14.682999999999993,11,G,I
LLLYFLLALLLGTLLGVLILI,0.4472913337761701,0.0321366142038827,WT,LLLYFLLALLLITLLGVLILI,clash,LLLYFLLALLLGTLLGVLILI_2,1.1001100110011e+17,1.0,-64.9266,-64.9652,-58.6969,-219.471,-219.448,-245.449,-337.848,4674.29,3590.36,3551.17,-21.1236,-21.1177,-74.5746,-74.5533,-33.703,-61.219,48.794,-36.7815,7.208,2.27003,1.50194,-20.5853,-61.4169,47.8691,-36.8365,-358.7,7.2814,2.17486,1.3929,2.0,LLLYFLLALLLGTLLGVLILI,0.4472913337761701,0.0321366142038827,D,3.080223639,-40.8716,-6.229699999999994,25.97800000000001,11,G,I
LLLTVLLGLLLGALLSFLILI,0.6407038249855166,0.0254557883951026,WT,LLLTVLLGLLLLALLSFLILI,clash,LLLTVLLGLLLGALLSFLILI_2,1.1001100110011e+17,1.0,-65.3393,-64.91,-60.2903,-222.332,-221.445,-238.753,-355.043,4506.85,3773.81,3730.17,-20.9593,-14.2217,-88.3311,-82.9097,-55.9999,-97.6482,41.389,-45.8443,7.18299,6.73475,5.85558,-14.5816,-101.046,32.942,-43.0962,-370.06,7.3877,6.10407,5.0982,2.0,LLLTVLLGLLLGALLSFLILI,0.6407038249855166,0.0254557883951026,D,-11.73589203,-32.33120000000001,-5.048999999999992,16.420999999999992,11,G,L
LLLYLLLAFLLGTLLGVLILI,1.2095879694201923,0.1105159635763205,WT,LLLYLLLAFLLGTLLLVLILI,clash,LLLYLLLAFLLGTLLGVLILI_0,1.1001100110011e+17,1.0,-58.7101,-58.7101,-58.7101,-228.705,-219.37,-244.623,-340.611,4599.03,3637.84,3586.63,-19.8038,-13.4972,-72.9991,-76.0279,-37.2774,-68.3878,49.8936,-36.4657,7.4926,3.49382,2.74222,-13.6836,-70.4738,37.5669,-39.1051,-354.108,7.2986,2.1426,1.2061,0.0,LLLYLLLAFLLGTLLGVLILI,1.2095879694201923,0.1105159635763205,D,25.78489159,-35.7217,0.0,15.917999999999978,15,G,L
LLLGYLLFLLLGSLLAFLILI,0.4270343000088537,0.0241221740655972,WT,LLLGYLLFLLLISLLAFLILI,clash,LLLGYLLFLLLGSLLAFLILI_1,1.1001100110011e+17,1.0,-66.9497,-66.9456,-60.3366,-227.146,-227.085,-246.389,-336.168,4640.77,3717.61,3607.86,-19.4597,-19.3716,-61.5316,-61.5091,-29.4421,-58.7478,60.6201,-40.6791,6.87844,3.49588,2.90518,-17.9119,-58.4556,60.5704,-40.8451,-355.398,6.8723,3.44534,2.8539,1.0,LLLGYLLFLLLGSLLAFLILI,0.4270343000088537,0.0241221740655972,D,99999900.0,-32.0895,-6.61310000000001,19.243000000000023,11,G,I
LLLTALLGVLLGLLLSFLILI,1.084397839252078,0.0379282817467635,WT,LLLTALLGVLLLLLLSFLILI,clash,LLLTALLGVLLGLLLSFLILI_2,1.1001100110011e+17,1.0,-66.5974,-60.3105,-60.3105,-225.391,-220.024,-242.192,-358.543,4509.95,3680.0,3574.33,-19.2081,-8.21906,-85.7629,-86.4273,-56.0397,-95.0248,37.9863,-39.8206,7.13912,5.88188,4.95168,-9.88874,-98.0401,23.7539,-36.4478,-368.468,7.5,4.41279,3.2691,2.0,LLLTALLGVLLGLLLSFLILI,1.084397839252078,0.0379282817467635,D,4463650000000.0,-29.7232,-6.286899999999996,16.801000000000016,11,G,L
LLLGYLLAFLLGLLLGTLILI,1.4301378369143287,0.0730347103822432,WT,LLLGYLLAFLLILLLGTLILI,clash,LLLGYLLAFLLGLLLGTLILI_0,1.1001100110011e+17,1.0,-63.0919,-64.1804,-58.7749,-221.396,-218.985,-243.557,-338.614,4565.14,3533.02,3542.58,-18.7993,-14.5969,-72.9257,-70.0453,-36.2825,-60.8939,53.8847,-34.9998,7.33505,2.90852,2.21679,-10.9289,-61.4169,47.8691,-36.8365,-353.211,7.2814,2.17486,1.3929,0.0,LLLGYLLAFLLGLLLGTLILI,1.4301378369143287,0.0730347103822432,D,5791140000000.0,-36.64320000000001,-4.317,22.161,11,G,I
LLLTALLALLLGVLLSFLILI,0.6944142098388588,0.0588827910032091,WT,LLLTALLALLLIVLLSFLILI,clash,LLLTALLALLLGVLLSFLILI_2,1.1001100110011e+17,1.0,-63.7036,-65.4577,-60.3459,-222.417,-222.33,-242.549,-358.453,4543.05,3773.89,3647.87,-18.5791,-15.1272,-90.9115,-85.7919,-55.5583,-72.1998,60.0414,-44.7084,7.119,5.43556,4.83619,-12.9115,-67.4512,65.6275,-43.9752,-371.467,7.4846,5.47739,4.9618,2.0,LLLTALLALLLGVLLSFLILI,0.6944142098388588,0.0588827910032091,D,9381690000000.0,-35.3532,-3.357700000000001,20.132000000000005,11,G,I
LLLTALLAALLGVLLSLLILI,0.6416139705206974,0.0332629927703895,WT,LLLTALLAALLIVLLSLLILI,clash,LLLTALLAALLGVLLSLLILI_0,1.1001100110011e+17,1.0,-70.9757,-68.7596,-60.2647,-219.14,-218.977,-238.787,-370.356,4466.84,3744.56,3713.37,-18.2702,-16.6492,-98.5102,-99.2679,-71.3042,-65.5824,63.2918,-45.4756,7.00727,4.88175,4.33113,-16.9272,-65.8118,64.0229,-43.9688,-387.005,7.1953,5.01486,4.4752,0.0,LLLTALLAALLGVLLSLLILI,0.6416139705206974,0.0332629927703895,D,3579030000000.0,-27.206000000000003,-10.711000000000006,19.64700000000002,11,G,I
LLLLFLLAILLGTLLGVLILI,0.6478872544754426,0.0398997972504946,WT,LLLLFLLAILLGTLLLVLILI,clash,LLLLFLLAILLGTLLGVLILI_0,1.1001100110011e+17,1.0,-58.7231,-58.7231,-58.7231,-217.399,-210.046,-235.965,-346.028,4514.47,3503.69,3502.39,-17.1798,-9.19475,-87.0849,-86.4532,-51.3399,-63.1299,47.4613,-40.5206,7.15287,2.37676,1.58868,-9.07995,-62.6136,40.7304,-39.3075,-355.222,7.2265,1.39064,0.501596,0.0,LLLLFLLAILLGTLLGVLILI,0.6478872544754426,0.0398997972504946,D,-22.07347663,-35.745000000000005,0.0,18.566000000000003,15,G,L
LLLGALLALLLGTLLGFLILI,0.2463403503426278,0.0110674741908315,WT,LLLGALLALLLGTLLLFLILI,clash,LLLGALLALLLGTLLGFLILI_1,1.1001100110011e+17,1.0,-64.8759,-65.8837,-58.7121,-209.713,-214.577,-233.619,-340.858,4451.17,3602.75,3516.2,-16.181,-15.9532,-82.4508,-76.3512,-48.5274,-75.5132,55.856,-33.7642,7.12975,5.36753,4.70537,-14.7997,-76.6587,59.1886,-35.0,-355.715,7.2022,5.98927,5.3771,1.0,LLLGALLALLLGTLLGFLILI,0.2463403503426278,0.0110674741908315,D,-10.43037056,-33.9234,-6.163800000000002,23.90600000000001,15,G,L
LLLYVLLTILLGALLSLLILI,0.485302563893349,0.0403536362810165,WT,LLLYVLLTILLGALLLLLILI,clash,LLLYVLLTILLGALLSLLILI_2,1.1001100110011e+17,1.0,-76.7543,-74.612,-74.2421,-231.052,-229.273,-247.319,-374.149,4590.68,3971.48,3807.04,-14.3528,-9.746,-80.6954,-80.01,-52.5875,-41.1613,71.5188,-45.5939,7.96449,2.32922,1.90201,-5.69472,-40.5799,64.8968,-45.0,-381.339,7.351,1.34805,0.821502,2.0,LLLYVLLTILLGALLSLLILI,0.485302563893349,0.0403536362810165,D,24030700000000.0,-28.107900000000008,-2.512200000000007,16.266999999999996,15,S,L
LLLGALLALLLGTLLSFLILI,0.303162975759403,0.0208682164868775,WT,LLLLALLALLLGTLLSFLILI,clash,LLLGALLALLLGTLLSFLILI_0,1.1001100110011e+17,1.0,-76.8377,-76.2075,-74.0721,-220.643,-218.703,-238.519,-361.57,4497.96,3806.81,3659.73,-12.9654,-10.2808,-77.0544,-76.9405,-48.9792,-86.808,53.3642,-45.2572,7.49453,6.72537,6.02583,-9.60316,-84.1071,54.9836,-41.1247,-371.851,7.4834,6.53885,5.8636,0.0,LLLGALLALLLGTLLSFLILI,0.258871027277593,0.0129124208145294,D,3675110000000.0,-28.0752,-2.765599999999992,17.876000000000005,3,G,L
LLLSYLLVALLGLLLGFLILI,0.5188586816045452,0.0465075707619845,WT,LLLSALLVALLGLLLGFLILI,void,,,,,,,,,,,,,,,,,,,,,,,,,,,,,,,,,,,,,,,,,,4,Y,A
LLLYALLFLLLGTLLGSLILI,0.1373548650078968,0.0136246607750197,WT,LLLYALLFLLLITLLGSLILI,clash,,,,,,,,,,,,,,,,,,,,,,,,,,,,,,,,,,,,,,,,,,11,G,I
LLLSYLLGVLLGLLLATLILI,1.1466995614019766,0.0399109300867512,WT,LLLSYLLGVLLILLLATLILI,clash,,,,,,,,,,,,,,,,,,,,,,,,,,,,,,,,,,,,,,,,,,11,G,I
LLLYILLGLLLGTLLAFLILI,0.2513136757384748,0.0192491731258874,WT,LLLYILLILLLGTLLAFLILI,clash,,,,,,,,,,,,,,,,,,,,,,,,,,,,,,,,,,,,,,,,,,7,G,I
LLLTILLALLLGFLLGSLILI,0.8198345859555678,0.0549892160636661,WT,LLLTILLALLLIFLLGSLILI,clash,,,,,,,,,,,,,,,,,,,,,,,,,,,,,,,,,,,,,,,,,,11,G,I
LLLTALLFLLLGYLLGSLILI,1.1902372135441832,0.0791404327277248,WT,LLLTALLFLLLGYLLISLILI,clash,,,,,,,,,,,,,,,,,,,,,,,,,,,,,,,,,,,,,,,,,,15,G,I
LLLATLLVGLLFLLLGLLILI,0.476459983335093,0.0478089579523333,WT,LLLATLLVGLLFLLLILLILI,clash,,,,,,,,,,,,,,,,,,,,,,,,,,,,,,,,,,,,,,,,,,15,G,I
LLLSSLLALLLGVLLGTLILI,0.6160019149323915,0.0585240627270393,WT,LLLSSLLALLLGVLLITLILI,clash,,,,,,,,,,,,,,,,,,,,,,,,,,,,,,,,,,,,,,,,,,15,G,I
LLLYSLLALLLGTLLGFLILI,0.0960486274580435,0.0120911702281388,WT,LLLYSLLALLLITLLGFLILI,clash,,,,,,,,,,,,,,,,,,,,,,,,,,,,,,,,,,,,,,,,,,11,G,I
LLLTVLLALLLGFLLGSLILI,0.8095391755652522,0.0036294929019979,WT,LLLTVLLALLLGFLLISLILI,clash,,,,,,,,,,,,,,,,,,,,,,,,,,,,,,,,,,,,,,,,,,15,G,I
LLLVLLLTGLLFALLAYLILI,0.1932791279471801,0.0179712205980412,WT,LLLVLLLTGLLFILLAYLILI,clash,,,,,,,,,,,,,,,,,,,,,,,,,,,,,,,,,,,,,,,,,,12,A,I
LLLASLLVGLLFLLLGLLILI,0.4213394541574847,0.0338282721921698,WT,LLLASLLVGLLFLLLILLILI,clash,,,,,,,,,,,,,,,,,,,,,,,,,,,,,,,,,,,,,,,,,,15,G,I
LLLWSLLTLLLGVLLAFLILI,0.2643287841663593,0.0308980947430319,WT,LLLWSLLILLLGVLLAFLILI,clash,,,,,,,,,,,,,,,,,,,,,,,,,,,,,,,,,,,,,,,,,,7,T,I
LLLASLLFLLLGYLLGTLILI,0.6598897595347156,0.0498875431212417,WT,LLLASLLFLLLGALLGTLILI,void,,,,,,,,,,,,,,,,,,,,,,,,,,,,,,,,,,,,,,,,,,12,Y,A
LLLYLLLGALLGTLLSFLILI,0.658697962658024,0.0987886635130371,WT,LLLYLLLGALLITLLSFLILI,clash,,,,,,,,,,,,,,,,,,,,,,,,,,,,,,,,,,,,,,,,,,11,G,I
LLLTLLLGLLLGVLLASLILI,1.2056591346510452,0.0805396042674509,WT,LLLTLLLGLLLIVLLASLILI,clash,,,,,,,,,,,,,,,,,,,,,,,,,,,,,,,,,,,,,,,,,,11,G,I
LLLASLLTLLLGYLLGVLILI,0.3673717445039845,0.0286114491482785,WT,LLLASLLTLLLIYLLGVLILI,clash,,,,,,,,,,,,,,,,,,,,,,,,,,,,,,,,,,,,,,,,,,11,G,I
LLLYFLLAVLLGLLLGSLILI,0.2898953960794051,0.0382412138312219,WT,LLLYFLLIVLLGLLLGSLILI,clash,,,,,,,,,,,,,,,,,,,,,,,,,,,,,,,,,,,,,,,,,,7,A,I
LLLAYLLGVLLGLLLSTLILI,0.9939123888273094,0.00618507477653,WT,LLLAYLLGVLLILLLSTLILI,clash,,,,,,,,,,,,,,,,,,,,,,,,,,,,,,,,,,,,,,,,,,11,G,I
LLLALLLGLLLGVLLSTLILI,0.957875956630793,0.0267855145883796,WT,LLLALLLILLLGVLLSTLILI,clash,,,,,,,,,,,,,,,,,,,,,,,,,,,,,,,,,,,,,,,,,,7,G,I
LLLGYLLALLLGTLLSFLILI,0.5946544256552502,0.0331220581979397,WT,LLLGYLLILLLGTLLSFLILI,clash,,,,,,,,,,,,,,,,,,,,,,,,,,,,,,,,,,,,,,,,,,7,A,I
LLLYLLLGALLAFLLSTLILI,0.1269881262730273,0.0151676092331001,WT,LLLYLLLGALLIFLLSTLILI,clash,,,,,,,,,,,,,,,,,,,,,,,,,,,,,,,,,,,,,,,,,,11,A,I
LLLSYLLAVLLGLLLGTLILI,0.8878225824530558,0.0644285746177696,WT,LLLSALLAVLLGLLLGTLILI,void,,,,,,,,,,,,,,,,,,,,,,,,,,,,,,,,,,,,,,,,,,4,Y,A
LLLYILLGLLLGTLLASLILI,0.2376129098306844,0.0337926658939588,WT,LLLYILLILLLGTLLASLILI,clash,,,,,,,,,,,,,,,,,,,,,,,,,,,,,,,,,,,,,,,,,,7,G,I
LLLSYLLTVLLGTLLAFLILI,0.2912722037095196,0.0307884860832102,WT,LLLSYLLTVLLITLLAFLILI,clash,,,,,,,,,,,,,,,,,,,,,,,,,,,,,,,,,,,,,,,,,,11,G,I
LLLYALLFLLLGTLLSILILI,0.1386235355679844,0.0198209033878452,WT,LLLYALLFILLGTLLSILILI,clash,,,,,,,,,,,,,,,,,,,,,,,,,,,,,,,,,,,,,,,,,,8,L,I
LLLTSLLVGLLAYLLGLLILI,0.3914623581266631,0.0469046938408282,WT,LLLTSLLVGLLIYLLGLLILI,clash,,,,,,,,,,,,,,,,,,,,,,,,,,,,,,,,,,,,,,,,,,11,A,I
LLLTYLLGVLLGLLLSFLILI,1.0691888230545954,0.0770215284221948,WT,LLLTYLLIVLLGLLLSFLILI,clash,,,,,,,,,,,,,,,,,,,,,,,,,,,,,,,,,,,,,,,,,,7,G,I
LLLYLLLAVLLGTLLSFLILI,0.1746173971008174,0.0206865931990846,WT,LLLYALLAVLLGTLLSFLILI,void,,,,,,,,,,,,,,,,,,,,,,,,,,,,,,,,,,,,,,,,,,4,L,A
LLLYVLLGLLLGFLLSTLILI,1.1760819082660143,0.1630100350389942,WT,LLLYVLLILLLGFLLSTLILI,clash,,,,,,,,,,,,,,,,,,,,,,,,,,,,,,,,,,,,,,,,,,7,G,I
LLLAYLLGVLLGLLLSFLILI,1.0768720397965403,0.0175345285039504,WT,LLLAYLLGVLLILLLSFLILI,clash,,,,,,,,,,,,,,,,,,,,,,,,,,,,,,,,,,,,,,,,,,11,G,I
LLLVALLALLLGTLLSFLILI,0.3779230120751412,0.0392320329012421,WT,LLLVALLALLLGTLLIFLILI,clash,,,,,,,,,,,,,,,,,,,,,,,,,,,,,,,,,,,,,,,,,,15,S,I
LLLYVLLALLLGTLLGFLILI,0.0979810618445646,0.0114862086125953,WT,LLLYVLLALLLGTLLIFLILI,clash,,,,,,,,,,,,,,,,,,,,,,,,,,,,,,,,,,,,,,,,,,15,G,I
LLLTALLVGLLGGLLFLLILI,0.2967906223444595,0.0343679836731492,WT,LLLTALLVGLLGILLFLLILI,clash,,,,,,,,,,,,,,,,,,,,,,,,,,,,,,,,,,,,,,,,,,12,G,I
LLLTSLLLALLFGLLFALILI,0.3721120894896461,0.0204265948670527,WT,LLLTSLLLALLFGLLAALILI,void,,,,,,,,,,,,,,,,,,,,,,,,,,,,,,,,,,,,,,,,,,15,F,A
LLLTVLLGALLGILLSLLILI,0.378385913234506,0.0318984107044307,WT,LLLTVLLGALLIILLSLLILI,clash,,,,,,,,,,,,,,,,,,,,,,,,,,,,,,,,,,,,,,,,,,11,G,I
LLLVTLLLGLLFGLLFALILI,0.7149937507909521,0.0329642956409799,WT,LLLVTLLLGLLFILLFALILI,clash,,,,,,,,,,,,,,,,,,,,,,,,,,,,,,,,,,,,,,,,,,12,G,I
LLLYALLALLLGTLLSFLILI,0.2123109652284077,0.0212014957165395,WT,LLLYALLALLLITLLSFLILI,clash,,,,,,,,,,,,,,,,,,,,,,,,,,,,,,,,,,,,,,,,,,11,G,I
LLLTYLLAILLGLLLGFLILI,0.7600232063938437,0.0233635781860249,WT,LLLTYLLAILLILLLGFLILI,clash,,,,,,,,,,,,,,,,,,,,,,,,,,,,,,,,,,,,,,,,,,11,G,I
LLLALLLGALLGTLLSFLILI,1.229148975362056,0.1125831103923998,WT,LLLALLLGALLITLLSFLILI,clash,,,,,,,,,,,,,,,,,,,,,,,,,,,,,,,,,,,,,,,,,,11,G,I
LLLLTLLVALLAGLLFSLILI,0.2475807350730635,0.0130174325850114,WT,LLLLTLLVALLAGLLASLILI,void,,,,,,,,,,,,,,,,,,,,,,,,,,,,,,,,,,,,,,,,,,15,F,A
LLLAALLALLLGVLLGTLILI,0.3325474366069413,0.0369427774049529,WT,LLLAALLAALLGVLLGTLILI,void,,,,,,,,,,,,,,,,,,,,,,,,,,,,,,,,,,,,,,,,,,8,L,A
LLLTGLLFGLLAILLSLLILI,0.1102800591847047,0.0119464398039711,WT,LLLTGLLAGLLAILLSLLILI,void,,,,,,,,,,,,,,,,,,,,,,,,,,,,,,,,,,,,,,,,,,7,F,A
LLLAVLLIGLLFGLLSTLILI,0.4275089382340089,0.0540294085456735,WT,LLLAVLLIGLLFILLSTLILI,clash,,,,,,,,,,,,,,,,,,,,,,,,,,,,,,,,,,,,,,,,,,12,G,I
LLLTALLIGLLFGLLVLLILI,0.4041882932307516,0.016840324262063,WT,LLLTALLIGLLFILLVLLILI,clash,,,,,,,,,,,,,,,,,,,,,,,,,,,,,,,,,,,,,,,,,,12,G,I
LLLYVLLFLLLGALLGTLILI,0.041651551362572,0.0042520186543541,WT,LLLYVLLFALLGALLGTLILI,void,,,,,,,,,,,,,,,,,,,,,,,,,,,,,,,,,,,,,,,,,,8,L,A
LLLVGLLLALLGLLLGTLILI,0.3626024752731983,0.0359046384027409,WT,LLLVGLLLALLGLLLITLILI,clash,,,,,,,,,,,,,,,,,,,,,,,,,,,,,,,,,,,,,,,,,,15,G,I
