Sequence,Design,Type,Clash Mutant,Mutant Type,Position,WT Sequence,Fluor Difference,Geometry,Interface,Seed,HBONDMonomer,HBONDOptimize,HBONDPreoptimize,IMM1REFMonomer,IMM1REFOptimize,IMM1REFPreoptimize,IMM1Monomer,IMM1Optimize,IMM1Preoptimize,Monomer,MonomerSasa,OptimizeSasa,PreBBOptimizeSasa,Total,TotalPreOptimize,VDWMonomer,VDWOptimize,VDWPreoptimize,endAxialrotation,endAxialrotationprime,endCrossingangle,endXshift,endZshift,endZshiftprime,firstRepackEnergy,preOptimizeEnergy,preOptimizeAxialrotation,preOptimizeAxialrotationprime,preOptimizeCrossingangle,preOptimizeXshift,preOptimizeZshift,preOptimizeZshiftprime,replicateNumber,Directory,HBONDDimerOptimize,HBONDDimerPreOptimize,IMM1DimerOptimize,IMM1DimerPreOptimize,VDWDimerOptimize,VDWDimerPreOptimize,endAxialRotation,endAxialRotationPrime,endCrossingAngle,endXShift,endZShift,endZShiftPrime,preOptimizeAxialRotation,preOptimizeAxialRotationPrime,preOptimizeCrossingAngle,preOptimizeXShift,preOptimizeZShift,preOptimizeZShiftPrime,PercentGpA,PercentStd,Sample,toxgreen_fluor,toxgreen_std,Segments,LB-0H_M9-30H,LB-0H_M9-36H,LB-12H_M9-30H,LB-12H_M9-36H,LB-36H_M9-30H,LB-36H_M9-36H,VDWDiff,HBONDDiff,IMM1Diff,interfaceSasa,vdwPerSasa,hbondPerSasa,imm1PerSasa,totalPerSasa
ALLLGVLLGTLLGFL,leu,WT,LLLALLLIVLLGTLLGFLILI,clash,,,,LLLALLLGVLLGTLLGFLILI_2,110011001100110000,1,-58.6964,,,,,,-232.814,,,-340.529,4463.32,3551.41,3509.4,-38.0243,-34.1417,-49.0181,,,,,,,,,-32.988,-373.522,,,,,,,2,LLLALLLGVLLGTLLGFLILI,-70.6423,-70.1653,-215.406,-218.846,-92.5043,-85.6588,-97.3773,41.7582,-38.5586,6.76344,6.74396,5.87034,-92.5815,39.7325,-40.3169,6.7382,5.75111,4.8471,0.9535039402641506,0.1158297263954683,G,22973.829026010488,2273.390039906808,0,-93.84682183847283,-96.27006098163372,-93.53250711277036,-96.0795294012587,-93.46713109178091,-96.03989970662728,,,,911.9099999999999,,,,-0.041697426281102304
TLLLGLLLGVLLGSL,ala,WT,LLLTLLLGLLLIVLLGSLILI,clash,,,,LLLTLLLGLLLGVLLGSLILI_2,110011001100110000,1,-60.2824,,,,,,-237.615,,,-367.141,4504.78,3612.98,3502.76,-37.2941,5380.56,-69.2438,,,,,,,,,-16.3759,-384.335,,,,,,,2,LLLTLLLGLLLGVLLGSLILI,-73.4993,-70.248,-219.99,-216.566,-110.946,5300.24,-89.7889,46.3174,-42.311,6.5789,6.22118,5.41594,-91.396,35.576,-35.8075,7.4513,5.01216,4.0458,0.9090597279285144,0.210188212776299,G,21902.985275617568,4125.364052005791,1,-95.45395243095302,-95.62425982487292,-94.7817451652192,-94.97723528454227,-94.70353075405532,-94.90195099945603,,,,891.7999999999997,,,,-0.04181890558421172
AFLLGTLLGVLLGLL,ala,WT,LLLAFLLITLLGVLLGLLILI,clash,,,,LLLAFLLGTLLGVLLGLLILI_2,110011001100110000,1,-58.726,,,,,,-233.786,,,-339.341,4514.32,3503.21,3464.44,-37.15,-17.4619,-46.8292,,,,,,,,,-29.9298,-369.21,,,,,,,2,LLLAFLLGTLLGVLLGLLILI,-70.7876,-72.9945,-210.431,-210.515,-95.2717,-73.2927,-97.4527,38.3615,-37.6883,7.43224,6.29671,5.37213,-91.396,35.576,-35.8075,7.4513,5.01216,4.0458,1.3299063548579249,0.244265207184603,G,32042.91028784085,4794.193221172257,0,-89.65747235905032,,-84.6698079294242,,-85.97296812794379,,,,,1011.1099999999997,,,,-0.03674179861736113
AYLLGVLLGLLLAFL,leu,WT,LLLAYLLGVLLILLLAFLILI,clash,,,,LLLAYLLGVLLGLLLAFLILI_1,110011001100110000,1,-44.9245,,,,,,-240.721,,,-332.295,4558.34,3583.78,3568.79,-35.5533,-23.7324,-46.65,,,,,,,,,-23.9546,-357.322,,,,,,,1,LLLAYLLGVLLGLLLAFLILI,-56.53,-58.5939,-223.075,-217.561,-88.2437,-79.8732,-98.9406,51.6759,-33.7392,6.87798,8.31734,7.59247,-91.43,48.2927,-36.5962,7.0472,6.73401,5.9584,1.120879346277354,0.0917568498201317,G,27006.59050553616,1800.911691454492,0,-70.26577537035278,-76.62848942297038,-68.14289120186265,-74.95987319316606,-65.9041201635496,-73.20016828566662,,,,974.56,,,,-0.03648138647184371
ALLLGALLAFLLSTL,,Mutant,,void,3.0,LLLYLLLGALLAFLLSTLILI,-0.3302218903067654,LLLALLLGALLAFLLSTLILI_2,110011001100110000,1,-65.8965,-71.7267,-71.727,-250.047,-245.453,-245.469,15.478,22.245,22.2904,-348.997,4476.61,3546.37,3614.91,-35.5525,145.674,-48.531,90.8071,91.5827,-85.7666,62.1856,-40.88,6.88327,7.76004,7.19283,-14.3797,-363.353,-74.4436,60.1664,-43.4591,7.3574,5.789,5.1915,2,LLLALLLGALLAFLLSTLILI,,,,,,,,,,,,,,,,,,,0.5109688628939635,0.0342048217051182,G,12311.340098506334,671.3380356073254,6,-90.19342927469178,-91.87164448423349,-89.41353457537676,-91.22521449780264,-88.71618540737471,-90.64720388482492,139.3381,-5.830199999999991,6.767000000000001,930.2399999999998,0.14978725920192643,-0.006267414860681106,0.007274466804265569,-0.038218631750946
LAILLAVLALLLSTL,,Mutant,,void,11.0,LLLLAILLAVLFLLLSTLILI,-0.4112408189253251,LLLLAILLAVLALLLSTLILI_2,110011001100110000,1,-65.9928,-66.0221,-66.0221,-253.178,-266.459,-265.196,15.6329,26.2021,25.2934,-372.273,4470.76,3629.27,3609.32,-35.3651,12.937,-68.7352,-34.4635,-53.4116,-45.2594,100.805,19.532,8.90801,6.89758,6.90965,-17.2404,-389.337,-49.9576,72.3497,21.6342,9.2046,3.76085,3.3461,2,LLLLAILLAVLALLLSTLILI,,,,,,,,,,,,,,,,,,,0.6623724527320419,0.0577236385437964,L,15562.629395556942,1132.9418535891375,8,-32.4065796948698,-44.780733199891046,-30.778691916249496,-43.45085864756796,-23.2114188351521,-37.26890677520968,34.2717,-0.02929999999999211,10.569200000000002,841.4900000000002,0.040727400206776065,-3.4819189770516704e-05,0.012560101724322332,-0.042026762053024976
TLLLGALLGVLLGSL,,Mutant,,void,8.0,LLLTLLLGLLLGVLLGSLILI,0.3320311077857345,LLLTLLLGALLGVLLGSLILI_2,110011001100110000,1,-52.1508,-61.9003,-62.6304,-248.469,-241.778,-242.374,16.9514,23.0024,23.8491,-347.65,4432.91,3679.21,3539.16,-34.3786,-6.33751,-63.9814,-76.7578,-72.8325,-92.4112,45.5608,-47.1125,6.5617,6.5124,5.69581,-10.683,-358.486,-91.396,35.576,-35.8075,7.4513,5.01216,4.0458,2,LLLTLLLGALLGVLLGSLILI,,,,,,,,,,,,,,,,,,,0.5770286201427799,0.0873799262554466,G,13902.991170352769,1715.005812589341,7,-92.46085865541782,-94.5113032903643,-91.75688078612568,-93.99878855715572,-91.11086099348516,-93.52846885519476,-12.776400000000002,-9.749500000000005,6.051000000000002,753.6999999999998,-0.016951572243598254,-0.012935518110654116,0.008028393259917744,-0.04561310866392465
ALLLGVLLGALLGFL,,Mutant,,void,12.0,LLLALLLGVLLGTLLGFLILI,-0.0567510079086287,LLLALLLGVLLGALLGFLILI_0,110011001100110000,1,-36.7981,-45.0776,-46.5171,-245.709,-241.428,-241.903,15.2216,25.4521,31.992,-320.345,4453.68,3549.35,3535.01,-34.0673,-28.704,-53.0593,-75.8939,-92.6212,-98.479,42.0616,-38.9256,6.74997,6.95017,6.08109,-28.4262,-349.049,-92.5815,39.7325,-40.3169,6.7382,5.75111,4.8471,0,LLLALLLGVLLGALLGFLILI,,,,,,,,,,,,,,,,,,,1.0102549481727794,0.0539368584950444,G,24341.19406529033,1058.618721620249,6,-85.96991257756085,-88.24648048245385,-82.13350658955744,-85.03258228641612,-81.25481498356095,-84.2964700563194,-22.834600000000002,-8.279499999999999,10.230500000000001,904.3300000000004,-0.02525029579909988,-0.009155396813110252,0.01131279510798049,-0.037671314674952716
YVLLGALLGILLTLL,leu,WT,LLLYVLLIALLGILLTLLILI,clash,,,,LLLYVLLGALLGILLTLLILI_0,110011001100110000,1,-58.7202,,,,,,-243.993,,,-355.39,4577.17,3713.97,3707.28,-33.5505,-28.7808,-52.6768,,,,,,,,,-29.2053,-384.171,,,,,,,0,LLLYVLLGALLGILLTLLILI,-67.581,-66.8813,-222.276,-219.4,-99.0838,-97.8896,-79.0724,56.9607,-46.8199,6.65198,6.05056,5.40497,-72.8097,60.8563,-43.7016,6.839,5.63706,5.0499,0.953808510676055,0.1021938767810482,G,22981.16737908615,2005.759219544127,0,-94.85195138904848,-94.5352815831864,-94.77014632773692,-94.44844448064102,-95.24384047546826,-94.951276782484,,,,863.2000000000003,,,,-0.038867585727525474
TFLLGLLLGYLLASL,ala,WT,LLLTFLLGLLLIYLLASLILI,clash,,,,LLLTFLLGLLLGYLLASLILI_0,110011001100110000,1,-60.2384,,,,,,-245.296,,,-347.233,4569.18,3569.29,3589.42,-33.2748,-23.6209,-41.6995,,,,,,,,,-23.5442,-370.854,,,,,,,0,LLLTFLLGLLLGYLLASLILI,-74.2859,-65.4148,-221.269,-225.505,-84.9532,-79.9344,-70.355,49.7611,-41.7323,6.98929,3.771,3.01742,-75.8727,44.54,-43.5756,7.3804,3.8938,3.0619,1.231156146588345,0.0840129033933076,G,29663.61188621728,1648.9212548823175,0,-96.20386825415414,-97.73616510405913,-95.60437552982071,-97.37865576558744,-95.8348506808431,-97.51610033402284,,,,999.8900000000003,,,,-0.03327846063066936
TALLGLLLGVLLGSL,,Mutant,,void,4.0,LLLTLLLGLLLGVLLGSLILI,0.0739454280413304,LLLTALLGLLLGVLLGSLILI_1,110011001100110000,1,-52.1508,-62.7289,-63.175,-251.863,-242.304,-242.721,17.9119,21.5857,22.7432,-348.839,4450.06,3646.75,3523.07,-33.1638,5159.06,-62.7377,4546.61,5093.37,-87.9213,54.4795,-44.1071,6.64925,7.04292,6.36011,-13.2909,-362.394,-91.396,35.576,-35.8075,7.4513,5.01216,4.0458,1,LLLTALLGLLLGVLLGSLILI,,,,,,,,,,,,,,,,,,,0.835114299887184,0.1885297497968802,G,20121.3359826273,3700.273399196312,7,-76.18888005043263,,-77.64237209681806,,-72.48213413445485,,4609.347699999999,-10.578100000000006,3.6738,803.3100000000004,5.737943882187445,-0.01316814181324769,0.004573327855995815,-0.04128393770773423
YLLLGALLGTLLSFL,ala,WT,LLLYLLLGALLITLLSFLILI,clash,,,,LLLYLLLGALLGTLLSFLILI_2,110011001100110000,1,-73.9921,,,,,,-244.099,,,-352.576,4590.74,3851.81,3611.13,-32.8979,3295.38,-34.4848,,,,,,,,,2073.31,3008.78,,,,,,,2,LLLYLLLGALLGTLLSFLILI,-87.8257,-64.8344,-229.752,-226.157,-67.8958,3233.8,-70.5384,60.6479,-49.6731,6.71354,5.26822,4.67794,-60.6857,64.7023,-38.4105,7.3229,4.33767,3.8082,0.5342682977449534,0.0402377811082326,G,12872.719249716043,789.7469298067471,1,-94.88355671531276,-95.7675804337846,-95.6054923109396,-96.3647793413975,-96.50879405088172,-97.112007786159,,,,738.9299999999998,,,,-0.04452099657613036
AALLGVLLGTLLGFL,,Mutant,,void,4.0,LLLALLLGVLLGTLLGFLILI,0.1320808328100573,LLLAALLGVLLGTLLGFLILI_0,110011001100110000,1,-50.5702,-58.784,-60.2892,-245.125,-240.533,-240.991,15.0286,25.5009,31.2513,-322.156,4415.64,3540.44,3533.27,-30.3107,-25.6845,-41.4899,-65.9811,-77.8117,-98.3115,41.6269,-38.7711,6.7657,6.86635,5.99075,-25.608,-347.841,-92.5815,39.7325,-40.3169,6.7382,5.75111,4.8471,0,LLLAALLGVLLGTLLGFLILI,,,,,,,,,,,,,,,,,,,0.8214231074540933,0.0034796458698974,G,19791.458883195774,68.29500948010836,6,-15.521503694871583,-30.206681801538764,-7.670303254342646,-23.720281657689725,14.20798180919488,-5.645171684603952,-24.4912,-8.213799999999999,10.4723,875.2000000000003,-0.027983546617915894,-0.009385054844606944,0.011965607861060327,-0.03463288391224862
AALLGTLLGVLLGLL,,Mutant,,void,4.0,LLLAFLLGTLLGVLLGLLILI,0.3802546332461465,LLLAALLGTLLGVLLGLLILI_1,110011001100110000,1,-50.5905,-61.5152,-61.3074,-244.153,-238.926,-240.823,15.1952,26.3124,33.8835,-340.582,4385.52,3651.45,3574.55,-28.3141,-21.1144,-61.0331,-78.0693,-93.4494,-90.8895,48.2763,-41.1242,6.75537,6.65072,5.87486,-22.574,-364.888,-92.5815,39.7325,-40.3169,6.7382,5.75111,4.8471,1,LLLAALLGTLLGVLLGLLILI,,,,,,,,,,,,,,,,,,,0.9496517216117784,0.0382307873988608,G,22881.013245239064,750.3556642839618,6,-47.60962809755728,-53.97263176472924,-36.06397968427783,-43.82924488397672,-28.452786642602177,-37.14245927590202,-17.0362,-10.924700000000001,11.1172,734.0700000000006,-0.02320786845941121,-0.014882368166523618,0.015144604737967757,-0.03857138964948843
AALLGVLLGLLLAFL,,Mutant,,void,4.0,LLLAYLLGVLLGLLLAFLILI,-0.0311638844596207,LLLAALLGVLLGLLLAFLILI_1,110011001100110000,1,-36.7932,-44.5129,-45.096,-247.325,-241.132,-241.289,15.2688,25.3768,26.7217,-324.508,4447.18,3595.03,3632.26,-27.2612,-24.9666,-55.6581,-89.5145,-89.8112,-99.1585,46.7605,-37.4447,6.54953,7.68645,6.88786,-15.4872,-339.813,-91.43,48.2927,-36.5962,7.0472,6.73401,5.9584,1,LLLAALLGVLLGLLLAFLILI,,,,,,,,,,,,,,,,,,,1.1520432307369748,0.076694342449695,G,27757.45657238901,1505.2798593391544,6,-96.33703070388272,-97.54774986739508,-95.33840196599434,-96.87919731973771,-94.66757905611536,-96.43010112571588,-33.8564,-7.719700000000003,10.107999999999999,852.1500000000001,-0.03973056386786364,-0.00905908584169454,0.011861761426978815,-0.031991081382385725
ALLLTVLALLLFSLL,,Mutant,,void,3.0,LLLYLLLTVLALLLFSLLILI,-0.5251785965911605,LLLALLLTVLALLLFSLLILI_2,110011001100110000,1,-65.9701,-60.4169,-60.4169,-258.254,-263.078,-258.827,15.8942,22.824,24.0688,-367.536,4562.85,3718.5,3614.87,-26.2596,59587.1,-59.2064,92922.3,59514.8,-104.207,49.6858,20.5539,9.99873,8.8387,8.08399,2.02393,-365.375,-104.483,24.139,22.3097,9.5,5.43121,4.29329,2,LLLALLLTVLALLLFSLLILI,,,,,,,,,,,,,,,,,,,0.7502053816159614,0.0795614935070578,L,17626.289071046074,1561.5534329145012,9,-3.802895636510861,-26.336029001900645,-0.889914248615089,-24.10538206199753,0.5757753946135227,-22.983014397342693,92981.5064,5.553200000000004,6.929800000000002,844.3500000000004,110.12199490732512,0.006576893468348436,0.008207260022502515,-0.03110037306804049
YLLLGALLGVLLSTL,leu,WT,LLLYLLLGALLIVLLSTLILI,clash,,,,LLLYLLLGALLGVLLSTLILI_0,110011001100110000,1,-74.1216,,,,,,-241.69,,,-363.156,4543.33,3750.11,3730.98,-24.5391,-8.50714,-47.344,,,,,,,,,-8.28905,-371.663,,,,,,,0,LLLYLLLGALLGVLLSTLILI,-85.0683,-75.197,-218.574,-218.122,-84.0526,-78.3436,-78.3477,57.2338,-51.5901,6.2866,5.97871,5.33721,-68.8165,69.6202,-43.3499,7.0847,6.2212,5.7655,0.8428830201770091,0.2177016175794687,G,20308.516385488827,4272.829648123144,0,-85.94633346170836,-91.0040651166099,-86.84438775804291,-91.57892136138858,-88.81034482854554,-92.8373560724723,,,,793.2199999999998,,,,-0.030936058092332526
TALLVGLLGGLLFAL,,Mutant,,void,16.0,LLLTALLVGLLGGLLFLLILI,-0.4622098906301211,LLLTALLVGLLGGLLFALILI_2,110011001100110000,1,-36.7191,-45.2468,-45.0303,-260.676,-241.334,-241.574,26.2634,23.0359,23.3174,-317.214,4517.61,3777.93,3702.0,-24.2467,-24.2174,-46.0822,-77.9142,-78.1447,-50.9301,63.3446,-48.6576,6.43911,2.69102,2.14119,-20.5929,-338.385,-45.1876,67.311,-43.6659,6.6072,2.36513,1.8748,2,LLLTALLVGLLGGLLFALILI,,,,,,,,,,,,,,,,,,,0.7549282657562516,0.0843643452743845,G,18189.32483870725,1655.8190047024234,6,-84.19614866861957,-87.15004084165807,-81.82339832684129,-85.22078041358434,-79.63227784845179,-83.43920147640432,-31.831999999999994,-8.527700000000003,-3.227499999999999,739.6799999999998,-0.04303482587064677,-0.011528904391088045,-0.004363373350638113,-0.0327799859398659
YALLGALLGVLLSTL,,Mutant,,void,4.0,LLLYLLLGALLGVLLSTLILI,0.1331645717110922,LLLYALLGALLGVLLSTLILI_0,110011001100110000,1,-65.9924,-77.3031,-67.0679,-255.149,-248.539,-249.218,16.3278,35.3218,34.1499,-344.575,4500.26,3694.26,3748.73,-23.5654,-5.43699,-39.7617,1859.0,-67.876,-81.3138,53.959,-48.6078,6.26236,5.98154,5.29093,-5.41577,-350.012,-68.8165,69.6202,-43.3499,7.0847,6.2212,5.7655,0,LLLYALLGALLGVLLSTLILI,,,,,,,,,,,,,,,,,,,0.7097184484659169,0.0356902371238362,G,17100.034518175682,700.4922840545809,6,-85.68525695133432,-89.71016922279021,-83.28563858717087,-87.98525758356743,-82.52685268503089,-87.4398214201233,1898.7617,-11.310699999999997,18.994000000000003,806.0,2.355783746898263,-0.014033126550868483,0.023565756823821345,-0.029237468982630275
AFLLAVLLGLLLGSL,,Mutant,,void,3.0,LLLYFLLAVLLGLLLGSLILI,-0.3773671177486652,LLLAFLLAVLLGLLLGSLILI_1,110011001100110000,1,-52.1224,-55.919,-55.9251,-250.094,-244.207,-244.32,16.3762,27.0753,27.3526,-336.009,4532.22,3507.09,3446.7,-23.299,-20.328,-50.1692,-83.4109,-83.4447,-73.3082,42.4926,-38.312,7.34038,3.23274,2.37013,-15.5843,-349.15,-72.2097,37.011,-35.0,7.3038,2.32794,1.3831,1,LLLAFLLAVLLGLLLGSLILI,,,,,,,,,,,,,,,,,,,0.6255703256244128,0.056091428721501,G,15072.56037217385,1100.9064715049294,6,-89.43629377061201,-92.29844702724004,-88.47080492068345,-91.59454980018084,-87.57952814662822,-90.9447574697504,-33.2417,-3.796599999999998,10.699099999999998,1025.13,-0.0324268141601553,-0.0037035302839639826,0.010436822646883807,-0.0227278491508394
VTLLLGLLFGLLFAL,leu,WT,LLLVTLLLGLLFILLFALILI,clash,,,,LLLVTLLLGLLFGLLFALILI_0,110011001100110000,1,-44.9466,,,,,,-238.801,,,-329.508,4604.05,3637.21,3558.24,-22.7865,-17.4787,-45.7606,,,,,,,,,-17.3662,-346.987,,,,,,,0,LLLVTLLLGLLFGLLFALILI,-50.1607,-49.5476,-223.434,-219.588,-78.7002,-77.8516,-31.5201,83.7867,-39.75,7.02676,2.53921,2.29601,-33.3677,74.3197,-39.8132,7.0315,1.53831,1.15311,0.8330505977064301,0.2273774113504676,G,20071.61291483627,4462.736452498793,0,-91.32542859652918,,-89.7472932706973,,-90.80939411370514,,,,,966.8400000000001,,,,-0.023568015390343797
TALLALLLGVLLASL,,Mutant,,void,7.0,LLLTALLFLLLGVLLASLILI,0.0297849043006012,LLLTALLALLLGVLLASLILI_2,110011001100110000,1,-52.1431,-58.1654,-57.5874,-260.307,-245.97,-250.421,22.7055,25.3748,34.429,-358.783,4491.12,3610.75,3570.59,-22.619,1110.3,-69.0387,-6.03973,1025.09,-70.3667,58.488,-42.2296,7.37479,4.95089,4.32821,808.628,446.949,-60.5958,60.1642,-40.2827,7.5,3.71154,3.114,2,LLLTALLALLLGVLLASLILI,,,,,,,,,,,,,,,,,,,0.7899575313994285,0.0542928464648709,G,19033.32382580612,1065.605697567872,7,-92.27782974465237,-93.6387000558734,-91.14868563598304,-92.70854387984048,-89.68014513537071,-91.49880279727064,62.99897000000001,-6.022300000000001,2.6693,880.3699999999999,0.0715596510558061,-0.006840646546338473,0.0030320206276906302,-0.025692606517714146
TVLLAALLGFLLGSL,,Mutant,,void,8.0,LLLTVLLALLLGFLLGSLILI,0.0118311144830796,LLLTVLLAALLGFLLGSLILI_2,110011001100110000,1,-52.1942,-60.4741,-61.7971,-254.127,-238.753,-249.778,19.3094,16.2396,35.4648,-333.848,4471.69,3760.91,3594.66,-22.5677,377879.0,-46.8367,3445.79,377821.0,-61.0799,59.376,-52.9045,7.03961,3.67775,3.06839,312839.0,273424.0,-52.4326,53.6154,-37.48,7.3254,1.60297,0.907201,2,LLLTVLLAALLGFLLGSLILI,,,,,,,,,,,,,,,,,,,0.7651318262265127,0.1476288029256722,G,18435.17054923619,2897.51051497256,7,-94.91027192429549,-95.16191469300544,-93.9234245006657,-94.2238582881261,-93.2293138553466,-93.56406537490996,3492.6267,-8.279899999999998,-3.0698000000000008,710.7799999999997,4.913794282337715,-0.011649033456203045,-0.004318917245842598,-0.03175061200371424
TVLLLGLLFGLLFAL,leu,WT,LLLTVLLLGLLFILLFALILI,clash,,,,LLLTVLLLGLLFGLLFALILI_1,110011001100110000,1,-44.9318,,,,,,-241.416,,,-331.738,4581.23,3780.08,3587.08,-22.2553,-18.0324,-45.3894,,,,,,,,,-18.2896,-350.036,,,,,,,1,LLLTVLLLGLLFGLLFALILI,-44.9318,-44.9318,-225.568,-223.207,-83.4927,-81.6312,-33.4521,72.8288,-42.6631,7.17856,1.3497,0.94213,-30.525,71.559,-44.3251,7.1169,0.739215,0.3126,0.5027446996065807,0.0532086503273603,G,12113.186201841638,1044.3261799749882,0,-86.84814969599917,-89.46153249820144,-87.05888984438847,-89.63039681415623,-88.11361216191428,-90.47553697388616,,,,801.1499999999996,,,,-0.02777919241090933
LVLLGALLGTLLSAL,,Mutant,,void,16.0,LLLLVLLGALLGTLLSFLILI,-0.089043310537801,LLLLVLLGALLGTLLSALILI_1,110011001100110000,1,-65.8747,-79.2088,-79.1172,-246.586,-236.767,-236.592,15.9758,24.3453,24.0983,-355.825,4451.81,3670.12,3724.27,-21.9418,1000.32,-59.3405,560.196,936.106,-71.027,65.1045,-40.7083,6.7115,5.94315,5.41972,-10.3581,-366.092,-62.3587,69.782,-39.5227,7.3379,5.27437,4.8211,1,LLLLVLLGALLGTLLSALILI,,,,,,,,,,,,,,,,,,,0.5330863852440686,0.0607678593151002,G,12844.242119670636,1192.6907747440323,6,-85.26437071580835,-87.33968880866657,-84.04691026657099,-86.29369152865755,-84.42650352758069,-86.61982410961706,619.5365,-13.334099999999992,8.369500000000002,781.6900000000005,0.7925603500108734,-0.0170580409113587,0.010706929857104475,-0.0280696951476928
YSLLLALLAALLTIL,,Mutant,,void,11.0,LLLYSLLLALLFALLTILILI,-0.0704891299613913,LLLYSLLLALLAALLTILILI_0,110011001100110000,1,-50.6881,-53.1495,-57.6858,-263.065,-257.644,-263.754,16.6001,28.2029,41.6539,-354.053,4608.2,3885.43,3753.46,-19.6008,868.064,-56.9005,-80.0494,793.797,-52.1071,86.0724,-43.9632,8.30011,5.93584,5.72692,632.92,514.011,-54.1112,74.7115,-35.0,8.1658,4.70273,4.3234,0,LLLYSLLLALLAALLTILILI,,,,,,,,,,,,,,,,,,,0.5164872246181413,0.067362573771704,R,11846.076089561107,1322.1252353710374,11,-52.76753970902829,-71.74482423186127,-64.01967403525707,-78.47602203937996,-68.32514562791893,-81.05162059736237,-23.148900000000005,-2.4614000000000047,11.602799999999998,722.77,-0.032028031047221114,-0.003405509359824017,0.016053239619796062,-0.02711900051191942
TVLLLGLLAGLLFAL,,Mutant,,void,11.0,LLLTVLLLGLLFGLLFALILI,-0.1031902784909077,LLLTVLLLGLLAGLLFALILI_0,110011001100110000,1,-36.7292,-36.7292,-37.3266,-254.556,-244.204,-247.807,18.1418,21.3118,29.3951,-329.943,4521.71,3704.76,3660.56,-16.4912,-12.3383,-56.7995,-76.6189,-86.5431,-35.637,77.2814,-45.3681,7.22934,2.27854,1.93776,-12.8373,-342.281,-30.525,71.559,-44.3251,7.1169,0.739215,0.3126,0,LLLTVLLLGLLAGLLFALILI,,,,,,,,,,,,,,,,,,,0.6059349780974885,0.0886063618905002,G,14599.464144770116,1739.0770647981697,6,-82.618814500529,-85.0028060511847,-80.7826608517158,-83.41849798474617,-81.62428281822687,-84.14468365624333,-19.819399999999995,0.0,3.1700000000000017,816.9499999999998,-0.02426023624456821,0.0,0.0038802864312381447,-0.020186302711304244
TALLFLLLGVLLASL,ala,WT,LLLTALLFLLLIVLLASLILI,clash,,,,LLLTALLFLLLGVLLASLILI_2,110011001100110000,1,-60.3462,,,,,,-240.448,,,-355.85,4565.71,3649.38,3532.84,-16.1501,813.015,-55.0555,,,,,,,,,790.193,442.07,,,,,,,2,LLLTALLFLLLGVLLASLILI,-60.3462,-60.3462,-227.776,-226.56,-83.8775,744.071,-66.3945,66.0403,-44.8469,8.15907,5.37461,4.86522,-60.5958,60.1642,-40.2827,7.5,3.71154,3.114,0.8197424357000297,0.1079198890631077,G,19750.964592706445,2118.143662551448,1,-92.07085335792048,-92.64904292785975,-91.87641027865332,-92.46877854466844,-93.80202080003151,-94.25397447044344,,,,916.3299999999999,,,,-0.01762476400423428
TALLFLLLGYLLGSL,ala,WT,LLLTALLFLLLGYLLISLILI,clash,,,,LLLTALLFLLLGYLLGSLILI_0,110011001100110000,1,-60.326,,,,,,-243.454,,,-345.34,4574.29,3786.1,3533.11,-15.8473,38373.9,-41.5592,,,,,,,,,36917.0,38028.6,,,,,,,0,LLLTALLFLLLGYLLGSLILI,-68.1953,-70.5599,-231.03,-224.657,-61.9617,38323.8,-45.8399,76.5283,-49.3682,7.55735,3.7073,3.35522,-54.4566,55.8714,-40.6917,7.0594,2.21113,1.5492,1.0902176615987655,0.1162041563337594,G,26267.8244955396,2280.738976240116,0,-95.43662865743394,,-95.10519531892116,,-96.53895087570096,,,,,788.19,,,,-0.020105938923356045
TALLFLLLGALLGSL,,Mutant,,void,12.0,LLLTALLFLLLGYLLGSLILI,0.4970319043076985,LLLTALLFLLLGALLGSLILI_0,110011001100110000,1,-52.1329,-52.1329,-61.4582,-261.452,-242.739,-251.822,22.9609,16.911,34.112,-338.8,4609.65,3882.67,3546.54,-13.0591,38373.3,-48.1759,-58.9984,38313.7,-58.2469,71.9114,-49.3706,8.73617,4.94507,4.52374,25174.2,38034.5,-54.4566,55.8714,-40.6917,7.0594,2.21113,1.5492,0,LLLTALLFLLLGALLGSLILI,,,,,,,,,,,,,,,,,,,0.593185757291067,0.030079286302057,G,14292.2830135269,590.366152240672,6,-79.94416204146668,-83.36356176743004,-79.1749236687853,-82.72547390993459,-82.47211100129954,-85.46051063649762,-10.822499999999998,0.0,-6.049899999999997,726.9799999999996,-0.014886929489119377,0.0,-0.008321962089741123,-0.017963492805854367
TALLFLLLGALLASL,,Mutant,,void,12.0,LLLTALLFLLLGVLLASLILI,-0.0609868796074929,LLLTALLFLLLGALLASLILI_2,110011001100110000,1,-52.1431,-56.1033,-55.2519,-258.85,-249.871,-252.573,21.0108,28.6258,34.4906,-344.344,4526.18,3601.89,3547.63,-12.4725,571.07,-54.3624,-27.55,500.06,-65.1142,58.9804,-43.6162,7.67619,4.22949,3.61419,485.258,456.716,-60.5958,60.1642,-40.2827,7.5,3.71154,3.114,2,LLLTALLFLLLGALLASLILI,,,,,,,,,,,,,,,,,,,0.8807293153075226,0.0677972095637687,G,21220.38919156858,1330.6558321315863,7,-92.8778031739442,-93.93830525745685,-92.3679733097552,-93.50438955941829,-92.63768385280108,-93.73393993842616,26.8124,-3.9602000000000004,7.615000000000002,924.2900000000004,0.02900864447305498,-0.004284586006556382,0.00823875623451514,-0.013494141449112285
TVLLALLLGFLLGSL,ala,WT,LLLTVLLALLLGFLLISLILI,clash,,,,LLLTVLLALLLGFLLGSLILI_2,110011001100110000,1,-60.3442,,,,,,-238.886,,,-354.868,4500.03,4001.16,3568.39,-9.60802,273882.0,-55.6382,,,,,,,,,148316.0,273400.0,,,,,,,2,LLLTVLLALLLGFLLGSLILI,-60.3442,-60.3442,-229.305,-220.036,-74.8271,273807.0,-57.7114,66.0761,-46.594,9.86837,4.07698,3.56812,-52.4326,53.6154,-37.48,7.3254,1.60297,0.907201,0.7769629407095923,0.069986458157335,G,18720.230725533205,1373.6242141732926,1,-90.01055203010327,-91.93577656837844,-89.06290383213047,-91.17076464519155,-88.79455198009252,-90.954131123535,,,,498.8699999999999,,,,-0.019259566620562475
TFLLAVLLGILLGLL,ala,WT,LLLTFLLAVLLIILLGLLILI,clash,,,,LLLTFLLAVLLGILLGLLILI_0,110011001100110000,1,-44.9923,,,,,,-242.307,,,-346.271,4581.65,3816.69,3458.82,30641.4,384014.0,-58.971,,,,,,,,,346276.0,383668.0,,,,,,,0,LLLTFLLAVLLGILLGLLILI,-44.9923,-56.2012,-221.561,-224.114,30561.7,383948.0,-51.9729,43.7014,-41.0738,8.16393,0.195626,-0.648852,-58.9856,45.4304,-41.2673,6.5,1.48094,0.662396,0.522408188129284,0.0574548720403362,G,12586.960461501963,1127.6667735167418,1,-95.75360699016989,-94.84766664484744,-96.11154368260546,-95.28196680387644,-96.25015904671848,-95.4501548548653,,,,764.9599999999996,,,,40.05621208952105
TILLALLLGFLLGSL,ala,WT,LLLTILLALLLIFLLGSLILI,clash,,,,LLLTILLALLLGFLLGSLILI_0,110011001100110000,1,-60.2535,,,,,,-238.81,,,-357.464,4514.85,3810.16,3524.17,36697.5,281325.0,-58.4,,,,,,,,,215507.0,280968.0,,,,,,,0,LLLTILLALLLGFLLGSLILI,-60.2535,-69.9134,-212.865,-220.188,36613.1,281258.0,-49.6679,45.2246,-41.5324,8.08749,0.0555059,-0.766126,-54.4566,55.8714,-40.6917,7.0594,2.21113,1.5492,0.7535418148964517,0.0905735274601864,G,18155.91953888008,1777.686623440695,0,-88.20210697565241,-87.52298217092714,-88.80590834685752,-88.16154029806029,-89.2325008801582,-88.61268887456947,,,,704.6900000000005,,,,52.07609019568885
TALLALLLGFLLGSL,,Mutant,,void,4.0,LLLTILLALLLGFLLGSLILI,-0.2062541737772835,LLLTALLALLLGFLLGSLILI_0,110011001100110000,1,-52.0927,-52.0927,-61.7526,-261.378,-256.19,-250.575,22.6338,39.5718,30.4543,-344.481,4495.63,3691.34,3567.4,41602.6,281327.0,-53.6439,243665.0,281265.0,-50.5718,50.172,-39.8636,8.02539,0.858985,0.111565,242447.0,280983.0,-54.4566,55.8714,-40.6917,7.0594,2.21113,1.5492,0,LLLTALLALLLGFLLGSLILI,,,,,,,,,,,,,,,,,,,0.9597959886737352,0.1226250406852793,G,23125.43033384868,2406.7616734087683,6,-96.70761805084032,-97.27237252274992,-95.94980830571996,-96.6445526904107,-95.47460267952518,-96.25086084561012,243718.6439,0.0,16.938000000000002,804.29,303.02334220243944,0.0,0.021059568066244767,51.72587002200699
