Sequence,RotamerValues,Interface,InterfaceSequence,Seed,Baseline,Dimer,Dimerw/Baseline,HBONDDimer,HBONDDimerOptimize,HBONDDimerPreOptimize,HBONDMonomer,IMM1Dimer,IMM1DimerOptimize,IMM1DimerPreOptimize,IMM1Monomer,Monomer,MonomerSasa,OptimizeSasa,PreBBOptimizeSasa,SequenceEntropy,SequenceProbability,Total,TotalPreOptimize,Totalw/Entropy,VDWDimer,VDWDimerOptimize,VDWDimerPreOptimize,VDWMonomer,acceptCycleNumber,acceptTemp,endAxialRotation,axialRotation,crossingAngle,xShift,endZShift,zShift,firstRepackEnergy,preOptimizeAxialRotation,preOptimizeAxialRotationPrime,preOptimizeCrossingAngle,preOptimizeEnergy,preOptimizeXShift,preOptimizeZShift,preOptimizeZShiftPrime,preRepackTotal,replicateNumber,startAxialRotation,startAxialRotationPrime,startCrossingAngle,startXShift,startZShift,startZShiftPrime,Directory,VDWDiff,HBONDDiff,IMM1Diff,VDWRepackDiff,HBONDRepackDiff,IMM1RepackDiff,RepackChange,SasaDiff,AxChange,xChange,crossChange,zChange,Region,SequenceEntropyNorm,startXShift_norm,endXShift_norm,xShift_dist,startCrossingAngle_norm,endCrossingAngle_norm,crossingAngle_dist,startAxialRotationPrime_norm,endAxialRotationPrime_norm,axialRotationPrime_dist,startZShiftPrime_norm,endZShiftPrime_norm,zShiftPrime_dist,GeometricDistance
LLLLAILLLLLSVLFTLLILI,113300300210030023021,000011011001101100000,LL--AI-LL-LSV-FT--I-I,1728040000.0,381.429,-376.045,5.38369,-74.1962,-74.2295,-74.1883,-74.3049,-233.226,-238.704,-233.225,-246.647,-384.798,4528.18,3597.03,3588.67,41.3623,0.000923933,-32.6485,8.75564,46.746,-68.623,-104.513,-68.629,-63.8459,482,253.054,-105.049,26.0278,25.0222,9.01372,5.77108,4.6615,4.83898,-102.367,23.9795,23.2995,8.75564,9.16532,5.09223,3.95192,8.75242,3,-92.2149,18.5964,22.133,9.3381,2.84275,1.6217,design_1069,-40.667100000000005,0.07540000000000191,7.942999999999984,-35.884,-0.041200000000003456,-5.479000000000013,-41.40414,-931.1500000000001,7.4314,-0.32438000000000144,2.8892000000000024,3.0398000000000005,Left,0.028877500655060433,0.8381000000000007,0.5137199999999993,0.32438000000000144,0.4132999999999999,0.7022200000000002,0.2889200000000003,0.18573274810046053,0.26006785927203324,0.07433511117157271,0.2702833333333333,0.7769166666666667,0.5066333333333334,0.6714910230206623
LLLLWVLLATLYLLLSFLILI,103300320030021003012,000011001101100110000,LL--WV--AT-YL-LSF-IL-,1728030000.0,359.437,-388.795,-29.3581,-74.2381,-74.2121,-74.172,-74.2781,-239.052,-245.872,-239.051,-252.954,-369.812,4571.91,3733.44,3573.93,54.5667,9.93017e-05,-31.8659,-18.9253,25.2086,-75.5047,-81.5939,-75.5136,-42.5801,461,124.21,-51.2635,83.5095,20.1261,9.44563,5.46331,5.21595,-22.5945,-52.7085,74.725,19.1178,-18.9253,9.64186,4.49414,4.11502,-18.9833,3,-45.0131,69.4929,23.6085,9.5,2.63351,2.1759,design_985,-39.0138,0.06599999999998829,7.081999999999994,-6.080300000000008,-0.04010000000000957,-6.821000000000026,-12.9406,-838.4699999999998,14.016599999999997,-0.054370000000000474,-3.4823999999999984,3.0400500000000004,Left,0.833498875733515,1.0,0.9456299999999995,0.054370000000000474,0.56085,0.2126100000000001,0.3482399999999999,0.6948423352232035,0.8350481536756439,0.1402058184524404,0.36265,0.869325,0.506675,0.6329331889330173
LLLLYVLTALLFLLISLLILI,103300200220030033022,000011011001101100000,LL--YV-TA--FL-IS--I--,1728060000.0,360.715,-389.858,-29.1433,-74.2656,-74.159,-74.2123,-74.1927,-238.319,-240.63,-238.318,-248.215,-367.911,4612.78,3568.85,3588.21,45.9023,0.000429125,-29.9804,-21.9001,16.759,-77.2735,-83.103,-77.2805,-45.5038,473,124.21,-54.1514,72.1767,18.1423,9.37843,4.36657,3.94922,-26.573,-54.1108,69.8036,19.4884,-21.9001,9.33423,4.0401,3.58716,-21.9468,4,-61.3697,43.2936,27.6812,8.656,1.5501,0.6995,design_1657,-37.599199999999996,0.033699999999996066,7.585000000000008,-5.822499999999991,0.05329999999999302,-2.3119999999999834,-8.080300000000001,-1043.9299999999998,28.8831,0.7224299999999992,-9.538900000000002,3.24972,Left,0.30552627249294656,0.15600000000000058,0.8784299999999998,0.7224299999999992,0.9681200000000001,0.014229999999999876,0.9538900000000002,0.432774908073893,0.721687959380464,0.288913051306571,0.11658333333333333,0.6582033333333334,0.54162,1.344854718032871
LLLLAILFVLLLTLASLLILI,113300300210030023021,000011011001101100000,LL--AI-FV-LLT-AS--I-I,1728040000.0,366.64,-398.642,-32.0019,-74.1783,-74.115,-74.115,-74.1783,-233.489,-233.07,-233.488,-240.784,-372.422,4502.84,3670.98,3590.93,43.6652,0.000626172,-29.9264,-26.1659,11.6633,-90.9741,-95.1642,-90.9849,-57.4604,494,211.811,-106.82,23.727,24.2596,9.05787,5.72607,4.58198,-30.3734,-105.049,26.0278,25.0222,-26.1659,9.01372,5.77108,4.6615,-26.2193,4,-92.2149,18.5964,22.133,9.3381,2.84275,1.6217,design_1069,-37.703799999999994,0.06329999999999814,7.713999999999999,-4.179299999999998,0.0,0.41800000000000637,-3.7605000000000004,-831.8600000000001,5.130600000000001,-0.2802300000000013,2.1266,2.96028,Left,0.16920667613203583,0.8381000000000007,0.5578699999999994,0.2802300000000013,0.4132999999999999,0.6259599999999998,0.21265999999999996,0.18573274810046053,0.23705332314377284,0.051320575043312305,0.2702833333333333,0.7636633333333332,0.49337999999999993,0.6081206741451707
LLLLFALLLLLTVLISLLILI,103300300230020023012,000011011001101100000,LL--FA-LL--TV-IS--IL-,1728020000.0,375.996,-402.551,-26.5545,-74.2129,-74.2525,-74.215,-74.3093,-237.227,-240.531,-237.225,-246.291,-380.539,4555.07,3713.56,3630.51,41.3623,0.000923933,-28.8297,-22.019,14.8077,-91.1111,-94.5845,-91.1171,-59.9382,456,471.669,-51.8228,81.443,15.3157,9.98978,5.26824,4.98988,-26.6878,-51.747,78.6516,17.5496,-22.019,9.74833,4.88001,4.55978,-22.0121,4,-53.5455,58.0912,23.9181,9.149,2.37413,1.7455,design_928,-34.646300000000004,0.05679999999999552,5.759999999999991,-3.467400000000012,-0.037499999999994316,-3.3060000000000116,-6.810700000000001,-841.5099999999998,23.351799999999997,0.8407800000000005,-8.6024,3.2443800000000005,Left,0.028877500655060433,0.6489999999999991,1.4897799999999997,0.8407800000000005,0.59181,-0.26843000000000006,0.86024,0.5807929451964359,0.8143772831484141,0.2335843379519782,0.29091666666666666,0.8316466666666668,0.5407300000000002,1.3393559802518766
LLLIALLLLLTSLLFVLLILI,13002300200230022031,000110011011001100000,LL-IA--LL-TS--FV--I-I,1728030000.0,381.794,-399.729,-17.9356,-74.126,-74.1506,-74.118,-74.2819,-232.02,-233.81,-232.018,-245.751,-384.084,4605.7,3646.95,3676.27,41.3623,0.000923933,-28.8137,-15.6415,23.4267,-93.5839,-104.937,-93.5894,-64.0515,470,394.796,-107.505,14.8811,24.8286,8.70021,4.63469,3.3579,-19.5796,-108.198,9.09622,26.3687,-15.6415,9.17214,3.95771,2.59415,-15.6455,4,-100.762,4.0354,20.1318,9.4192,2.15907,0.7196,design_970,-40.88549999999999,0.13129999999999598,11.941000000000003,-11.3476,-0.03260000000000218,-1.7920000000000016,-13.1722,-958.75,10.8457,-0.7189899999999998,4.696800000000003,2.6383,Left,0.028877500655060433,0.9192,0.20021000000000022,0.7189899999999998,0.21317999999999984,0.6828600000000001,0.4696800000000003,0.040081383112804035,0.14856919365099688,0.10848781053819284,0.11993333333333334,0.55965,0.43971666666666664,0.9709100238847137
LLLVALLLLLTALLFSLLILI,13002300200230032021,000110011011001100000,LL-VA--LL-TA--FS--I-I,1727980000.0,369.667,-398.454,-28.7867,-74.2473,-74.19,-74.19,-74.2473,-228.294,-231.044,-228.293,-242.596,-378.009,4567.23,3677.69,3612.32,44.4768,0.00054596,-27.9681,-20.3977,15.6901,-95.9124,-100.742,-95.9233,-61.1657,473,394.796,-104.054,35.4856,25.1821,8.89723,6.89869,5.93097,-24.2726,-102.602,34.8028,26.249,-20.3977,8.84381,6.58862,5.61067,-20.4454,4,-96.1052,25.5895,23.4724,9.5,4.37036,3.2542,design_105,-39.5763,0.05729999999999791,11.551999999999992,-4.818700000000007,0.0,-2.7510000000000048,-7.570399999999999,-889.5399999999995,9.896099999999997,-0.6027699999999996,1.709699999999998,2.6767700000000003,Left,0.21866221428701998,1.0,0.3972300000000004,0.6027699999999996,0.5472400000000001,0.7182099999999998,0.17096999999999973,0.2556836141464176,0.3546727270544835,0.09898911290806589,0.5423666666666667,0.988495,0.44612833333333335,0.7754945184055804
LLLFALLLLLTYLLAVLLILI,13002200300230021032,000110011011001100000,LL-FA--LL-TY--AV-LI--,1728080000.0,356.304,-376.683,-20.3799,-58.9794,-58.8672,-58.9073,-58.9393,-232.494,-236.42,-232.492,-248.016,-358.071,4600.6,3733.6,3661.14,46.8367,0.000366466,-27.5181,-18.55,26.4568,-85.2098,-90.3024,-85.222,-51.1159,487,135.765,-102.212,43.7398,24.6986,9.07069,7.73663,6.89273,-22.9443,-105.487,36.8143,24.5847,-18.55,8.97607,7.29298,6.34519,-18.6122,4,-100.537,26.7533,23.8235,9.1814,5.1923,4.0936,design_1986,-39.1865,0.07210000000000605,11.596000000000004,-5.080400000000012,0.04010000000000247,-3.9279999999999973,-8.9681,-867.0000000000005,16.986500000000003,-0.1107099999999992,0.8750999999999998,2.79913,Left,0.36246473337517604,0.6814,0.5706900000000008,0.1107099999999992,0.5823499999999999,0.6698599999999999,0.08750999999999998,0.26732492027735877,0.4372381756418824,0.16991325536452362,0.6822666666666667,1.1487883333333333,0.4665216666666666,0.5161663336735689
LLLLALLYILTALLFVLLILI,13002300200230021032,000110011011001100000,LL-LA--YI-TA--FV-LI--,1728020000.0,350.911,-369.371,-18.4595,-58.8871,-58.809,-58.809,-58.8871,-228.454,-234.339,-228.452,-245.891,-354.553,4552.09,3770.48,3707.42,46.0252,0.000420307,-27.431,-14.7485,27.5657,-82.0291,-88.8364,-82.0406,-49.7757,516,113.638,-105.338,34.281,24.9855,9.27444,6.92867,5.94289,-18.3423,-106.434,26.8553,25.8054,-14.7485,9.42246,6.09062,4.99345,-14.8172,4,-104.39,18.4767,26.9986,9.4541,4.65285,3.43,design_900,-39.0607,0.07809999999999917,11.551999999999992,-6.7958,0.0,-5.8870000000000005,-12.682500000000001,-781.6100000000001,15.804299999999998,-0.17966000000000015,-2.0131000000000014,2.51289,Left,0.3130152888054744,0.9541000000000004,0.7744400000000002,0.17966000000000015,0.89986,0.6985499999999998,0.2013100000000002,0.1845354080558879,0.3426233050186253,0.15808789696273742,0.5716666666666667,0.9904816666666667,0.41881500000000005,0.5226865399941931
LLLLYFLVALLLLLTSLLILI,103300300220030023012,000011011001101100000,LL--YF-VA--LL-TS--IL-,1728040000.0,364.372,-386.712,-22.3394,-74.1743,-74.1188,-74.1188,-74.2416,-235.829,-238.182,-235.828,-248.511,-368.083,4684.14,3595.9,3611.42,46.7138,0.000374154,-27.2688,-18.5794,24.3743,-76.7082,-83.0511,-76.7151,-45.3304,470,394.796,-54.9541,64.2166,17.4744,9.26358,3.41236,2.87561,-22.3229,-55.5914,61.6092,15.8127,-18.5794,9.1665,3.15595,2.58009,-18.6289,4,-57.3307,43.44,22.6524,8.8208,0.964,0.1156,design_1160,-37.72070000000001,0.12280000000001223,10.329000000000008,-6.3359999999999985,0.0,-2.353999999999985,-8.6894,-1088.2400000000002,20.776600000000002,0.44277999999999906,-5.178000000000001,2.76001,Left,0.35497571706264813,0.3208000000000002,0.7635799999999993,0.44277999999999906,0.46524,-0.05256000000000007,0.5178,0.4342393239680069,0.642064346274342,0.20782502230633504,0.019266666666666665,0.47926833333333335,0.4600016666666667,0.8479172964580561
