Sequence,Total,VDWOptimize,VDWMonomer,HBONDOptimize,HBONDMonomer,IMM1Optimize,IMM1Monomer,Design,Type,Clash Mutant,Mutant Type,Position,WT Sequence,Fluor Difference,Geometry,Interface,Seed,HBONDPreOptimize,IMM1REFMonomer,IMM1REFOptimize,IMM1REFPreOptimize,IMM1PreOptimize,Monomer,MonomerSasa,OptimizeSasa,PreBBOptimizeSasa,TotalPreOptimize,VDWPreOptimize,endAxialRotation,endAxialRotationprime,endCrossingAngle,endXShift,endZShift,endZShiftprime,firstRepackEnergy,preOptimizeEnergy,preOptimizeAxialRotation,preOptimizeAxialRotationprime,preOptimizeCrossingAngle,preOptimizeXShift,preOptimizeZShift,preOptimizeZShiftprime,replicateNumber,Directory,endAxialRotationPrime,endZShiftPrime,preOptimizeAxialRotationPrime,preOptimizeZShiftPrime,PercentGpA,PercentStd,Sample,toxgreen_fluor,toxgreen_std,Segments,LB-0H_M9-30H,LB-0H_M9-36H,LB-12H_M9-30H,LB-12H_M9-36H,LB-36H_M9-30H,LB-36H_M9-36H,VDWDiff,HBONDDiff,IMM1Diff,interfaceSasa,vdwPerSasa,hbondPerSasa,imm1PerSasa,totalPerSasa
AALLGTLLGVLLGLL,-38.3782,,,,,,,,Mutant,,void,4.0,LLLAFLLGTLLGVLLGLLILI,0.3802546332461465,LLLAALLGTLLGVLLGLLILI_2,000110011001100110000,1,-61.5152,-244.153,-240.303,-238.926,26.3124,-340.582,4385.52,3538.22,3574.55,-11.616,-78.0693,-92.1141,41.2099,-37.7911,6.72625,5.88045,4.9986,-24.0525,-364.888,-92.5815,39.7325,-40.3169,6.7382,5.75111,4.8471,2,LLLAALLGTLLGVLLGLLILI,,,,,0.9496517216117784,0.0382307873988608,G,22881.013245239064,750.3556642839618,6,-47.60962809755728,-53.97263176472924,-36.06397968427783,-43.82924488397672,-28.452786642602177,-37.14245927590202,,,,847.3000000000006,,,,-0.045294700814351434
AFLLGTLLIVLLGLL,-38.3782,,-24.0001,,-58.7211,,-269.342,,Mutant,,clash,11.0,LLLAFLLGTLLGVLLGLLILI,1.0411001926536565,LLLAFLLGTLLIVLLGLLILI_1,000110011001100110000,1,-50.6151,-254.485,-250.16,-251.564,18.4028,-341.153,4601.05,3494.18,3494.18,119.928,62.5512,-92.5815,39.7325,-40.3169,6.7382,5.75111,4.8471,5068610.0,3140730.0,-92.5815,39.7325,-40.3169,6.7382,5.75111,4.8471,1,LLLAFLLGTLLIVLLGLLILI,,,,,0.2888061622042687,0.1150007906372237,G,6958.527502770851,2257.120517729872,6,-83.27232984723815,-85.56163229384296,-82.00303528166968,-84.46604985482178,-82.73641909717975,-85.09906479960358,,,,1106.8700000000003,,,,-0.03467272579435705
AYLLGTLLGLLLGFL,-37.2159,-88.6951,-36.693,-67.941,-58.9275,-217.016,-240.816,leu,WT,LLLAYLLGTLLILLLGFLILI,clash,,,,LLLAYLLGTLLGLLLGFLILI_2,000110011001100110000,1,-68.922,,,,-220.33,-335.04,4526.09,3571.05,3433.66,-39.7517,-85.5401,-83.8785,,-38.819,6.68773,5.82274,,-38.1362,-373.485,-80.1891,,-39.6088,6.6695,5.29055,,2,LLLAYLLGTLLGLLLGFLILI,49.933,5.07173,50.0903,4.5419,1.1386801607243464,0.1463825571168746,G,27435.4852906887,2873.0504483443965,0,10.847787495057142,-9.75063899514555,22.65880830877997,-0.1344156555407455,17.686231929925846,-4.1829569109034646,-52.0021,-9.0135,23.80000000000001,955.04,-0.054450180097168704,-0.009437824593734295,0.024920422181269906,-0.03896789663260178
ALLLGTLLGFLLSIL,-33.1784,-97.2919,-51.7558,-81.6743,-74.1954,-218.405,-238.242,leu,WT,LLLALLLGTLLIFLLSILILI,clash,,,,LLLALLLGTLLGFLLSILILI_1,000110011001100110000,1,-83.2481,,,,-222.106,-362.898,4478.03,3603.91,3567.81,-38.4613,-96.0057,-91.6845,,-34.6479,7.04621,7.59002,,-31.6542,-397.649,-91.43,,-36.5962,7.0472,6.73401,,1,LLLALLLGTLLGFLLSILILI,54.3507,6.90528,48.2927,5.9584,1.2611346853962473,0.0982354162398987,G,30385.918104280765,1928.0665143261776,1,-95.22201949405206,,-95.1233006506907,,-95.74689644000256,,-45.5361,-7.478899999999996,19.83699999999999,874.1199999999999,-0.052093648469317716,-0.00855591909577632,0.022693680501532962,-0.037956344666636166
YLLLGALLGFLLSTL,-31.7777,-53.9845,-10.924,-86.5707,-74.2158,-218.25,-241.888,ala,WT,LLLYLLLGALLGFLLITLILI,clash,,,,LLLYLLLGALLGFLLSTLILI_0,000110011001100110000,1,-86.6288,,,,-220.821,-350.961,4614.19,3654.7,3632.74,-32.7807,-76.2917,-88.2653,,-42.5165,6.49343,7.86183,,-33.9968,-383.742,-83.724,,-45.0,6.6055,6.12918,,0,LLLYLLLGALLGFLLSTLILI,60.1632,7.26427,52.3747,5.4148,1.1114370953979995,0.1690684634853983,G,26779.08787216341,3318.3067327016724,0,-96.13042759539212,-96.52894986817968,-95.93207621278668,-96.351026438728,-96.95479130036152,-97.26841341805267,-43.0605,-12.3549,23.638000000000005,959.4899999999998,-0.04487852921864741,-0.012876528155582656,0.02463600454408072,-0.033119365496253224
TALLGLLLGVLLAIL,-29.261,,,,,,,,Mutant,,void,4.0,LLLTFLLGLLLGVLLAILILI,0.3947398306207594,LLLTALLGLLLGVLLAILILI_0,000110011001100110000,1,-45.3572,-261.129,-245.928,-247.65,26.0185,-348.368,4477.01,3602.34,3619.78,-23.3073,-104.687,-84.1619,49.9436,-39.056,7.04802,5.86667,5.11583,-22.9583,-371.675,-75.4208,48.7219,-40.9997,7.4067,4.39057,3.6214,0,LLLTALLGLLLGVLLAILILI,,,,,0.8329896148196572,0.0420556062940024,G,20070.143586444246,825.4253846882484,7,-94.14448066367488,-94.73133657772848,-93.47511899271734,-94.12906013571134,-93.13976280456642,-93.82731424769382,,,,874.6700000000001,,,,-0.033453759703659665
TFLLGLLLGVLLAIL,-29.261,-97.1737,-59.2764,-53.4717,-45.1579,-226.133,-243.083,leu,WT,LLLTFLLGLLLIVLLAILILI,clash,,,,LLLTFLLGLLLGVLLAILILI_1,000110011001100110000,1,-56.2434,,,,-228.149,-346.411,4556.2,3550.7,3547.59,-40.8291,-102.847,-82.8442,,-40.05,7.0279,5.21032,,-30.5773,-376.918,-75.4208,,-40.9997,7.4067,4.39057,,1,LLLTFLLGLLLGVLLAILILI,46.5458,4.40851,48.7219,3.6214,1.2277294454404166,0.093660607693891,G,29581.04857107834,1838.276747018003,1,-96.63634218241548,,-95.70795307517054,,-96.15561553329763,,-37.897299999999994,-8.3138,16.94999999999999,1005.5,-0.03769000497265042,-0.008268324216807559,0.01685728493286921,-0.029100944803580307
TFLLGLLLIVLLAIL,-29.261,,-36.7733,,-44.9935,,-274.857,,Mutant,,clash,11.0,LLLTFLLGLLLGVLLAILILI,0.8653056825495727,LLLTFLLGLLLIVLLAILILI_2,000110011001100110000,1,-41.3853,-268.666,-258.617,-257.766,26.4859,-348.492,4616.77,4047.53,3559.95,31994.2,31918.4,-78.3983,60.17,-31.523,11.3685,6.38269,5.78524,22253.2,31655.7,-75.4208,48.7219,-40.9997,7.4067,4.39057,3.6214,2,LLLTFLLGLLLIVLLAILILI,,,,,0.3624237628908439,0.0206115004839693,G,8732.278087353103,404.541920042046,7,-73.43270000549015,-83.35007802556228,-79.63432755603937,-87.23668354635309,-83.1710912656162,-89.45319933149672,,,,569.2400000000002,,,,-0.05140362588714775
AYLLGLLLGFLLGTL,-28.9835,-80.5853,-36.4049,-65.9668,-58.948,-218.385,-240.601,leu,WT,LLLAYLLGLLLIFLLGTLILI,clash,,,,LLLAYLLGLLLGFLLGTLILI_1,000110011001100110000,1,-70.5559,,,,-220.533,-334.591,4547.34,3601.09,3497.32,-15.8131,-59.3155,-84.8195,,-40.3918,6.79251,5.4053,,-29.7804,-364.968,-87.7841,,-35.7467,7.5,4.88679,,1,LLLAYLLGLLLGFLLGTLILI,45.7954,4.59223,38.6606,3.9667,1.114143502271102,0.1090653876856554,G,26844.29633766161,2140.6263640701136,1,1538.2245820513567,1623.094983450678,1854.1930116292235,1955.4325773919609,1410.152475324841,1488.3879310488107,-44.180400000000006,-7.018800000000006,22.216000000000008,946.25,-0.04668998678996038,-0.007417490092470284,0.02347793923381771,-0.030629854689564067
AYLLGLLLGALLGTL,-28.9835,,,,,,,,Mutant,,void,12.0,LLLAYLLGLLLGFLLGTLILI,0.1379513511912027,LLLAYLLGLLLGALLGTLILI_0,000110011001100110000,1,-57.8381,-254.425,-243.228,-244.499,31.0991,-332.062,4483.79,3527.07,3552.05,-26.2013,-87.0252,-89.1759,43.7069,-38.2626,6.89677,5.77682,4.93242,-26.2052,-358.263,-87.7841,38.6606,-35.7467,7.5,4.88679,3.9667,0,LLLAYLLGLLLGALLGTLILI,,,,,0.9761921510798992,0.0694555884730966,G,23520.481277959578,1363.20483496281,7,7382.837566680571,8632.505720955383,11453.642463270176,13383.1536845903,7965.431986901933,9312.3960783558,,,,956.7199999999998,,,,-0.030294652562923328
AFLLGTLLGVLLGLL,-28.8249,-69.6709,-28.0482,-71.033,-58.867,-210.312,-235.276,ala,WT,LLLAFLLITLLGVLLGLLILI,clash,,,,LLLAFLLGTLLGVLLGLLILI_1,000110011001100110000,1,-71.8288,,,,-206.071,-339.341,4514.32,3550.57,3464.44,-31.4574,-92.8983,-90.1374,,-40.6189,7.31741,5.97302,,-30.7631,-369.21,-91.396,,-35.8075,7.4513,5.01216,,1,LLLAFLLGTLLGVLLGLLILI,44.092,5.1344,35.576,4.0458,1.3299063548579249,0.244265207184603,G,32042.91028784085,4794.193221172257,0,-89.65747235905032,,-84.6698079294242,,-85.97296812794379,,-41.6227,-12.166000000000004,24.964,963.7499999999995,-0.0431882749675746,-0.0126236057068742,0.025902983138780814,-0.029909105058365772
YALLGVLLGTLLGLL,-28.7978,,,,,,,,Mutant,,void,4.0,LLLYFLLGVLLGTLLGLLILI,0.7357183618932983,LLLYALLGVLLGTLLGLLILI_0,000110011001100110000,1,-60.0584,-255.529,-248.098,-254.614,43.7739,-335.999,4528.79,3750.5,3731.44,-12.5121,-77.6125,-88.8552,32.1686,-54.5069,7.43887,4.17104,3.15357,-13.2735,-348.511,-83.9549,29.1297,-45.0,7.4713,3.02575,1.9627,0,LLLYALLGVLLGTLLGLLILI,,,,,0.336265492319929,0.1043975960347378,G,8102.017833225826,2049.011617335624,6,-79.89338836747667,-77.24946020141378,-78.93844515638413,-76.16894629253572,-76.3756428153766,-73.26914707620776,,,,778.29,,,,-0.037001374808875866
YFLLGVLLITLLGLL,-28.7978,,-16.4086,,-58.6992,,-275.238,,Mutant,,clash,11.0,LLLYFLLGVLLGTLLGLLILI,0.8425645481578146,LLLYFLLGVLLITLLGLLILI_1,000110011001100110000,1,-36.7934,-265.468,-264.64,-256.708,23.7009,-336.551,4746.28,3674.32,3674.32,44799.1,44732.4,-83.9549,29.1297,-45.0,7.4713,3.02575,1.9627,415031.0,410626.0,-83.9549,29.1297,-45.0,7.4713,3.02575,1.9627,1,LLLYFLLGVLLITLLGLLILI,,,,,0.2294193060554128,0.0814020391148831,G,5527.654045467406,1597.6778217371605,6,-37.78851328832889,-60.71303234084636,-46.48934114297623,-66.20766300475663,-62.01365945774538,-76.0113732807935,,,,1071.9599999999996,,,,-0.02686462181424681
YFLLGVLLGTLLGLL,-28.7978,-56.7626,-11.2107,-68.205,-58.9223,-217.183,-243.22,ala,WT,LLLYFLLGVLLITLLGLLILI,clash,,,,LLLYFLLGVLLGTLLGLLILI_0,000110011001100110000,1,-68.1971,,,,-213.212,-334.454,4667.69,3447.13,3634.25,-22.505,-75.5507,-85.1222,,-42.2893,7.06462,3.55531,,-25.1112,-356.959,-83.9549,,-45.0,7.4713,3.02575,,0,LLLYFLLGVLLGTLLGLLILI,31.7554,2.53164,29.1297,1.9627,1.0719838542132274,0.0310012021741564,G,25828.49713079437,608.460595126643,0,-92.26325584034592,-93.92818540941352,-92.80338867671406,-94.35208290027508,-94.9267601715191,-96.01850972754772,-45.5519,-9.282699999999998,26.037000000000006,1220.5599999999995,-0.03732049223307336,-0.007605279543815955,0.02133201153568855,-0.023593924100412934
YVLLGALLGILLTLL,-27.8696,-98.0257,-53.0326,-66.9225,-58.9275,-219.158,-244.277,leu,WT,LLLYVLLIALLGILLTLLILI,clash,,,,LLLYVLLGALLGILLTLLILI_0,000110011001100110000,1,-66.8813,,,,-219.4,-355.39,4577.17,3713.97,3707.28,-28.7808,-97.8896,-79.0724,,-46.8199,6.65198,6.05056,,-29.2053,-384.171,-72.8097,,-43.7016,6.839,5.63706,,0,LLLYVLLGALLGILLTLLILI,56.9607,5.40497,60.8563,5.0499,0.953808510676055,0.1021938767810482,G,22981.16737908615,2005.759219544127,0,-94.85195138904848,-94.5352815831864,-94.77014632773692,-94.44844448064102,-95.24384047546826,-94.951276782484,-44.9931,-7.994999999999997,25.119,863.2000000000003,-0.05212360982391101,-0.009262048192771079,0.029099860982391094,-0.03228637627432807
YVLLIALLGILLTLL,-27.8696,,-32.5845,,-58.7738,,-277.314,,Mutant,,clash,7.0,LLLYVLLGALLGILLTLLILI,0.7931414401631007,LLLYVLLIALLGILLTLLILI_0,000110011001100110000,1,-55.3605,-264.98,-259.369,-260.389,39.1543,-357.777,4650.9,4155.23,3696.63,114989.0,114908.0,-76.1506,72.1447,-38.7984,10.275,7.66212,7.24429,29443.0,114632.0,-72.8097,60.8563,-43.7016,6.839,5.63706,5.0499,0,LLLYVLLIALLGILLTLLILI,,,,,0.1606670705129542,0.0868000923589151,G,3871.130104884759,1703.6254127210757,6,-94.90220899244385,,-95.92152659286552,,-96.66814526230787,,,,,495.6700000000001,,,,-0.05622611818346883
YVLLGALLIILLTLL,-27.8696,,-32.8769,,-58.7738,,-277.331,,Mutant,,clash,11.0,LLLYVLLGALLGILLTLLILI,0.7577051273940109,LLLYVLLGALLIILLTLLILI_2,000110011001100110000,1,-52.9626,-265.409,-259.535,-261.146,36.1968,-357.957,4646.91,3933.84,3676.03,30984.9,30904.9,-80.6687,69.6063,-39.7749,9.10199,7.99715,7.54124,29369.9,55370.7,-72.8097,60.8563,-43.7016,6.839,5.63706,5.0499,2,LLLYVLLGALLIILLTLLILI,,,,,0.1961033832820441,0.0318321830626578,G,4724.936530306096,624.7702569778033,6,-67.97076358011697,-72.01533493750708,-75.27778197426888,-78.39964144063921,-79.61077083045323,-82.18547137021443,,,,713.0699999999997,,,,-0.03908396090145429
AYLLGVLLGALLGSL,-26.7388,,,,,,,,Mutant,,void,12.0,LLLAYLLGVLLGLLLGSLILI,0.0925840407151361,LLLAYLLGVLLGALLGSLILI_0,000110011001100110000,1,-65.3771,-256.029,-240.898,-241.112,30.3397,-330.239,4445.11,3448.45,3489.58,697.643,643.554,-81.4742,47.7219,-33.5078,6.61075,5.16359,4.37941,200.277,367.404,-71.2876,45.5524,-38.516,6.6243,3.34271,2.526,0,LLLAYLLGVLLGALLGSLILI,,,,,1.0216015987962608,0.1167425496170382,G,24614.581515978265,2291.306021341963,7,3099.883421724586,3576.476760281207,4431.767326123643,5106.732577937425,4076.332578456545,4698.359078852192,,,,996.6599999999999,,,,-0.026828406878975784
AYLLGVLLILLLGSL,-26.7388,,-35.5025,,-60.2742,,-283.607,,Mutant,,clash,11.0,LLLAYLLGVLLGLLLGSLILI,0.857480424124574,LLLAYLLGVLLILLLGSLILI_2,000110011001100110000,1,-63.7968,-262.478,-251.13,-249.169,26.8004,-351.467,4590.1,3939.03,3485.7,204084000000.0,204084000000.0,-64.5292,78.0117,-37.7605,10.6032,6.71096,6.38113,7404880.0,14652700.0,-71.2876,45.5524,-38.516,6.6243,3.34271,2.526,2,LLLAYLLGVLLILLLGSLILI,,,,,0.2567052153868229,0.1074780076395355,G,6185.083752170998,2109.470855943912,7,-88.5481313466757,,-88.20865651883763,,-86.50371749965579,,,,,651.0700000000002,,,,-0.041069009476707566
AYLLGVLLGLLLGSL,-26.7388,-76.206,-34.0417,-73.5366,-60.4841,-213.559,-242.037,ala,WT,LLLAYLLGVLLILLLGSLILI,clash,,,,LLLAYLLGVLLGLLLGSLILI_0,000110011001100110000,1,-73.5397,,,,-214.832,-348.662,4498.22,3471.45,3460.86,690.114,629.824,-76.7902,,-36.218,6.67925,3.89936,,568.586,341.452,-71.2876,,-38.516,6.6243,3.34271,,0,LLLAYLLGVLLGLLLGSLILI,43.5618,3.05279,45.5524,2.526,1.114185639511397,0.1202060489892129,G,26845.31159698896,2359.284123589556,1,635.3339480178853,561.6920285790081,827.6590529822424,734.7562386478743,735.5217644368814,651.8462770859385,-42.164300000000004,-13.052500000000009,28.47800000000001,1026.7700000000004,-0.0410649902120241,-0.012712194551847057,0.027735520126221058,-0.0260416646376501
SYLLGVLLILLLATL,-26.2402,,-35.8101,,-58.7839,,-281.928,,Mutant,,clash,11.0,LLLSYLLGVLLGLLLATLILI,0.8263409142724467,LLLSYLLGVLLILLLATLILI_0,000110011001100110000,1,-56.5782,-282.297,-263.356,-264.019,34.235,-363.167,4610.15,3919.85,3569.14,90515.9,90439.1,-92.1657,74.0546,-37.2887,9.68109,10.3222,9.93304,82544.5,90152.7,-84.8765,45.4702,-44.3391,6.8761,5.36995,4.552,0,LLLSYLLGVLLILLLATLILI,,,,,0.2043504868894454,0.0943978380710133,G,4923.64315357447,1852.7463677400367,6,-90.78002708259206,-88.93519026827173,-92.94491381790752,-91.53325210983974,-93.82208301908396,-92.5859352793558,,,,690.2999999999997,,,,-0.03801274808054471
SYLLGVLLGALLATL,-26.2402,,,,,,,,Mutant,,void,12.0,LLLSYLLGVLLGLLLATLILI,-0.054931956452735,LLLSYLLGVLLGALLATLILI_1,000110011001100110000,1,-60.1933,-272.833,-248.234,-251.205,30.7016,-341.458,4474.77,3663.93,3598.82,-17.3349,-78.0954,-95.6867,42.6191,-43.5056,6.7335,6.60658,5.74587,-22.4875,-363.565,-84.8765,45.4702,-44.3391,6.8761,5.36995,4.552,1,LLLSYLLGVLLGALLATLILI,,,,,1.0856233576146272,0.0248484364368632,G,26157.12882899993,487.70026181749,6,4184.720195901842,5243.918020657535,5261.952103353021,6587.445424888418,4053.247026008906,5079.944223139596,,,,810.8400000000006,,,,-0.03236174831039414
SALLGVLLGLLLATL,-26.2402,,,,,,,,Mutant,,void,4.0,LLLSYLLGVLLGLLLATLILI,-0.0965569399603034,LLLSALLGVLLGLLLATLILI_2,000110011001100110000,1,-60.5909,-261.454,-247.577,-247.745,27.6682,-352.057,4421.68,3603.17,3616.34,-25.6038,-96.9931,-89.4329,43.6032,-43.9024,6.73872,5.80136,4.95541,-23.6973,-375.704,-84.8765,45.4702,-44.3391,6.8761,5.36995,4.552,2,LLLSALLGVLLGLLLATLILI,,,,,1.1272483411221956,0.2917998864957152,G,27160.045769262302,5727.156372141432,6,-95.26942617434544,,-93.86073460703422,,-94.11444372368608,,,,,818.5100000000002,,,,-0.032058496536389286
SYLLGVLLGLLLATL,-26.2402,-70.6406,-34.1378,-81.6878,-58.948,-223.324,-256.327,ala,WT,LLLSYLLGVLLILLLATLILI,clash,,,,LLLSYLLGVLLGLLLATLILI_1,000110011001100110000,1,-80.3304,,,,-225.719,-362.713,4530.68,3573.6,3596.46,10.0859,-46.5772,-82.3221,,-44.5686,6.72633,4.75488,,-28.4692,-399.753,-84.8765,,-44.3391,6.8761,5.36995,,1,LLLSYLLGVLLGLLLATLILI,43.7524,3.91117,45.4702,4.552,1.0306914011618922,0.1126748049717276,G,24833.59221597122,2211.468397017981,0,-35.34097965656148,-42.42456351611911,-29.09582560321828,-36.86358426495726,-27.52444517612853,-35.46435313693569,-36.50280000000001,-22.739799999999995,33.002999999999986,957.0800000000004,-0.038139758431897014,-0.023759560329335048,0.03448301082459144,-0.02741693484348225
SYLLGLLLGFLLSTL,-25.2886,-56.7756,-15.2642,-88.2796,-74.2973,-229.542,-259.748,ala,WT,LLLSYLLGLLLIFLLSTLILI,clash,,,,LLLSYLLGLLLGFLLSTLILI_0,000110011001100110000,1,-88.3347,,,,-226.628,-364.463,4573.56,3639.37,3606.58,-27.0865,-76.5862,-100.322,,-46.8224,6.87429,3.67453,,-27.0465,-391.549,-95.479,,-44.2015,7.2798,4.51072,,0,LLLSYLLGLLLGFLLSTLILI,15.7501,2.41078,27.325,3.42059,1.0871769040710502,0.1793333309863088,G,26194.56014852344,3519.775287068908,1,-76.14828850362696,-77.61754112717833,-75.97621884411218,-77.45607086631526,-81.52158310480205,-82.65984366553681,-41.511399999999995,-13.982299999999995,30.20599999999999,934.1900000000005,-0.04443571436217469,-0.014967297873023675,0.032333893533435354,-0.027070082103212392
YLLLGALLGALLTFL,-23.6808,-76.3138,-36.5552,-66.9164,-58.9953,-218.157,-242.156,leu,WT,LLLYLLLGALLIALLTFLILI,clash,,,,LLLYLLLGALLGALLTFLILI_0,000110011001100110000,1,-66.9258,,,,-218.148,-337.181,4598.7,3792.53,3670.42,-24.1876,-76.2947,-66.7136,,-42.2511,6.41222,6.49675,,-24.0426,-361.368,-68.1028,,-40.6526,6.5,5.40184,,0,LLLYLLLGALLGALLTFLILI,73.9978,6.10672,64.3439,4.867,1.1246958250012489,0.1739303256987258,G,27098.545164508385,3413.730502314813,0,-94.0854779895051,-94.31445364650082,-93.65302924600638,-93.89874678594444,-95.25202017515078,-95.43583414995184,-39.7586,-7.921099999999996,23.998999999999995,806.1699999999996,-0.04931788580572338,-0.009825595097808153,0.029769155389061868,-0.029374449557785596
YLLLGALLGALLTAL,-23.6808,,,,,,,,Mutant,,void,16.0,LLLYLLLGALLGALLTFLILI,-0.0053705936410561,LLLYLLLGALLGALLTALILI_1,000110011001100110000,1,-59.6961,-252.766,-248.232,-248.554,32.326,-335.661,4541.56,3654.17,3675.12,-0.0242463,-59.7615,-77.6322,57.3288,-43.8216,6.35716,5.88421,5.24414,-20.0135,-357.679,-68.1028,64.3439,-40.6526,6.5,5.40184,4.867,1,LLLYLLLGALLGALLTALILI,,,,,1.130066418642305,0.0922142515524577,G,27227.9448396174,1809.889115048824,6,-92.90994537588546,-94.00014322285844,-92.42409957374548,-93.58900319881674,-94.13667042255004,-95.03824165441162,,,,887.3900000000003,,,,-0.026685899097352903
YLLLGALLIALLTFL,-23.6808,,-15.6031,,-58.7574,,-275.345,,Mutant,,clash,11.0,LLLYLLLGALLGALLTFLILI,0.9688319079988544,LLLYLLLGALLIALLTFLILI_1,000110011001100110000,1,-43.3404,-262.974,-260.45,-258.713,21.8246,-339.161,4686.43,3640.65,3640.65,53.8894,-5.04302,-68.1028,64.3439,-40.6526,6.5,5.40184,4.867,511636.0,340355.0,-68.1028,64.3439,-40.6526,6.5,5.40184,4.867,1,LLLYLLLGALLIALLTFLILI,,,,,0.1558639170023943,0.0866018753362034,G,3755.40239482373,1699.7350072554912,6,-22.814741172137573,-29.733598462869903,-31.773765382459203,-37.889539145109154,-51.39218469288548,-55.74937079851525,,,,1045.7800000000002,,,,-0.02264415077741016
ALLLGLLLGTLLSFL,-23.5239,-96.0505,-55.4758,-77.7998,-74.1783,-216.814,-237.487,leu,WT,LLLALLLGLLLITLLSFLILI,clash,,,,LLLALLLGLLLGTLLSFLILI_1,000110011001100110000,1,-80.5523,,,,-222.16,-366.307,4524.66,3683.02,3527.6,-32.7171,-96.3114,-87.0739,,-40.8239,6.65379,7.23815,,-24.3603,-390.64,-76.1776,,-38.6839,6.9104,5.90699,,1,LLLALLLGLLLGTLLSFLILI,56.8671,6.59115,59.1137,5.2937,1.036054566267427,0.0500862138232033,G,24962.81290712576,983.042118568478,1,-96.4057724276761,-97.0444103391737,-96.46628151931364,-97.09416791351512,-96.46396779531446,-97.09226530201032,-40.5747,-3.6215000000000117,20.673000000000002,841.6399999999999,-0.048209091773204704,-0.0043029086070053854,0.02456275842402928,-0.027950073665700306
YVLLGLLLGFLLSTL,-23.3255,-70.4718,-34.9658,-74.0765,-74.2158,-235.241,-247.282,leu,WT,LLLYVLLGLLLIFLLSTLILI,clash,,,,LLLYVLLGLLLGFLLSTLILI_1,000110011001100110000,1,-83.7697,,,,-240.429,-355.479,4610.22,3799.13,3688.67,127.517,96.2364,-101.744,,-43.2988,7.39181,5.19494,,-24.2337,-379.756,-92.7718,,-44.4465,7.5,4.20084,,1,LLLYVLLGLLLGFLLSTLILI,25.4323,4.07642,28.0376,3.1214,1.0360635158181757,0.0534135912047247,G,24963.02853859114,1048.34855450345,1,-94.49833387449743,,-93.97762014557397,,-96.12985916773106,,-35.506,0.13930000000000575,12.040999999999997,811.0900000000001,-0.04377565991443612,0.00017174419608182289,0.014845454881702394,-0.028758214254891563
YVLLGLLLGALLSTL,-23.3255,,,,,,,,Mutant,,void,12.0,LLLYVLLGLLLGFLLSTLILI,0.1337702759272937,LLLYVLLGLLLGALLSTLILI_0,000110011001100110000,1,-65.8923,-257.971,-254.196,-252.318,22.1036,-354.88,4549.95,3600.39,3740.14,-19.0125,-77.7856,-87.4644,43.2014,-44.3843,6.69835,5.45184,4.59986,-18.0228,-373.893,-92.7718,28.0376,-44.4465,7.5,4.20084,3.1214,0,LLLYVLLGLLLGALLSTLILI,,,,,0.902293239890882,0.2284986033143815,G,21739.9527670807,4484.742087116056,7,-69.84305650640079,-76.99934980722503,-70.20708602833167,-77.27699451268244,-77.14882374653943,-82.57144622064074,,,,949.56,,,,-0.024564535153123554
YVLLGLLLIFLLSTL,-23.3255,,-14.2491,,-74.0812,,-281.098,,Mutant,,clash,11.0,LLLYVLLGLLLGFLLSTLILI,0.7803115677171274,LLLYVLLGLLLIFLLSTLILI_1,000110011001100110000,1,-65.9667,-268.153,-262.588,-275.758,19.5328,-358.628,4669.34,3676.19,3676.19,32.4541,-3.98109,-92.7718,28.0376,-44.4465,7.5,4.20084,3.1214,1464580.0,333430.0,-92.7718,28.0376,-44.4465,7.5,4.20084,3.1214,1,LLLYVLLGLLLIFLLSTLILI,,,,,0.2557519481010483,0.0645057277084226,G,6162.115625142525,1266.053917644606,7,-43.552975465398205,-47.04357575369842,-43.65737169032916,-47.14151627089551,-12.148359723328864,-17.580974877196123,,,,993.1500000000001,,,,-0.02348638171474601
AALLGVLLGLLLAFL,-23.2275,,,,,,,,Mutant,,void,4.0,LLLAYLLGVLLGLLLAFLILI,-0.0311638844596207,LLLAALLGVLLGLLLAFLILI_2,000110011001100110000,1,-44.5129,-247.325,-241.249,-241.132,25.3768,-324.508,4447.18,3599.79,3632.26,-25.2754,-89.5145,-98.0039,47.3889,-37.3361,6.58499,7.59809,6.80893,-16.4461,-339.813,-91.43,48.2927,-36.5962,7.0472,6.73401,5.9584,2,LLLAALLGVLLGLLLAFLILI,,,,,1.1520432307369748,0.076694342449695,G,27757.45657238901,1505.2798593391544,6,-96.33703070388272,-97.54774986739508,-95.33840196599434,-96.87919731973771,-94.66757905611536,-96.43010112571588,,,,847.3900000000003,,,,-0.027410637368862022
AYLLGVLLILLLAFL,-23.2275,,-23.5752,,-44.9245,,-273.797,,Mutant,,clash,11.0,LLLAYLLGVLLGLLLAFLILI,0.9240895396873036,LLLAYLLGVLLILLLAFLILI_2,000110011001100110000,1,-38.0833,-267.902,-254.976,-256.369,15.5598,-334.288,4631.62,3585.12,3585.12,623.637,568.242,-91.43,48.2927,-36.5962,7.0472,6.73401,5.9584,347856.0,273787.0,-91.43,48.2927,-36.5962,7.0472,6.73401,5.9584,2,LLLAYLLGVLLILLLAFLILI,,,,,0.1967898065900505,0.0374730653552115,G,4741.475289147988,735.483853630921,6,-92.00286043345768,-93.7531375542674,-92.0662451550836,-93.80264971219133,-93.47417288170138,-94.90243429998448,,,,1046.5,,,,-0.022195413282369802
AYLLGVLLGLLLIFL,-23.2275,,-21.9282,,-45.02,,-272.59,,Mutant,,clash,15.0,LLLAYLLGVLLGLLLAFLILI,0.8040578290302711,LLLAYLLGVLLGLLLIFLILI_2,000110011001100110000,1,-45.228,-266.193,-250.583,-254.043,32.6105,-331.538,4594.98,3664.63,3501.68,19544.4,19479.5,-94.8682,54.2107,-43.4952,7.28514,8.04867,7.36183,11692.6,23717.4,-91.43,48.2927,-36.5962,7.0472,6.73401,5.9584,2,LLLAYLLGVLLGLLLIFLILI,,,,,0.3168215172470829,0.0255145574548144,G,7633.532554832367,500.7742191351119,6,-84.21243790604208,-86.40159627539444,-84.61467666192868,-86.74805920384887,-86.54810619547344,-88.41339266152563,,,,930.3499999999995,,,,-0.024966410490675568
AYLLGVLLGLLLAFL,-23.2275,-85.051,-47.1495,-55.1542,-45.1579,-217.129,-241.799,leu,WT,LLLAYLLGVLLILLLAFLILI,clash,,,,LLLAYLLGVLLGLLLAFLILI_1,000110011001100110000,1,-58.5939,,,,-217.561,-332.295,4558.34,3583.78,3568.79,-23.7324,-79.8732,-98.9406,,-33.7392,6.87798,8.31734,,-23.9546,-357.322,-91.43,,-36.5962,7.0472,6.73401,,1,LLLAYLLGVLLGLLLAFLILI,51.6759,7.59247,48.2927,5.9584,1.120879346277354,0.0917568498201317,G,27006.59050553616,1800.911691454492,0,-70.26577537035278,-76.62848942297038,-68.14289120186265,-74.95987319316606,-65.9041201635496,-73.20016828566662,-37.9015,-9.996300000000005,24.670000000000016,974.56,-0.03889088409128222,-0.010257244294861276,0.025313987850927616,-0.023833832703989494
LFLLGTLLGALLAYL,-22.2671,-54.0189,-19.5964,-72.8435,-58.9275,-210.849,-236.92,ala,WT,LLLLFLLITLLGALLAYLILI,clash,,,,LLLLFLLGTLLGALLAYLILI_1,000110011001100110000,1,-69.8096,,,,-213.892,-332.505,4628.65,3667.61,3587.74,-16.4436,-65.2468,-56.669,,-44.397,6.6005,2.46401,,762.211,429.217,-56.669,,-44.397,6.6005,2.46401,,1,LLLLFLLGTLLGALLAYLILI,55.2864,1.79331,55.2864,1.79331,1.1525240018728395,0.1628936858792974,G,27769.04032509313,3197.114372541684,1,-88.73229579309243,,-86.75261061881962,,-90.8693776339476,,-34.4225,-13.916000000000004,26.070999999999998,961.0399999999995,-0.035817968034629166,-0.014480146507949732,0.02712790310496963,-0.023169795221843016
TFLLGLLLGYLLASL,-16.3299,-59.701,-23.0576,-65.4639,-60.4841,-222.802,-248.095,ala,WT,LLLTFLLGLLLIYLLASLILI,clash,,,,LLLTFLLGLLLGYLLASLILI_0,000110011001100110000,1,-65.4148,,,,-225.505,-347.233,4569.18,3569.29,3589.42,-23.6209,-79.9344,-70.355,,-41.7323,6.98929,3.771,,-23.5442,-370.854,-75.8727,,-43.5756,7.3804,3.8938,,0,LLLTFLLGLLLGYLLASLILI,49.7611,3.01742,44.54,3.0619,1.231156146588345,0.0840129033933076,G,29663.61188621728,1648.9212548823175,0,-96.20386825415414,-97.73616510405913,-95.60437552982071,-97.37865576558744,-95.8348506808431,-97.51610033402284,-36.6434,-4.979799999999997,25.293000000000006,999.8900000000003,-0.036647431217433905,-0.004980347838262205,0.025295782536078965,-0.01633169648661352
TFLLALLLGYLLGSL,-9.74901,-56.2978,-23.1763,-61.5349,-60.4841,-223.068,-247.491,ala,WT,LLLTFLLALLLIYLLGSLILI,clash,,,,LLLTFLLALLLGYLLGSLILI_0,000110011001100110000,1,-61.5111,,,,-226.604,-346.916,4558.97,3668.58,3571.28,-17.9348,-76.7358,-78.363,,-45.0715,7.22746,3.56887,,-17.765,-364.851,-75.8727,,-43.5756,7.3804,3.8938,,0,LLLTFLLALLLGYLLGSLILI,39.366,2.65936,44.54,3.0619,0.949728993425309,0.13591835155224,G,22882.875040810468,2667.6694857716902,1,-96.1408091229162,,-95.72816416782145,,-96.16535290231153,,-33.1215,-1.0508000000000024,24.423000000000002,890.3900000000003,-0.037198867911813906,-0.0011801570098496188,0.027429553341794036,-0.010949145879895324
TFLLALLLGALLGSL,-9.74901,,,,,,,,Mutant,,void,12.0,LLLTFLLALLLGYLLGSLILI,0.2542951647063932,LLLTFLLALLLGALLGSLILI_2,000110011001100110000,1,-58.2313,-261.519,-245.842,-246.346,24.0382,-339.362,4496.83,3736.7,3636.73,46.5169,-12.3058,-76.4601,49.2356,-49.4088,7.49911,4.61581,3.85434,-9.79946,-349.85,-75.8727,44.54,-43.5756,7.3804,3.8938,3.0619,2,LLLTFLLALLLGALLGSLILI,,,,,0.6954338287189158,0.070649725390056,G,16755.8593156345,1386.6421602188032,7,-86.39073710613097,-88.44329759721813,-85.40107422169896,-87.60289650248933,-84.53490225373663,-86.86736132020681,,,,760.1300000000001,,,,-0.01282545090971281
