Sequence,Type,Clash Mutant,Mutant Type,Geometry,Interface,Seed,HBONDDimerOptimize,HBONDDimerPreOptimize,HBONDMonomer,IMM1DimerOptimize,IMM1DimerPreOptimize,IMM1Monomer,Monomer,MonomerSasa,OptimizeSasa,PreBBOptimizeSasa,Total,TotalPreOptimize,VDWDimerOptimize,VDWDimerPreOptimize,VDWMonomer,endAxialRotation,endAxialRotationPrime,endCrossingAngle,endXShift,endZShift,endZShiftPrime,firstRepackEnergy,preOptimizeAxialRotation,preOptimizeAxialRotationPrime,preOptimizeCrossingAngle,preOptimizeEnergy,preOptimizeXShift,preOptimizeZShift,preOptimizeZShiftPrime,replicateNumber,Directory,PercentGpA,PercentStd,Sample,LB-12H_M9-36H,VDWDiff,HBONDDiff,IMM1Diff
YFLLALLLGTLLGSL,WT,LLLYFLLALLLITLLGSLILI,clash,LLLYFLLALLLGTLLGSLILI_0,1.1001100110011e+17,1.0,-78.3189,-83.9993,-74.1108,-233.512,-223.528,-244.875,-349.27,4648.58,3560.72,3498.43,-35.4122,118014.0,-72.8514,117972.0,-30.2842,-75.6369,53.8835,-36.7396,6.94922,5.11981,4.42806,81998.1,-62.8637,50.8317,-39.7383,117665.0,6.5162,2.79183,2.05431,0.0,LLLYFLLALLLGTLLGSLILI,0.253332918036776,0.0129640187594623,G,99999900.0,-42.5672,-4.208100000000002,11.363
YFLLATLLGLLLGVL,WT,LLLYFLLATLLILLLGVLILI,clash,LLLYFLLATLLGLLLGVLILI_0,1.1001100110011e+17,1.0,-56.611,-60.2792,-58.7388,-233.424,-228.843,-245.524,-338.28,4700.58,3596.57,3545.15,-35.1245,-23.6767,-83.3692,-72.8346,-34.017,-73.4706,41.2727,-40.7903,6.80468,3.09241,2.2115,-21.3632,-71.1719,34.5088,-41.0473,-361.956,6.9662,1.83447,0.852102,0.0,LLLYFLLATLLGLLLGVLILI,0.387029629144961,0.0429610460253384,G,99999900.0,-49.3522,2.1278000000000006,12.099999999999994
LFLLATLLGYLLSIL,WT,LLLLFLLATLLIYLLSILILI,clash,LLLLFLLATLLGYLLSILILI_0,1.1001100110011e+17,1.0,-76.3792,-75.4692,-74.0056,-234.023,-221.805,-245.466,-359.39,4659.21,3678.18,3624.33,-31.6928,-17.902,-80.6812,-80.0181,-39.9192,-72.2379,70.4289,-42.1327,7.55117,6.84359,6.40002,-17.8493,-75.6695,54.0605,-40.3366,-377.292,7.5,5.14859,4.4595,0.0,LLLLFLLATLLGYLLSILILI,0.459536997590713,0.0518402730691943,G,99999900.0,-40.76200000000001,-2.373599999999996,11.443000000000012
FGLLATLLGVLLSLL,WT,LLLFGLLATLLIVLLSLLILI,clash,LLLFGLLATLLGVLLSLLILI_0,1.1001100110011e+17,1.0,-71.0782,-65.8862,-74.1264,-230.58,-222.614,-235.085,-357.212,4553.55,3680.07,3728.36,-31.1229,-20.4364,-86.6768,-89.1478,-47.9997,-67.7405,62.2765,-42.4509,7.53575,5.06839,4.50254,-20.1112,-73.2508,43.1479,-42.798,-377.648,7.4823,3.31258,2.4598,0.0,LLLFGLLATLLGVLLSLLILI,0.463623137627989,0.0499627582669887,G,99999900.0,-38.6771,3.0482000000000085,4.5049999999999955
YFLLAVLLGLLLGTL,WT,LLLYFLLIVLLGLLLGTLILI,clash,LLLYFLLAVLLGLLLGTLILI_0,1.1001100110011e+17,1.0,-62.4705,-60.3616,-58.7556,-230.136,-227.336,-244.883,-337.368,4699.11,3567.92,3581.88,-29.4048,-23.8917,-74.1664,-73.5613,-33.7288,-73.0152,36.8474,-41.5935,6.86622,2.42668,1.47939,-22.3846,-71.1719,34.5088,-41.0473,-361.259,6.9662,1.83447,0.852102,0.0,LLLYFLLAVLLGLLLGTLILI,0.30307986497919,0.0651692469687096,G,99999900.0,-40.437599999999996,-3.7149,14.747000000000014
YFLLALLLGVLLGTL,WT,LLLYFLLILLLGVLLGTLILI,clash,LLLYFLLALLLGVLLGTLILI_0,1.1001100110011e+17,1.0,-60.0935,-64.6672,-58.7258,-233.5,-221.74,-245.325,-337.758,4656.96,3578.12,3510.02,-28.6578,-23.7551,-72.8225,-75.1056,-33.7069,-83.5165,41.0163,-32.018,7.80494,4.56468,3.67992,-23.3286,-72.2097,37.011,-35.0,-361.513,7.3038,2.32794,1.3831,0.0,LLLYFLLALLLGVLLGTLILI,0.332705079794464,0.0950996727451971,G,99999900.0,-39.11560000000001,-1.3676999999999992,11.824999999999989
YGLLFALLGILLTLL,WT,LLLYGLLFALLGILLILLILI,clash,LLLYGLLFALLGILLTLLILI_0,1.1001100110011e+17,1.0,-62.1536,-62.2616,-58.7811,-229.807,-224.042,-247.16,-344.278,4647.51,3733.7,3686.52,-28.2666,-19.681,-80.5845,-77.6558,-38.3375,-68.732,65.7314,-36.4739,6.65498,5.68353,5.1695,-19.6463,-64.5043,61.457,-37.6682,-363.959,6.656,4.47234,3.89419,0.0,LLLYGLLFALLGILLTLLILI,0.300534368039989,0.0344152633936583,G,99999900.0,-42.24700000000001,-3.372499999999995,17.35300000000001
LVLLIGLLFGLLFAL,WT,LLLLVLLIILLFGLLFALILI,clash,LLLLVLLIGLLFGLLFALILI_0,1.1001100110011e+17,1.0,-44.9897,-44.9897,-44.9897,-227.902,-219.076,-239.544,-328.247,4619.78,3816.55,3647.49,-27.8482,-19.394,-83.2038,-83.575,-43.7135,-31.7523,88.8339,-41.9175,7.19067,3.25543,3.08794,-19.3734,-36.3206,72.3714,-40.8966,-347.641,7.2598,1.71823,1.3038,0.0,LLLLVLLIGLLFGLLFALILI,0.99495754936484,0.0647629432703646,G,99999900.0,-39.4903,0.0,11.642000000000024
YGLLFLLLGVLLATL,WT,LLLYGLLFLLLGVLLITLILI,clash,LLLYGLLFLLLGVLLATLILI_1,1.1001100110011e+17,1.0,-63.4679,-63.8461,-58.8381,-233.222,-232.531,-245.733,-339.747,4670.87,3750.53,3667.42,-27.6423,29.1074,-70.6992,-14.2623,-35.1759,-74.0218,49.047,-38.3841,7.42122,4.22462,3.46033,-25.0839,-73.2508,43.1479,-42.798,-364.538,7.4823,3.31258,2.4598,1.0,LLLYGLLFLLLGVLLATLILI,0.436939740064447,0.0285572789256492,G,99999900.0,-35.523300000000006,-4.629800000000003,12.510999999999996
VTLLLTLLGALLSAL,WT,LLLATLLLTLLGALLSALILI,void,LLLVTLLLTLLGALLSALILI_0,1.1001100110011e+17,1.0,-78.4193,-68.8739,-74.1219,-228.539,-218.781,-235.375,-375.531,4457.55,3752.41,3682.65,-27.561,-9.60554,-96.1341,-97.4823,-66.0343,-28.2173,99.097,-39.423,7.65347,4.11069,4.09715,-9.60576,-35.1672,74.1308,-38.712,-385.137,7.5,1.78274,1.3947,0.0,LLLVTLLLTLLGALLSALILI,0.300969993583195,0.0366778220770425,G,99999900.0,-30.099800000000002,-4.29740000000001,6.836000000000013
YVLLALLLGTLLGFL,WT,LLLYVLLALLLITLLGFLILI,clash,LLLYVLLALLLGTLLGFLILI_0,1.1001100110011e+17,1.0,-59.8141,-59.711,-58.7232,-232.845,-228.053,-245.129,-340.67,4630.28,3645.86,3602.07,-27.2545,-20.9266,-75.2653,-73.8332,-36.8178,-67.9928,46.4551,-38.4074,6.88534,2.97037,2.1672,-20.5644,-71.1719,34.5088,-41.0473,-361.597,6.9662,1.83447,0.852102,0.0,LLLYVLLALLLGTLLGFLILI,0.194091600839591,0.0219587648404322,G,99999900.0,-38.4475,-1.0909000000000049,12.283999999999992
VALLALLLGTLLSFL,WT,LLLVALLALLLITLLSFLILI,clash,LLLVALLALLLGTLLSFLILI_0,1.1001100110011e+17,1.0,-74.0371,-74.0769,-74.0748,-225.467,-222.325,-237.392,-363.757,4533.23,3638.66,3589.65,-27.0071,-22.8188,-91.2598,-90.1735,-52.2907,-65.1475,61.5042,-37.6164,6.60817,4.57519,3.99776,-22.7339,-68.1464,52.7276,-38.529,-386.576,6.6534,3.84019,3.1311,0.0,LLLVALLALLLGTLLSFLILI,0.308707033990314,0.0421196357767263,G,99999900.0,-38.9691,0.037700000000000955,11.924999999999983
YFLLTILLGVLLALL,WT,LLLYFLLTILLIVLLALLILI,clash,LLLYFLLTILLGVLLALLILI_0,1.1001100110011e+17,1.0,-59.9777,-62.6932,-58.7631,-238.783,-230.857,-249.709,-347.559,4712.78,3790.74,3717.76,-26.564,751.228,-75.3625,697.219,-39.0869,-60.4446,69.3359,-46.3258,7.40595,4.92704,4.46708,642.479,-53.1809,65.2257,-42.5009,403.669,7.3951,3.28261,2.761,0.0,LLLYFLLTILLGVLLALLILI,0.441204728190261,0.071887290077802,G,99999900.0,-36.2756,-1.2145999999999972,10.926000000000016
LVLLTGLLFGLLYAL,WT,LLLLVLLTGLLFILLYALILI,clash,LLLLVLLTGLLFGLLYALILI_0,1.1001100110011e+17,1.0,-58.7605,-58.7605,-58.7605,-231.328,-219.986,-240.497,-338.361,4611.05,3752.18,3584.7,-26.5088,-12.8994,-74.7812,-72.5138,-39.1039,-29.8613,95.0993,-41.8286,7.24525,3.8176,3.74409,-12.958,-36.3206,72.3714,-40.8966,-351.261,7.2598,1.71823,1.3038,0.0,LLLLVLLTGLLFGLLYALILI,0.336989806535836,0.0474038370919786,G,99999900.0,-35.677299999999995,0.0,9.169000000000011
FALLASLLGILLTLL,WT,LLLFALLASLLGILLILLILI,clash,LLLFALLASLLGILLTLLILI_2,1.1001100110011e+17,1.0,-77.1749,-77.9528,-74.1364,-220.679,-217.49,-237.372,-364.881,4562.89,3642.58,3678.2,-26.3468,-4.50382,-93.3745,-73.9422,-53.3732,-70.3327,61.8423,-41.024,6.77693,5.39862,4.82625,-9.4575,-63.0433,66.4747,-39.1069,-376.887,7.1192,4.93058,4.4277,2.0,LLLFALLASLLGILLTLLILI,0.210367769757527,0.0184788013513758,G,99999900.0,-40.0013,-3.038499999999999,16.693000000000012
YALLALLLGTLLSFL,WT,LLLYALLALLLITLLSFLILI,clash,LLLYALLALLLGTLLSFLILI_0,1.1001100110011e+17,1.0,-74.1668,-74.0211,-74.0925,-232.841,-225.822,-246.272,-356.494,4634.81,3896.42,3676.76,-25.9788,-18.9588,-75.4644,-75.6098,-36.1297,-63.2106,79.0996,-38.353,7.20802,6.66003,6.34652,-18.7226,-66.9322,64.0684,-37.8112,-375.453,7.282,5.18907,4.6501,0.0,LLLYALLALLLGTLLSFLILI,0.239186721390603,0.0395093616749004,G,99999900.0,-39.3347,-0.07429999999999382,13.430999999999983
ALLLTVLLGGLLFSL,WT,LLLALLLTVLLGGLLASLILI,void,LLLALLLTVLLGGLLFSLILI_0,1.1001100110011e+17,1.0,-74.0376,-73.3007,-74.0963,-226.291,-217.066,-235.968,-357.368,4539.15,3746.58,3540.1,-25.5002,-9.60408,-82.5393,-76.6054,-47.3035,-23.9843,92.5128,-44.895,7.18788,2.58686,2.47456,-9.41569,-30.525,71.559,-44.3251,-366.972,7.1169,0.739215,0.3126,0.0,LLLALLLTVLLGGLLFSLILI,0.285907322411218,0.0196124425876371,G,99999900.0,-35.2358,0.05870000000000175,9.676999999999992
AGLLFLLLGTLLSYL,WT,LLLAGLLFLLLGTLLIYLILI,clash,LLLAGLLFLLLGTLLSYLILI_0,1.1001100110011e+17,1.0,-78.4919,-75.1791,-74.1054,-225.202,-224.282,-241.571,-352.215,4582.51,3655.13,3608.75,-25.4222,-17.2779,-73.9431,-70.0317,-36.5381,-71.5582,55.9458,-36.2558,6.98874,4.78641,4.1256,-16.5443,-64.7067,61.3173,-36.5921,-369.492,7.395,4.48384,3.9036,0.0,LLLAGLLFLLLGTLLSYLILI,0.152049891326389,0.0382827046323151,G,99999900.0,-37.405,-4.386499999999998,16.369
LVLLTTLLGGLLFAL,WT,LLLLVLLTTLLGGLLFILILI,clash,LLLLVLLTTLLGGLLFALILI_1,1.1001100110011e+17,1.0,-76.8233,-75.9748,-72.5234,-221.318,-223.069,-236.744,-352.976,4545.39,3794.94,3648.94,-25.3189,-25.199,-80.154,-79.1315,-43.709,-43.0583,70.3275,-46.1708,6.88295,2.45296,2.00788,-17.0205,-38.0441,72.2659,-45.0,-372.722,7.1084,1.96251,1.5465,1.0,LLLLVLLTTLLGGLLFALILI,0.312996594477637,0.0380921567991332,G,99999900.0,-36.44499999999999,-4.299900000000008,15.425999999999988
YLLLGALLAFLLSTL,WT,LLLYLLLGALLIFLLSTLILI,clash,LLLYLLLGALLAFLLSTLILI_0,1.1001100110011e+17,1.0,-74.6746,-75.4661,-74.0462,-230.061,-221.931,-245.215,-355.02,4624.31,3790.15,3709.56,-25.0501,-13.8429,-75.3339,-71.4655,-35.7582,-77.654,66.9831,-42.4094,7.35468,7.19083,6.69557,-13.9425,-74.4436,60.1664,-43.4591,-368.862,7.3574,5.789,5.1915,0.0,LLLYLLLGALLAFLLSTLILI,0.193339280921305,0.0216575803903022,G,99999900.0,-39.5757,-0.6283999999999992,15.153999999999996
YVLLFLLLGALLGTL,WT,LLLYVLLFALLGALLGTLILI,void,LLLYVLLFLLLGALLGTLILI_2,1.1001100110011e+17,1.0,-63.7157,-70.5456,-58.7437,-225.461,-219.991,-244.948,-340.981,4619.64,3910.04,3724.47,-25.0459,-10.2027,-76.8503,-60.6474,-37.2894,-50.5164,54.6065,-48.0498,6.43778,1.44933,0.768431,-6.37181,-41.6132,59.4908,-39.8529,-351.184,6.5091,0.773238,0.1656,2.0,LLLYVLLFLLLGALLGTLILI,0.183425660406946,0.0441685336413894,G,99999900.0,-39.560900000000004,-4.972000000000001,19.486999999999995
YSLLFALLGALLTLL,WT,LLLYSLLFALLGALLILLILI,clash,LLLYSLLFALLGALLTLLILI_0,1.1001100110011e+17,1.0,-62.2456,-65.7597,-58.8315,-230.217,-219.368,-246.009,-344.564,4624.23,3953.6,3700.4,-24.6116,180.647,-76.7128,121.21,-39.7239,-62.892,77.3466,-48.422,7.15863,6.37559,6.03579,148.893,-60.6829,69.0631,-38.9844,-163.918,7.1168,4.92595,4.4619,0.0,LLLYSLLFALLGALLTLLILI,0.388084916945927,0.0327447404793642,G,99999900.0,-36.9889,-3.414100000000005,15.791999999999973
YFLLAVLLGLLLGSL,WT,LLLYFLLIVLLGLLLGSLILI,clash,LLLYFLLAVLLGLLLGSLILI_0,1.1001100110011e+17,1.0,-63.8555,-62.1583,-60.2613,-224.477,-218.734,-244.382,-341.778,4689.61,3547.51,3535.76,-23.9386,-13.1808,-77.3847,-74.0664,-37.1351,-72.6753,42.234,-37.8073,7.33155,3.10289,2.2364,-14.6225,-72.2097,37.011,-35.0,-354.959,7.3038,2.32794,1.3831,0.0,LLLYFLLAVLLGLLLGSLILI,0.272581696881808,0.134745545345738,G,99999900.0,-40.249599999999994,-3.5942000000000007,19.905
VALLLTLLGGLLFAL,WT,LLLVALLATLLGGLLFALILI,void,LLLVALLLTLLGGLLFALILI_2,1.1001100110011e+17,1.0,-63.6576,-63.5771,-58.7189,-220.46,-219.46,-234.113,-343.216,4562.54,3750.41,3696.6,-23.4919,-22.3562,-82.5901,-82.5348,-50.3837,-45.4632,67.1288,-49.5235,6.70372,2.38188,1.88881,-18.2495,-38.0441,72.2659,-45.0,-361.523,7.1084,1.96251,1.5465,2.0,LLLVALLLTLLGGLLFALILI,0.349278182636287,0.0132404076815172,G,99999900.0,-32.20640000000001,-4.938700000000004,13.652999999999992
TVLLLGLLFGLLFAL,WT,LLLTVLLLGLLFILLFALILI,clash,LLLTVLLLGLLFGLLFALILI_1,1.1001100110011e+17,1.0,-44.9318,-44.9318,-44.9318,-225.568,-223.207,-241.416,-331.738,4581.23,3780.08,3587.08,-22.2553,-18.0324,-83.4927,-81.6312,-45.3894,-33.4521,72.8288,-42.6631,7.17856,1.3497,0.94213,-18.2896,-30.525,71.559,-44.3251,-350.036,7.1169,0.739215,0.3126,1.0,LLLTVLLLGLLFGLLFALILI,0.546356986778503,0.0655744661588295,G,99999900.0,-38.1033,0.0,15.847999999999985
TALLALLLGVLLSIL,WT,LLLTALLALLLIVLLSILILI,clash,LLLTALLALLLGVLLSILILI_2,1.1001100110011e+17,1.0,-63.3361,-64.9308,-60.3301,-225.997,-223.436,-242.138,-375.892,4515.36,3622.9,3650.75,-21.7073,22.1133,-108.266,-65.412,-73.424,-75.2466,64.7399,-41.4414,7.17431,6.52688,5.99798,-15.1967,-72.8398,58.7702,-43.8998,-392.431,7.2749,5.35995,4.7415,2.0,LLLTALLALLLGVLLSILILI,0.610417546109909,0.0152894729555588,G,99999900.0,-34.842,-3.0060000000000002,16.14099999999999
TFLLAVLLGLLLGIL,WT,LLLTFLLAVLLILLLGILILI,clash,LLLTFLLAVLLGLLLGILILI_2,1.1001100110011e+17,1.0,-46.7373,-46.6906,-44.9676,-225.832,-227.683,-242.611,-346.056,4602.05,3460.56,3560.25,-21.4497,-4.62983,-94.9366,-76.3126,-58.4772,-74.4227,50.0801,-37.573,7.37199,4.42422,3.67542,-17.6165,-76.6711,46.9516,-39.8118,-361.62,7.5,4.33913,3.5434,2.0,LLLTFLLAVLLGLLLGILILI,0.709163879853886,0.0698510304812401,G,99999900.0,-36.459399999999995,-1.7697000000000003,16.778999999999996
YALLVGLLFLLLGTL,WT,LLLYALLVILLFLLLGTLILI,clash,LLLYALLVGLLFLLLGTLILI_2,1.1001100110011e+17,1.0,-58.7681,-58.7681,-58.7681,-231.467,-227.334,-245.008,-336.364,4679.26,4005.79,3767.0,-21.3081,-17.2032,-67.4369,-67.4648,-32.588,-50.9677,74.2111,-45.0529,7.33683,4.16366,3.77682,-17.1185,-44.9135,70.5331,-40.7685,-353.473,7.218,2.759,2.317,2.0,LLLYALLVGLLFLLLGTLILI,0.268359942525149,0.0376763553296793,G,99999900.0,-34.84889999999999,0.0,13.540999999999997
TFLLAILLGLLLGVL,WT,LLLTFLLAILLILLLGVLILI,clash,LLLTFLLAILLGLLLGVLILI_1,1.1001100110011e+17,1.0,-46.1653,-44.9832,-44.9832,-223.56,-220.863,-242.571,-344.612,4591.78,3552.06,3468.98,-21.0149,-15.1953,-95.9021,-93.9612,-57.0577,-72.9985,32.8864,-39.0204,7.31596,1.88944,0.882736,-15.5271,-74.241,27.0676,-35.812,-360.679,7.4865,1.29028,0.196294,1.0,LLLTFLLAILLGLLLGVLILI,0.702724736757846,0.0719763605766067,G,99999900.0,-38.84440000000001,-1.1821000000000055,19.010999999999996
YALLVLLLGTLLAFL,WT,LLLYALLVLLLITLLAFLILI,clash,LLLYALLVLLLGTLLAFLILI_1,1.1001100110011e+17,1.0,-58.7698,-58.7698,-58.7698,-236.703,-226.805,-246.837,-344.197,4677.94,3983.16,3696.09,-20.9597,1994.83,-69.6831,1936.21,-38.5896,-60.86,65.4717,-44.122,7.71633,4.46768,3.94976,1955.05,-52.9906,59.3407,-40.4383,1637.6,7.2557,2.45959,1.8497,1.0,LLLYALLVLLLGTLLAFLILI,0.213962589164624,0.0344196625138548,G,99999900.0,-31.0935,0.0,10.133999999999986
TFLLALLLGYLLGSL,WT,LLLTFLLALLLIYLLGSLILI,clash,LLLTFLLALLLGYLLGSLILI_0,1.1001100110011e+17,1.0,-63.9199,-61.5111,-60.2601,-225.599,-226.604,-244.905,-346.916,4558.97,3668.58,3571.28,-20.1244,-17.9348,-77.5217,-76.7358,-41.7503,-78.363,39.366,-45.0715,7.22746,3.56887,2.65936,-17.765,-75.8727,44.54,-43.5756,-364.851,7.3804,3.8938,3.0619,0.0,LLLTFLLALLLGYLLGSLILI,1.03752033602722,0.125925779627079,G,99999900.0,-35.77139999999999,-3.659799999999997,19.30600000000001
YLLLTTLLAGLLFSL,WT,LLLYLLLTTLLAILLFSLILI,clash,LLLYLLLTTLLAGLLFSLILI_1,1.1001100110011e+17,1.0,-87.9013,-84.6885,-87.9598,-235.255,-232.896,-248.44,-366.037,4649.53,3812.83,3690.42,-20.0883,-17.4404,-62.9682,-65.8923,-29.6366,-36.8018,76.0349,-45.7416,7.55218,2.28499,1.92551,-12.0636,-30.525,71.559,-44.3251,-375.59,7.1169,0.739215,0.3126,1.0,LLLYLLLTTLLAGLLFSLILI,0.189024386991861,0.100055328592239,G,99999900.0,-33.3316,0.05849999999999511,13.185000000000002
LVLLATLLGGLLSIL,WT,LLLAVLLATLLGGLLSILILI,void,LLLLVLLATLLGGLLSILILI_0,1.1001100110011e+17,1.0,-78.7134,-71.7422,-73.9676,-223.591,-217.299,-234.608,-372.048,4460.3,3850.23,3735.22,-19.9317,-6.02469,-89.6756,-89.0322,-63.473,-31.6522,88.3456,-46.9431,7.07206,3.17448,2.99967,-5.62342,-38.0441,72.2659,-45.0,-378.073,7.1084,1.96251,1.5465,0.0,LLLLVLLATLLGGLLSILILI,0.274006141787157,0.0654550578524253,G,99999900.0,-26.202600000000004,-4.7457999999999885,11.016999999999996
AGLLYLLLGTLLSFL,WT,LLLAGLLALLLGTLLSFLILI,void,LLLAGLLYLLLGTLLSFLILI_0,1.1001100110011e+17,1.0,-74.9734,-71.4388,-74.1125,-229.157,-225.305,-250.22,-359.153,4568.01,3852.86,3615.85,-19.6213,-10.844,-74.6436,-73.253,-34.8203,-62.8116,71.85,-49.3039,7.16048,5.62149,5.19924,-12.851,-65.1522,61.6911,-42.5151,-369.997,7.5,4.60113,4.0265,0.0,LLLAGLLYLLLGTLLSFLILI,0.309040813403947,0.101400433537498,G,99999900.0,-39.8233,-0.8609000000000009,21.062999999999988
YLLLGTLLGILLAFL,WT,LLLYLLLGTLLGILLIFLILI,clash,LLLYLLLGTLLGILLAFLILI_2,1.1001100110011e+17,1.0,-58.7658,-58.7658,-58.7658,-236.781,-234.728,-246.112,-341.177,4624.75,3948.89,3715.83,-19.353,1726.44,-64.9834,1678.76,-36.2992,-60.5419,67.9079,-44.2301,7.82123,4.74885,4.26747,1394.91,-52.9906,59.3407,-40.4383,1378.58,7.2557,2.45959,1.8497,2.0,LLLYLLLGTLLGILLAFLILI,0.470243978587295,0.0881506788952897,G,99999900.0,-28.684200000000004,0.0,9.330999999999989
YLLLAVLLGTLLSFL,WT,LLLYLLLAVLLGTLLIFLILI,clash,LLLYLLLAVLLGTLLSFLILI_1,1.1001100110011e+17,1.0,-74.0075,-58.7596,-74.0075,-237.398,-232.453,-247.837,-359.722,4629.28,4031.28,3805.77,-19.1454,811.16,-67.4619,742.651,-37.8783,-44.5685,76.8981,-47.432,8.51336,3.56652,3.21999,674.24,-49.156,60.31,-42.3523,435.204,7.5,2.01525,1.4199,1.0,LLLYLLLAVLLGTLLSFLILI,0.203302878738498,0.0446142480390299,G,99999900.0,-29.583599999999997,0.0,10.438999999999993
YFLLATLLGVLLGLL,WT,LLLYFLLATLLIVLLGLLILI,clash,LLLYFLLATLLGVLLGLLILI_0,1.1001100110011e+17,1.0,-60.3161,-63.2456,-58.7598,-231.943,-224.451,-245.515,-338.688,4686.21,3808.71,3721.28,-19.1367,-13.2411,-65.5651,-64.2323,-34.4132,-79.0159,52.9073,-45.5555,7.65251,5.49487,4.78848,-12.7256,-75.4208,48.7219,-40.9997,-351.929,7.4067,4.39057,3.6214,0.0,LLLYFLLATLLGVLLGLLILI,0.370252707268876,0.0207241354902579,G,99999900.0,-31.151899999999998,-1.5563000000000002,13.571999999999974
TGLLFGLLAILLSLL,WT,LLLTGLLAGLLAILLSLLILI,void,LLLTGLLFGLLAILLSLLILI_1,1.1001100110011e+17,1.0,-60.4741,-61.7857,-60.3201,-227.258,-225.218,-242.1,-356.754,4569.77,3690.55,3694.94,-19.0554,-9.31552,-88.0777,-79.0661,-54.3339,-73.137,70.9944,-40.6621,7.536,7.0548,6.61971,-15.2273,-69.3499,66.3154,-44.3229,-372.843,7.423,5.85507,5.3498,1.0,LLLTGLLFGLLAILLSLLILI,0.176149687150202,0.0092560616169173,G,99999900.0,-33.74379999999999,-0.15400000000000347,14.841999999999985
LALLFALLGILLSTL,WT,LLLLALLFALLIILLSTLILI,clash,LLLLALLFALLGILLSTLILI_2,1.1001100110011e+17,1.0,-74.2567,-81.2034,-74.1402,-226.934,-221.29,-237.47,-364.52,4493.39,3774.92,3687.85,-18.6792,4.47894,-82.0089,-57.5481,-52.9094,-60.3935,69.4893,-40.9753,7.3407,4.94007,4.48241,-12.3501,-58.8131,62.5969,-39.1181,-377.45,7.175,3.77255,3.2115,2.0,LLLLALLFALLGILLSTLILI,0.270802358783344,0.0944223658130876,G,99999900.0,-29.0995,-0.11650000000000205,10.536000000000001
AALLALLLGVLLGTL,WT,LLLAALLAALLGVLLGTLILI,void,LLLAALLALLLGVLLGTLILI_2,1.1001100110011e+17,1.0,-60.097,-64.8164,-58.784,-217.852,-203.693,-230.145,-352.637,4429.73,3670.9,3549.21,-17.8014,-16.366,-92.4895,-100.494,-63.7085,-86.968,58.5683,-37.2364,7.61473,7.45192,6.83045,-15.8739,-78.0946,55.6007,-36.5199,-368.501,7.2728,5.72029,5.0543,2.0,LLLAALLALLLGVLLGTLILI,0.426057966391634,0.0308558284700628,G,99999900.0,-28.781000000000006,-1.3130000000000024,12.293000000000006
LVLLTTLLGALLFGL,WT,LLLLVLLATLLGALLFGLILI,void,LLLLVLLTTLLGALLFGLILI_0,1.1001100110011e+17,1.0,-75.0546,-76.25,-72.5569,-219.244,-213.367,-236.75,-352.856,4559.46,3879.29,3763.69,-17.7281,-10.3708,-76.2858,-73.6096,-43.5488,-37.0836,81.5284,-48.2501,7.16869,3.06887,2.7918,-9.83516,-42.798,67.046,-44.058,-363.227,7.0511,1.97091,1.4766,0.0,LLLLVLLTTLLGALLFGLILI,0.172063719159858,0.0380853304887563,G,99999900.0,-32.736999999999995,-2.4976999999999947,17.506
TALLFLLLGVLLASL,WT,LLLTALLFLLLIVLLASLILI,clash,LLLTALLFLLLGVLLASLILI_2,1.1001100110011e+17,1.0,-60.3462,-60.3462,-60.3462,-227.776,-226.56,-240.448,-355.85,4565.71,3649.38,3532.84,-16.1501,813.015,-83.8775,744.071,-55.0555,-66.3945,66.0403,-44.8469,8.15907,5.37461,4.86522,790.193,-60.5958,60.1642,-40.2827,442.07,7.5,3.71154,3.114,2.0,LLLTALLFLLLGVLLASLILI,0.893650784291643,0.0940545131484864,G,99999900.0,-28.821999999999996,0.0,12.671999999999997
YALLALLLGTLLGFL,WT,LLLYALLAALLGTLLGFLILI,void,LLLYALLALLLGTLLGFLILI_1,1.1001100110011e+17,1.0,-62.8003,-55.2484,-58.7826,-219.159,-212.952,-243.072,-336.979,4626.06,3710.83,3543.2,-16.1247,238431.0,-71.1451,238362.0,-35.1246,-72.0399,44.1342,-35.6915,7.13983,3.26411,2.42612,69214.6,-61.4491,56.4783,-36.3969,238120.0,6.7439,3.34193,2.6891,1.0,LLLYALLALLLGTLLGFLILI,0.206548847472384,0.0310254658490695,G,99999900.0,-36.0205,-4.017699999999998,23.91300000000001
YVLLTLLLGALLAFL,WT,LLLYVLLTLLLIALLAFLILI,clash,LLLYVLLTLLLGALLAFLILI_2,1.1001100110011e+17,1.0,-58.7433,-64.1818,-58.7433,-237.632,-226.244,-246.257,-344.789,4645.49,4083.33,3693.25,-15.7578,330.764,-64.1709,276.401,-39.7888,-43.1674,79.4352,-47.6186,8.53663,3.69887,3.3904,188.368,-43.2635,63.1811,-42.5139,-14.0246,7.006,1.51898,0.966697,2.0,LLLYVLLTLLLGALLAFLILI,0.254925897226049,0.0401969431081801,G,99999900.0,-24.3821,0.0,8.625
YALLFLLLGTLLSIL,WT,LLLYALLFILLGTLLSILILI,clash,LLLYALLFLLLGTLLSILILI_0,1.1001100110011e+17,1.0,-70.7208,-71.3173,-74.0819,-233.803,-227.043,-250.083,-362.562,4665.6,3812.65,3687.89,-15.4472,274.992,-73.4856,210.791,-38.3965,-66.7986,62.0788,-42.1708,7.516,4.90043,4.33161,271.496,-60.5958,60.1642,-40.2827,-87.5696,7.5,3.71154,3.114,0.0,LLLYALLFLLLGTLLSILILI,0.188491147423354,0.0462006055749655,G,99999900.0,-35.0891,3.3611000000000075,16.28
VGLLLILLGALLATL,WT,LLLVGLLLILLIALLATLILI,clash,LLLVGLLLILLGALLATLILI_1,1.1001100110011e+17,1.0,-63.525,-62.1411,-58.7586,-219.812,-222.965,-233.286,-359.091,4487.44,3772.72,3751.97,-15.0755,-14.1932,-90.8296,-88.1784,-67.0469,-49.2642,56.4515,-50.0632,7.19607,1.51058,0.857355,-5.3878,-40.5762,61.5678,-43.055,-364.547,7.4828,0.898083,0.3216,1.0,LLLVGLLLILLGALLATLILI,1.04435203041285,0.108810348004044,G,99999900.0,-23.782700000000006,-4.766399999999997,13.47399999999999
TALLIGLLFGLLVLL,WT,LLLTALLIGLLFILLVLLILI,clash,LLLTALLIGLLFGLLVLLILI_2,1.1001100110011e+17,1.0,-44.9826,-44.9826,-44.9826,-224.591,-225.253,-241.892,-345.433,4621.0,3755.83,3704.82,-14.9522,-13.6361,-90.8116,-88.8334,-58.5577,-47.6494,70.7991,-37.6499,7.52485,3.20529,2.76728,-12.7759,-44.147,67.923,-36.7071,-358.652,7.5,2.29165,1.81049,2.0,LLLTALLIGLLFGLLVLLILI,0.420999437086072,0.080313547745564,G,99999900.0,-32.2539,0.0,17.300999999999988
VLLLTGLLFALLAYL,WT,LLLVLLLTGLLFILLAYLILI,clash,LLLVLLLTGLLFALLAYLILI_1,1.1001100110011e+17,1.0,-59.8335,-60.0949,-58.7499,-224.595,-219.958,-241.212,-344.208,4596.23,3769.93,3637.89,-14.1823,78070.4,-73.9619,78006.2,-44.2459,-38.5244,72.7446,-48.5642,7.53054,2.09918,1.69035,1348.85,-38.7525,65.3789,-42.5319,1259.74,7.4041,1.13902,0.619703,1.0,LLLVLLLTGLLFALLAYLILI,0.26266077366633,0.0693525302057894,G,99999900.0,-29.716,-1.0836000000000041,16.61699999999999
TALLFLLLGVLLGIL,WT,LLLTALLFLLLGVLLIILILI,clash,LLLTALLFLLLGVLLGILILI_1,1.1001100110011e+17,1.0,-48.7774,-49.3802,-44.96,-223.056,-222.659,-241.311,-344.385,4555.75,3687.9,3619.57,-13.9665,-13.6127,-86.5183,-85.9587,-58.1133,-65.6057,59.0884,-35.4836,7.21837,4.31778,3.70411,-13.6858,-65.2659,57.7881,-36.226,-358.061,7.2064,4.09128,3.4581,1.0,LLLTALLFLLLGVLLGILILI,0.786560574063156,0.0781648279746628,G,99999900.0,-28.404999999999994,-3.8173999999999992,18.254999999999995
YVLLTLLLGGLLFAL,WT,LLLYVLLTLLLGGLLFILILI,clash,LLLYVLLTLLLGGLLFALILI_1,1.1001100110011e+17,1.0,-58.7757,-58.7757,-58.7757,-225.014,-220.036,-245.108,-339.069,4692.11,3901.05,3723.73,-13.7289,-0.412589,-69.008,-60.6699,-35.1854,-39.7429,71.7453,-35.3339,7.42748,2.14706,1.72323,-9.50044,-36.0293,69.0807,-35.6829,-348.726,7.2857,1.23029,0.766501,1.0,LLLYVLLTLLLGGLLFALILI,0.339347191721786,0.0549721024725505,G,99999900.0,-33.822599999999994,0.0,20.093999999999994
VLLLATLLGSLLGTL,WT,LLLVLLLATLLGSLLITLILI,clash,LLLVLLLATLLGSLLGTLILI_0,1.1001100110011e+17,1.0,-89.392,-87.858,-87.858,-218.615,-212.947,-233.349,-377.92,4426.61,3699.23,3598.42,-13.7028,-5.7956,-83.6164,-82.9113,-56.7138,-33.8066,81.4045,-42.1729,7.11028,2.56059,2.28166,-5.63475,-36.3206,72.3714,-40.8966,-383.716,7.2598,1.71823,1.3038,0.0,LLLVLLLATLLGSLLGTLILI,0.335966566153103,0.0368293309204412,G,99999900.0,-26.9026,-1.5339999999999918,14.73399999999998
TALLAGLLFLLLSVL,WT,LLLTALLIGLLFLLLSVLILI,clash,LLLTALLAGLLFLLLSVLILI_1,1.1001100110011e+17,1.0,-60.2509,-60.7795,-60.3184,-224.389,-223.403,-244.41,-361.483,4589.87,3669.78,3598.38,-13.0571,-10.8076,-89.9002,-88.1086,-56.755,-71.4599,71.1443,-43.3483,7.22564,6.82346,6.39062,-12.0823,-68.8165,69.6202,-43.3499,-373.591,7.0847,6.2212,5.7655,1.0,LLLTALLAGLLFLLLSVLILI,0.340857085285182,0.0151994770724244,G,99999900.0,-33.145199999999996,0.06749999999999545,20.020999999999987
YVLLTLLLGTLLAFL,WT,LLLYVLLTLLLITLLAFLILI,clash,LLLYVLLTLLLGTLLAFLILI_1,1.1001100110011e+17,1.0,-72.6251,-72.6251,-72.6251,-231.776,-225.572,-249.396,-356.281,4657.91,4025.5,3717.91,-11.7317,861.395,-63.6117,803.31,-34.2599,-39.9628,76.07,-43.1789,8.24861,2.76387,2.40492,562.922,-48.9252,56.7148,-39.7132,492.379,7.3783,1.49528,0.846002,1.0,LLLYVLLTLLLGTLLAFLILI,0.201943375956141,0.0220967047972561,G,99999900.0,-29.351799999999997,0.0,17.619999999999976
YVLLTLLLGALLSFL,WT,LLLYVLLTALLGALLSFLILI,void,LLLYVLLTLLLGALLSFLILI_0,1.1001100110011e+17,1.0,-74.4941,-71.4867,-74.2441,-232.949,-227.142,-248.297,-359.943,4647.22,3999.92,3750.52,-11.0444,344.467,-63.5441,283.153,-37.4018,-49.3287,64.1061,-53.8132,7.33578,2.55364,2.01523,341.228,-47.9501,60.2066,-41.6343,-15.4756,7.3755,1.8204,1.2235,0.0,LLLYVLLTLLLGALLSFLILI,0.21984397701446,0.0496108993318355,G,99999900.0,-26.1423,-0.25,15.347999999999985
TVLLALLLGFLLGSL,WT,LLLTVLLALLLGFLLISLILI,clash,LLLTVLLALLLGFLLGSLILI_2,1.1001100110011e+17,1.0,-60.3442,-60.3442,-60.3442,-229.305,-220.036,-238.886,-354.868,4500.03,4001.16,3568.39,-9.60802,273882.0,-74.8271,273807.0,-55.6382,-57.7114,66.0761,-46.594,9.86837,4.07698,3.56812,148316.0,-52.4326,53.6154,-37.48,273400.0,7.3254,1.60297,0.907201,2.0,LLLTVLLALLLGFLLGSLILI,0.850475545074676,0.0861926417300435,G,99999900.0,-19.188900000000004,0.0,9.580999999999989
YILLTLLLGALLAFL,WT,LLLYILLILLLGALLAFLILI,clash,LLLYILLTLLLGALLAFLILI_0,1.1001100110011e+17,1.0,-58.8678,-65.4677,-58.7429,-229.554,-224.628,-246.982,-347.928,4647.15,4105.7,3709.3,-6.71418,155.659,-66.22,97.8274,-42.2026,-40.0737,73.5224,-48.2495,8.54327,2.43658,2.03942,121.182,-48.1219,61.2568,-42.1281,-192.268,7.3101,1.98795,1.4068,0.0,LLLYILLTLLLGALLAFLILI,0.314973652678578,0.149985781376297,G,99999900.0,-24.017400000000002,-0.12490000000000379,17.427999999999997
SSLLFLLLGVLLGTL,WT,LLLSSLLFLLLIVLLGTLILI,clash,LLLSSLLFLLLGVLLGTLILI_0,1.1001100110011e+17,1.0,-58.7727,-84.6167,-58.7727,-227.935,-213.692,-253.885,-362.49,4545.49,3653.68,3371.42,-6.06397,24723.3,-81.8471,24659.1,-49.8323,-60.3278,78.0899,-42.7346,7.66249,6.09131,5.76266,22557.6,-63.2674,60.5559,-36.2287,24360.8,7.0661,4.16516,3.5735,0.0,LLLSSLLFLLLGVLLGTLILI,0.323396379341273,0.0550942017286072,G,99999900.0,-32.0148,0.0,25.94999999999999
YSLLTLLLGFLLAIL,WT,LLLYSLLTLLLGALLAILILI,void,LLLYSLLTLLLGFLLAILILI_1,1.1001100110011e+17,1.0,-58.7666,-67.0674,-58.8807,-231.594,-230.093,-250.224,-351.387,4664.65,4085.67,3632.59,16.8166,18259.9,-44.2097,18205.6,-42.2824,-46.1169,65.5779,-55.6272,8.99205,2.27055,1.75421,12928.1,-51.8272,69.3895,-41.3353,17862.2,7.4139,3.64166,3.1825,1.0,LLLYSLLTLLLGFLLAILILI,0.406653715557329,0.119995214773644,G,99999900.0,-1.9272999999999954,0.11410000000000053,18.629999999999995
ASLLFLLLGYLLGTL,WT,LLLASLLFLLLGALLGTLILI,void,LLLASLLFLLLGYLLGTLILI_0,1.1001100110011e+17,1.0,-58.7329,-73.903,-58.7329,-230.147,-223.322,-241.487,-340.643,4564.77,3831.06,3580.9,24616.8,1194430.0,24565.0,1194390.0,-40.423,-52.9948,67.7992,-39.4619,8.72843,3.60212,3.11911,1159640.0,-47.0876,58.6724,-35.0,1194090.0,7.44,1.48391,0.863996,0.0,LLLASLLFLLLGYLLGTLILI,0.780428868072678,0.0510809625687767,G,99999900.0,24605.423,0.0,11.340000000000003
TFLLAVLLGILLGLL,WT,LLLTFLLAVLLIILLGLLILI,clash,LLLTFLLAVLLGILLGLLILI_0,1.1001100110011e+17,1.0,-44.9923,-56.2012,-44.9923,-221.561,-224.114,-242.307,-346.271,4581.65,3816.69,3458.82,30641.4,384014.0,30561.7,383948.0,-58.971,-51.9729,43.7014,-41.0738,8.16393,0.195626,-0.648852,346276.0,-58.9856,45.4304,-41.2673,383668.0,6.5,1.48094,0.662396,0.0,LLLTFLLAVLLGILLGLLILI,0.573383526182937,0.0636350856098358,G,99999900.0,30620.671000000002,0.0,20.74599999999998
ASLLTLLLGVLLGFL,WT,LLLASLLTALLGVLLGFLILI,void,LLLASLLTLLLGVLLGFLILI_1,1.1001100110011e+17,1.0,-58.7011,-68.0389,-58.7011,-220.576,-218.73,-241.027,-348.23,4551.24,3794.69,3518.17,32964.7,346120.0,32895.7,346059.0,-48.5022,-46.8499,44.903,-38.7488,8.24806,-0.410621,-1.23708,286952.0,-49.8102,59.0204,-35.0,300252.0,7.4753,1.93929,1.3246,1.0,LLLASLLTLLLGVLLGFLILI,0.281323641260448,0.0476690353665733,G,99999900.0,32944.2022,0.0,20.450999999999993
TILLALLLGFLLGSL,WT,LLLTILLALLLIFLLGSLILI,clash,LLLTILLALLLGFLLGSLILI_0,1.1001100110011e+17,1.0,-60.2535,-69.9134,-60.2535,-212.865,-220.188,-238.81,-357.464,4514.85,3810.16,3524.17,36697.5,281325.0,36613.1,281258.0,-58.4,-49.6679,45.2246,-41.5324,8.08749,0.0555059,-0.766126,215507.0,-54.4566,55.8714,-40.6917,280968.0,7.0594,2.21113,1.5492,0.0,LLLTILLALLLGFLLGSLILI,0.822352863762856,0.0410153656812771,G,99999900.0,36671.5,0.0,25.944999999999993
TALLFLLLGLLLGSL,WT,LLLTALLFLLLILLLGSLILI,clash,LLLTALLFLLLGLLLGSLILI_0,1.1001100110011e+17,1.0,-60.3637,-72.8179,-60.3637,-226.37,-220.27,-240.564,-358.105,4596.29,3770.83,3397.8,38023.3,1251140.0,37951.9,1251080.0,-57.1777,-57.6422,59.7447,-43.9033,8.45234,3.21187,2.60804,902958.0,-54.4566,55.8714,-40.6917,1250790.0,7.0594,2.21113,1.5492,0.0,LLLTALLFLLLGLLLGSLILI,1.07349138398839,0.0381492929600042,G,99999900.0,38009.0777,0.0,14.193999999999988
AGLLFLLLGTLLGSL,WT,LLLAGLLFLLLGTLLISLILI,clash,LLLAGLLFLLLGTLLGSLILI_2,1.1001100110011e+17,1.0,-75.4319,-84.8856,-74.1241,-211.125,-214.237,-233.501,-351.077,4491.68,3659.71,3473.32,46594.5,139510.0,46530.0,139458.0,-43.4512,-52.3917,42.6725,-38.5818,7.70603,0.119544,-0.740368,128029.0,-59.4498,45.2469,-38.8459,139159.0,6.6517,1.5258,0.704503,2.0,LLLAGLLFLLLGTLLGSLILI,0.255548481791616,0.0169183008612263,G,99999900.0,46573.4512,-1.3078000000000003,22.376000000000005
YALLFLLLGTLLGSL,WT,LLLYALLFLLLITLLGSLILI,clash,LLLYALLFLLLGTLLGSLILI_1,1.1001100110011e+17,1.0,-75.0326,-69.7359,-74.1625,-216.586,-210.483,-244.923,-351.402,4638.82,3841.52,3531.27,47250.8,309187.0,47191.0,309116.0,-32.3167,-51.6363,48.0463,-41.394,8.05571,0.731697,-0.0476078,232021.0,-54.4566,55.8714,-40.6917,749508.0,7.0594,2.21113,1.5492,1.0,LLLYALLFLLLGTLLGSLILI,0.252512591178388,0.0284838455860911,G,99999900.0,47223.3167,-0.8701000000000079,28.33699999999999
