Geometry,Interface,Seed,HBONDDimerOptimize,HBONDDimerPreOptimize,HBONDMonomer,IMM1DimerOptimize,IMM1DimerPreOptimize,IMM1Monomer,Monomer,MonomerSasa,OptimizeSasa,PreBBOptimizeSasa,Total,TotalPreOptimize,VDWDimerOptimize,VDWDimerPreOptimize,VDWMonomer,endAxialRotation,endAxialRotationPrime,endCrossingAngle,endXShift,endZShift,endZShiftPrime,firstRepackEnergy,preOptimizeAxialRotation,preOptimizeAxialRotationPrime,preOptimizeCrossingAngle,preOptimizeEnergy,preOptimizeXShift,preOptimizeZShift,preOptimizeZShiftPrime,replicateNumber,Directory,Sequence,PercentGpA,PercentStd,Sample,LB-12H_M9-36H,VDWDiff,HBONDDiff,IMM1Diff
LLLYLLLAILLGTLLTFLILI_0,110011001100110000,1,-77.4362,-77.4367,-72.4884,-241.684,-239.558,-250.437,-359.803,4647.63,3882.18,3728.38,-40.1204,-38.6628,-80.8032,-81.471,-36.8773,-61.4517,55.6548,-39.8433,6.49937,3.23115,2.56597,-37.826,-62.8637,50.8317,-39.7383,-398.466,6.5162,2.79183,2.05431,0,LLLYLLLAILLGTLLTFLILI,YLLLAILLGTLLTFL,0.2244417885505992,0.0213865157539194,D,-31.21740193,-43.925900000000006,-4.947800000000001,8.753000000000014
LLLAGLLFILLGTLLTLLILI_0,110011001100110000,1,-77.356,-77.205,-72.5565,-224.788,-224.078,-239.892,-358.942,4536.58,3753.11,3704.37,-33.8971,-32.9679,-90.6942,-90.6268,-46.4933,-63.8424,51.4926,-41.0297,7.32085,3.02786,2.30025,-32.9563,-62.877,50.983,-41.0408,-391.91,7.3408,2.81426,2.07901,0,LLLAGLLFILLGTLLTLLILI,AGLLFILLGTLLTLL,0.3846324270859218,0.0346043255460132,D,27.1035486,-44.2009,-4.799499999999995,15.103999999999985
LLLLTLLVGLLFALLSILILI_0,110011001100110000,1,-63.3279,-69.5605,-60.4426,-235.98,-221.984,-241.187,-358.8,4581.77,3747.04,3636.55,-33.7625,-25.0834,-93.2543,-92.3386,-57.171,-33.4988,105.512,-40.6062,7.37765,5.76893,5.85161,-23.0806,-38.5963,75.2623,-37.139,-383.884,7.5,2.44986,2.0788,0,LLLLTLLVGLLFALLSILILI,LTLLVGLLFALLSIL,0.3969399217755897,0.017095451524724,G,-31.81147246,-36.0833,-2.885300000000001,5.207000000000022
LLLAGLLFVLLGILLTLLILI_0,110011001100110000,1,-63.7024,-63.9412,-58.8663,-227.049,-223.403,-239.315,-351.903,4531.93,3671.6,3703.04,-33.6233,-29.8151,-94.7748,-94.3742,-53.7223,-66.8515,62.3817,-42.3343,7.52827,4.94925,4.38498,-29.1865,-65.1561,56.5106,-42.7605,-381.718,7.4768,3.90234,3.25,0,LLLAGLLFVLLGILLTLLILI,AGLLFVLLGILLTLL,0.5080291446354177,0.0310675134971959,D,16.51323935,-41.0525,-4.836099999999995,12.265999999999991
LLLVGLLFALLGILLTLLILI_0,110011001100110000,1,-62.3344,-62.508,-58.7972,-224.441,-221.029,-238.33,-349.15,4580.0,3613.4,3598.94,-33.2327,-28.5988,-95.6079,-94.2125,-52.0231,-62.4774,71.5438,-40.4608,6.87437,5.53003,5.10318,-28.5115,-65.6894,61.9546,-41.2702,-377.749,6.9355,4.71728,4.1466,0,LLLVGLLFALLGILLTLLILI,VGLLFALLGILLTLL,0.3716486603281737,0.0436867671983831,G,3.063377422,-43.5848,-3.5372000000000057,13.88900000000001
LLLYGLLFALLGTLLTLLILI_0,110011001100110000,1,-77.3249,-76.9579,-72.5003,-231.663,-225.71,-246.314,-348.215,4635.94,3926.15,3766.28,-32.9977,-27.0011,-72.2243,-72.5483,-29.4004,-61.414,66.0954,-43.0991,7.24446,4.63497,4.1264,-26.8296,-63.047,55.8436,-42.2554,-375.216,7.2934,3.49594,2.83359,0,LLLYGLLFALLGTLLTLLILI,YGLLFALLGTLLTLL,0.4507511699224106,0.0305697242109315,D,46.26259308,-42.823899999999995,-4.824600000000004,14.650999999999982
LLLYALLATLLGLLLGVLILI_1,110011001100110000,1,-57.1695,-60.5845,-58.7388,-228.401,-224.428,-240.593,-347.61,4574.21,3592.73,3590.8,-30.8382,88.5522,-92.8776,25.9551,-48.2779,-73.1803,43.453,-39.7404,6.81338,3.3432,2.495,-15.5926,-71.1719,34.5088,-41.0473,-364.302,6.9662,1.83447,0.852102,1,LLLYALLATLLGLLLGVLILI,YALLATLLGLLLGVL,0.2593546935694115,0.0199274631588259,G,99999900.0,-44.5997,1.5692999999999984,12.191999999999979
LLLAGLLFLLLGALLATLILI_1,110011001100110000,1,-58.8369,-63.8355,-58.8369,-226.916,-216.083,-232.621,-340.735,4515.42,3694.75,3635.69,-30.1894,-7.09477,-85.1713,-67.911,-49.2776,-79.6364,70.3073,-37.0316,7.56771,7.93695,7.49156,-12.2655,-73.6779,53.5881,-38.6441,-353.047,7.4088,4.78608,4.0899,1,LLLAGLLFLLLGALLATLILI,AGLLFLLLGALLATL,0.3525873661912156,0.0255180954033248,G,52.80381149,-35.8937,0.0,5.7050000000000125
LLLVGLLFALLGILLILLILI_2,110011001100110000,1,-45.0693,-45.5377,-45.0693,-234.989,-230.324,-239.188,-345.224,4612.05,3673.36,3562.43,-29.9463,84.0825,-95.1121,14.7202,-60.9661,-73.1418,62.7753,-41.9835,6.97016,5.94594,5.38757,66.9163,-68.1464,52.7276,-38.529,-278.407,6.6534,3.84019,3.1311,2,LLLVGLLFALLGILLILLILI,VGLLFALLGILLILL,0.316085484336384,0.0248037163109256,G,-40.13577114,-34.146,0.0,4.198999999999984
LLLAYLLGVLLGLLLTFLILI_2,110011001100110000,1,-60.2108,-60.906,-58.8052,-225.62,-225.327,-243.173,-343.228,4573.98,3548.37,3633.1,-28.7551,314.796,-86.1521,257.8,-41.2496,-111.002,38.6447,-33.6835,7.15546,8.36731,7.44698,-11.0513,-110.774,26.9453,-35.6005,-357.264,7.4545,6.75371,5.65789,2,LLLAYLLGVLLGLLLTFLILI,AYLLGVLLGLLLTFL,0.9584883580976032,0.0178790235532831,G,222.7300332,-44.9025,-1.4055999999999997,17.552999999999997
LLLYLLLAVLLGFLLATLILI_0,110011001100110000,1,-62.0983,-62.9041,-58.7343,-233.476,-229.05,-245.864,-341.779,4702.18,3894.94,3711.31,-28.7138,-24.4314,-74.9187,-74.2572,-37.1808,-58.9963,56.8073,-40.3288,7.11673,3.01842,2.37053,-24.648,-63.0129,43.6304,-40.5932,-366.211,7.074,1.84204,0.996496,0,LLLYLLLAVLLGFLLATLILI,YLLLAVLLGFLLATL,1.1482982052592865,0.1153006107618864,D,26215300000000.0,-37.7379,-3.3640000000000043,12.388000000000005
LLLYFLLAVLLGLLLATLILI_0,110011001100110000,1,-63.1492,-64.0858,-58.7667,-235.935,-229.316,-246.753,-342.591,4703.58,3883.55,3673.72,-28.4371,-25.0829,-71.944,-74.2716,-37.0705,-72.2292,45.6769,-41.3149,7.55254,3.50076,2.68592,-24.8565,-72.8036,36.557,-39.8637,-367.674,7.5,2.35574,1.4041,0,LLLYFLLAVLLGLLLATLILI,YFLLAVLLGLLLATL,0.4748913449417368,0.0246863464590979,D,-61.61287067,-34.8735,-4.3825,10.817999999999984
LLLAYLLGVLLGLLLTALILI_1,110011001100110000,1,-60.1962,-58.9187,-58.8052,-220.46,-211.367,-238.52,-348.831,4528.63,3445.76,3588.63,-28.4218,0.829934,-96.5968,-77.7163,-51.5062,-111.061,38.4207,-33.6956,7.15997,8.34589,7.4222,-13.5841,-110.774,26.9453,-35.6005,-362.688,7.4545,6.75371,5.65789,1,LLLAYLLGVLLGLLLTALILI,AYLLGVLLGLLLTAL,0.9289657786139844,0.0237082934310332,G,286.109763,-45.0906,-1.3909999999999982,18.060000000000002
LLLYFLLAILLGVLLGLLILI_1,110011001100110000,1,-46.2266,-46.0474,-44.9933,-232.377,-231.962,-245.028,-332.824,4653.45,3574.51,3650.33,-28.3623,-24.397,-82.5825,-79.2113,-42.802,-72.8808,36.1962,-35.2723,6.89401,2.31861,1.36156,-23.1665,-71.1719,34.5088,-41.0473,-356.438,6.9662,1.83447,0.852102,1,LLLYFLLAILLGVLLGLLILI,YFLLAILLGVLLGLL,0.5515526802153554,0.0389985451090457,D,-34.41515397,-39.780499999999996,-1.2332999999999998,12.650999999999982
LLLYGLLFALLGILLTLLILI_0,110011001100110000,1,-62.1536,-62.2616,-58.7811,-229.807,-224.042,-247.16,-344.278,4647.51,3733.7,3686.52,-28.2666,-19.681,-80.5845,-77.6558,-38.3375,-68.732,65.7314,-36.4739,6.65498,5.68353,5.1695,-19.6463,-64.5043,61.457,-37.6682,-363.959,6.656,4.47234,3.89419,0,LLLYGLLFALLGILLTLLILI,YGLLFALLGILLTLL,0.3091972682539235,0.022153636117162,G,-25.72924894,-42.24700000000001,-3.372499999999995,17.35300000000001
LLLLVLLIGLLFGLLFALILI_0,110011001100110000,1,-44.9897,-44.9897,-44.9897,-227.902,-219.076,-239.544,-328.247,4619.78,3816.55,3647.49,-27.8482,-19.394,-83.2038,-83.575,-43.7135,-31.7523,88.8339,-41.9175,7.19067,3.25543,3.08794,-19.3734,-36.3206,72.3714,-40.8966,-347.641,7.2598,1.71823,1.3038,0,LLLLVLLIGLLFGLLFALILI,LVLLIGLLFGLLFAL,1.093726129751995,0.0650227344141446,G,-71.55828577,-39.4903,0.0,11.642000000000024
LLLTGLLFLLLGVLLALLILI_2,110011001100110000,1,-46.833,-51.6868,-45.0314,-230.358,-224.901,-244.969,-349.119,4727.05,3692.91,3629.29,-27.8255,1.25884,-99.7543,-71.2723,-59.1193,-69.5746,64.1774,-39.2963,7.46426,5.60014,5.0628,-21.5208,-63.2594,57.5053,-40.4165,-370.731,7.4344,3.75212,3.1147,2,LLLTGLLFLLLGVLLALLILI,TGLLFLLLGVLLALL,0.552445715598823,0.0342657129966524,D,7998840000000.0,-40.635,-1.8016000000000005,14.61099999999999
LLLVTLLLTLLGALLSALILI_0,110011001100110000,1,-78.4193,-68.8739,-74.1219,-228.539,-218.781,-235.375,-375.531,4457.55,3752.41,3682.65,-27.561,-9.60554,-96.1341,-97.4823,-66.0343,-28.2173,99.097,-39.423,7.65347,4.11069,4.09715,-9.60576,-35.1672,74.1308,-38.712,-385.137,7.5,1.78274,1.3947,0,LLLVTLLLTLLGALLSALILI,VTLLLTLLGALLSAL,0.4426691829447831,0.0379302033731744,G,-99.99925923,-30.099800000000002,-4.29740000000001,6.836000000000013
LLLYVLLALLLGTLLGFLILI_0,110011001100110000,1,-59.8141,-59.711,-58.7232,-232.845,-228.053,-245.129,-340.67,4630.28,3645.86,3602.07,-27.2545,-20.9266,-75.2653,-73.8332,-36.8178,-67.9928,46.4551,-38.4074,6.88534,2.97037,2.1672,-20.5644,-71.1719,34.5088,-41.0473,-361.597,6.9662,1.83447,0.852102,0,LLLYVLLALLLGTLLGFLILI,YVLLALLLGTLLGFL,0.0979810618445646,0.0114862086125953,G,-5.773270271,-38.4475,-1.0909000000000049,12.283999999999992
LLLYLLLGFLLGVLLTILILI_0,110011001100110000,1,-55.2779,-55.7683,-58.809,-244.333,-231.496,-248.662,-347.458,4629.84,3728.11,3708.59,-27.0366,-17.8748,-74.884,-78.0687,-39.9869,-111.371,19.3273,-41.5084,7.45387,5.81484,4.60475,-17.2313,-114.11,1.96074,-45.0,-365.333,7.3237,3.8812,2.41061,0,LLLYLLLGFLLGVLLTILILI,YLLLGFLLGVLLTIL,1.2986107695981584,0.0606360143400415,D,18249500000000.0,-34.8971,3.531099999999995,4.329000000000008
LLLVALLALLLGTLLSFLILI_0,110011001100110000,1,-74.0371,-74.0769,-74.0748,-225.467,-222.325,-237.392,-363.757,4533.23,3638.66,3589.65,-27.0071,-22.8188,-91.2598,-90.1735,-52.2907,-65.1475,61.5042,-37.6164,6.60817,4.57519,3.99776,-22.7339,-68.1464,52.7276,-38.529,-386.576,6.6534,3.84019,3.1311,0,LLLVALLALLLGTLLSFLILI,VALLALLLGTLLSFL,0.3779230120751412,0.0392320329012421,G,-59.54441026,-38.9691,0.037700000000000955,11.924999999999983
LLLTALLFYLLGLLLGVLILI_1,110011001100110000,1,-49.2799,-49.344,-45.0161,-231.281,-229.904,-243.956,-333.198,4613.44,3556.37,3485.16,-26.7087,-24.9936,-79.3459,-78.9442,-44.2264,-70.0185,52.9885,-35.2307,7.29126,4.15621,3.45104,-22.5614,-66.7471,49.0629,-35.0,-356.164,7.0844,3.13556,2.3715,1,LLLTALLFYLLGLLLGVLILI,TALLFYLLGLLLGVL,1.1533047522106874,0.0962344868978406,D,4043190000000.0,-35.1195,-4.263799999999996,12.674999999999983
LLLLVLLTGLLFGLLYALILI_0,110011001100110000,1,-58.7605,-58.7605,-58.7605,-231.328,-219.986,-240.497,-338.361,4611.05,3752.18,3584.7,-26.5088,-12.8994,-74.7812,-72.5138,-39.1039,-29.8613,95.0993,-41.8286,7.24525,3.8176,3.74409,-12.958,-36.3206,72.3714,-40.8966,-351.261,7.2598,1.71823,1.3038,0,LLLLVLLTGLLFGLLYALILI,LVLLTGLLFGLLYAL,0.2810482408263275,0.0371953533471469,G,-14.84133847,-35.677299999999995,0.0,9.169000000000011
LLLAFLLAVLLGLLLGTLILI_1,110011001100110000,1,-62.5968,-61.1499,-58.7556,-221.057,-219.873,-234.927,-341.493,4552.11,3484.67,3494.86,-26.4019,-24.0193,-84.2407,-84.4895,-47.8102,-72.8983,36.2782,-41.7344,6.86449,2.3323,1.37647,-20.116,-71.1719,34.5088,-41.0473,-363.227,6.9662,1.83447,0.852102,1,LLLAFLLAVLLGLLLGTLILI,AFLLAVLLGLLLGTL,0.7513319177579112,0.0592372709311808,G,20896100000000.0,-36.4305,-3.8412000000000006,13.870000000000005
LLLFGLLAALLGILLTLLILI_0,110011001100110000,1,-62.6647,-61.9608,-58.7204,-218.395,-213.334,-234.4,-346.049,4559.46,3614.02,3629.43,-26.1906,-19.0297,-91.1803,-89.7841,-52.9288,-65.7553,75.0047,-42.5142,6.96761,6.48894,6.11401,-18.4116,-66.3393,65.908,-41.8645,-365.079,7.0016,5.34848,4.8371,0,LLLFGLLAALLGILLTLLILI,FGLLAALLGILLTLL,0.2020309590691531,0.0151816927254871,G,-36.13872536,-38.2515,-3.9443000000000055,16.004999999999995
LLLYALLALLLGTLLSFLILI_0,110011001100110000,1,-74.1668,-74.0211,-74.0925,-232.841,-225.822,-246.272,-356.494,4634.81,3896.42,3676.76,-25.9788,-18.9588,-75.4644,-75.6098,-36.1297,-63.2106,79.0996,-38.353,7.20802,6.66003,6.34652,-18.7226,-66.9322,64.0684,-37.8112,-375.453,7.282,5.18907,4.6501,0,LLLYALLALLLGTLLSFLILI,YALLALLLGTLLSFL,0.2123109652284077,0.0212014957165395,G,-77.62236554,-39.3347,-0.07429999999999382,13.430999999999983
LLLYGLLFLLLGVLLITLILI_2,110011001100110000,1,-58.8381,-58.8381,-58.8381,-243.001,-243.307,-249.761,-346.751,4711.72,3812.9,3609.51,-25.939,88.231,-70.8505,43.6246,-38.1521,-75.7346,53.1876,-46.634,8.01628,5.04052,4.33833,79.5796,-73.2508,43.1479,-42.798,-233.405,7.4823,3.31258,2.4598,2,LLLYGLLFLLLGVLLITLILI,YGLLFLLLGVLLITL,0.1821645133930967,0.0131964233670582,D,-22.35631127,-32.6984,0.0,6.759999999999991
LLLVGLLFALLGALLSLLILI_1,110011001100110000,1,-61.4337,-61.371,-60.4999,-227.157,-222.751,-233.121,-265.919,4515.63,3661.61,3633.76,-25.742,124.967,-3.0704,143.17,27.7013,-73.3331,59.3008,-41.445,6.87444,5.50557,4.89509,-17.658,-68.1464,52.7276,-38.529,-284.41,6.6534,3.84019,3.1311,1,LLLVGLLFALLGALLSLLILI,VGLLFALLGALLSLL,0.5712175833203678,0.0811018961069711,G,-24.44564021,-30.7717,-0.9338000000000051,5.963999999999999
LLLYALLALLLGTLLSALILI_2,110011001100110000,1,-76.2305,-75.1217,-74.0925,-229.888,-219.565,-241.257,-362.623,4583.53,3767.1,3702.64,-25.721,-11.5222,-82.2258,-79.4589,-47.2738,-72.045,70.5681,-37.6361,7.38039,6.83345,6.39197,-16.4725,-66.9322,64.0684,-37.8112,-378.993,7.282,5.18907,4.6501,2,LLLYALLALLLGTLLSALILI,YALLALLLGTLLSAL,0.21265329295888,0.0199356551413338,G,-10.81692313,-34.952000000000005,-2.1380000000000052,11.369
LLLVGLLAALLGILLTLLILI_2,110011001100110000,1,-60.4151,-62.0935,-58.7972,-221.48,-217.999,-233.384,-359.37,4470.62,3682.49,3657.24,-25.5204,-20.1163,-102.995,-99.393,-67.1889,-69.8694,63.6045,-41.6711,6.89532,5.56702,5.02109,-20.5682,-65.6894,61.9546,-41.2702,-380.459,6.9355,4.71728,4.1466,2,LLLVGLLAALLGILLTLLILI,VGLLAALLGILLTLL,0.3502741757911627,0.0322253036764411,G,20896100000000.0,-35.8061,-1.617900000000006,11.903999999999996
LLLALLLTVLLGSLLGWLILI_0,110011001100110000,1,-76.2431,-83.6623,-73.9861,-222.227,-221.955,-239.461,-372.148,4440.17,3768.99,3666.79,-25.4782,-23.8218,-99.1563,-90.3532,-58.7009,-53.9762,54.1658,-51.0917,6.92763,1.90881,1.22129,-22.782,-51.8131,59.6903,-44.8127,-395.97,7.0255,2.33015,1.7255,0,LLLALLLTVLLGSLLGWLILI,ALLLTVLLGSLLGWL,0.1624709918939625,0.0075929188904273,D,466.2855618,-40.455400000000004,-2.257000000000005,17.23400000000001
LLLAGLLFLLLGTLLSYLILI_0,110011001100110000,1,-78.4919,-75.1791,-74.1054,-225.202,-224.282,-241.571,-352.215,4582.51,3655.13,3608.75,-25.4222,-17.2779,-73.9431,-70.0317,-36.5381,-71.5582,55.9458,-36.2558,6.98874,4.78641,4.1256,-16.5443,-64.7067,61.3173,-36.5921,-369.492,7.395,4.48384,3.9036,0,LLLAGLLFLLLGTLLSYLILI,AGLLFLLLGTLLSYL,0.1323591230327583,0.0086553685646064,G,85.53895604,-37.405,-4.386499999999998,16.369
LLLAALLGLLLGTLLTVLILI_1,110011001100110000,1,-76.9008,-76.8361,-72.4773,-221.453,-217.289,-232.583,-362.722,4435.4,3685.25,3661.66,-25.4113,-17.01,-89.7799,-85.6075,-57.6622,-70.8045,60.4233,-37.1835,6.80891,5.27781,4.68416,-16.3743,-63.2674,60.5559,-36.2287,-379.485,7.0661,4.16516,3.5735,1,LLLAALLGLLLGTLLTVLILI,AALLGLLLGTLLTVL,0.9439260981576916,0.0494309018600732,G,11047100000000.0,-32.1177,-4.423500000000004,11.129999999999995
LLLAYLLALLLGFLLGTLILI_2,110011001100110000,1,-62.0206,-61.618,-58.766,-225.731,-215.606,-241.182,-338.875,4579.99,3595.34,3528.33,-25.3097,-15.2937,-76.4329,-76.945,-38.9269,-87.4824,45.5298,-33.762,7.75188,5.76889,4.95183,-19.195,-79.3058,42.8749,-36.1623,-358.333,7.5,4.18398,3.3271,2,LLLAYLLALLLGFLLGTLILI,AYLLALLLGFLLGTL,0.9512353124132692,0.061799073427144,D,-58.24202822,-37.506,-3.2546000000000035,15.450999999999993
LLLAVLLALLLGTLLGFLILI_2,110011001100110000,1,-62.3994,-60.4603,-58.7232,-222.037,-223.693,-234.433,-343.658,4478.69,3638.64,3497.59,-25.2061,-18.6232,-84.4272,-78.1277,-50.5012,-72.8993,37.138,-42.0213,6.75325,2.44853,1.5056,-20.1114,-71.1719,34.5088,-41.0473,-363.657,6.9662,1.83447,0.852102,2,LLLAVLLALLLGTLLGFLILI,AVLLALLLGTLLGFL,0.2407947729847795,0.018241254858639,G,-8.927396052,-33.926,-3.6762000000000015,12.395999999999987
LLLVALLALLLGTLLIFLILI_0,110011001100110000,1,-58.8078,-62.1146,-58.8078,-235.285,-224.328,-239.384,-355.997,4579.43,3772.51,3544.41,-25.1957,41.7817,-87.1001,-27.7729,-57.8051,-59.1118,75.5301,-43.2464,7.34456,5.56334,5.19629,26.8329,-68.1464,52.7276,-38.529,-314.215,6.6534,3.84019,3.1311,0,LLLVALLALLLGTLLIFLILI,VALLALLLGTLLIFL,0.1216819486847375,0.0059739596694724,G,-99.99961118,-29.294999999999995,0.0,4.0989999999999895
LLLYVLLFLLLGALLGTLILI_2,110011001100110000,1,-63.7157,-70.5456,-58.7437,-225.461,-219.991,-244.948,-340.981,4619.64,3910.04,3724.47,-25.0459,-10.2027,-76.8503,-60.6474,-37.2894,-50.5164,54.6065,-48.0498,6.43778,1.44933,0.768431,-6.37181,-41.6132,59.4908,-39.8529,-351.184,6.5091,0.773238,0.1656,2,LLLYVLLFLLLGALLGTLILI,YVLLFLLLGALLGTL,0.041651551362572,0.0042520186543541,G,-99.9991595,-39.560900000000004,-4.972000000000001,19.486999999999995
LLLAALLGVLLGLLLTFLILI_2,110011001100110000,1,-60.1395,-59.8502,-58.8052,-219.78,-220.117,-235.271,-344.738,4471.09,3600.42,3650.96,-24.9513,-16.743,-89.7697,-81.5137,-50.6614,-111.709,38.8342,-33.8754,7.15142,8.49898,7.58149,-9.38671,-110.774,26.9453,-35.6005,-353.512,7.4545,6.75371,5.65789,2,LLLAALLGVLLGLLLTFLILI,AALLGVLLGLLLTFL,0.8186887226288008,0.0093714033078908,G,-46.48547219,-39.1083,-1.334299999999999,15.490999999999985
LLLYVLLALLLGTLLGALILI_0,110011001100110000,1,-58.7232,-59.711,-58.7232,-232.417,-223.03,-240.099,-348.082,4573.91,3680.19,3634.85,-24.7661,-19.1873,-81.7082,-84.5287,-49.2597,-67.9131,51.8122,-41.4434,7.03817,3.68161,2.9588,-19.3456,-71.1719,34.5088,-41.0473,-367.27,6.9662,1.83447,0.852102,0,LLLYVLLALLLGTLLGALILI,YVLLALLLGTLLGAL,0.2024682152583271,0.0241268190454306,G,9.096078255,-32.4485,0.0,7.681999999999988
LLLYGLLFVLLGLLLATLILI_0,110011001100110000,1,-63.0461,-63.5513,-58.7786,-229.982,-227.566,-245.742,-340.215,4657.29,3795.87,3733.45,-24.2431,-22.3641,-71.4297,-71.4617,-35.6941,-71.066,48.0131,-42.1302,6.88846,3.64167,2.86187,-21.4659,-69.9791,45.3649,-42.8506,-362.579,6.8462,3.12113,2.3016,0,LLLYGLLFVLLGLLLATLILI,YGLLFVLLGLLLATL,0.153865095159994,0.0049758747765355,D,-39.33988448,-35.7356,-4.267500000000005,15.759999999999991
LLLTVLLAILLGLLLAFLILI_2,110011001100110000,1,-49.9083,-50.5128,-44.9402,-229.68,-227.75,-242.113,-352.12,4511.7,3814.08,3648.22,-24.154,-20.3125,-96.6856,-94.1697,-65.0664,-72.1107,53.6659,-43.1615,7.47304,4.56151,3.8665,-19.3387,-66.8898,49.5856,-44.1976,-371.571,7.2568,3.22752,2.4713,2,LLLTVLLAILLGLLLAFLILI,TVLLAILLGLLLAFL,0.4095934149323162,0.0305671345738205,D,-40.9366582,-31.619199999999992,-4.9681,12.432999999999993
LLLAGLLFLLLGTLLSALILI_2,110011001100110000,1,-73.2931,-75.1637,-74.1054,-221.297,-216.155,-234.647,-353.71,4519.9,3613.25,3634.42,-24.0765,-8.86953,-83.1962,-71.2615,-44.9577,-72.4875,62.6687,-33.2892,7.1467,5.8334,5.27343,-14.0316,-64.7067,61.3173,-36.5921,-368.494,7.395,4.48384,3.9036,2,LLLAGLLFLLLGTLLSALILI,AGLLFLLLGTLLSAL,0.2084036166449121,0.0230169632873526,G,32.43357624,-38.2385,0.8123000000000076,13.349999999999994
LLLTVLLALLLGLLLGFLILI_2,110011001100110000,1,-48.5925,-46.6751,-44.9939,-223.288,-223.639,-240.787,-350.05,4571.84,3616.77,3485.44,-23.937,-21.0339,-102.106,-100.769,-64.2694,-73.1775,34.2725,-40.9476,7.0311,2.10341,1.1175,-22.9386,-72.6874,32.4259,-40.8381,-372.846,7.0033,1.78061,0.766999,2,LLLTVLLALLLGLLLGFLILI,TVLLALLLGLLLGFL,0.4599305942746554,0.0286358462246864,D,-3.106530723,-37.83659999999999,-3.5986000000000047,17.498999999999995
LLLTGLLFGLLFALLVLLILI_2,110011001100110000,1,-45.6733,-45.8314,-45.0108,-225.229,-224.82,-245.45,-329.364,4681.11,3602.07,3558.21,-23.7566,-23.6631,-82.2181,-82.3756,-38.9026,-71.6453,70.4469,-41.2862,7.07992,6.75713,6.31383,-23.0374,-68.8165,69.6202,-43.3499,-352.456,7.0847,6.2212,5.7655,2,LLLTGLLFGLLFALLVLLILI,TGLLFGLLFALLVLL,0.3358812906320383,0.0233546297789915,G,-36.96193141,-43.31550000000001,-0.6624999999999943,20.220999999999975
LLLAALLALLLGFLLGTLILI_0,110011001100110000,1,-60.4431,-60.3637,-58.7293,-220.368,-209.602,-232.556,-341.581,4478.52,3656.49,3506.6,-23.6044,-12.4365,-84.3744,-84.0516,-50.2949,-87.067,63.1302,-36.2106,7.41122,8.08263,7.52958,-11.8071,-82.2885,51.7195,-35.0,-354.017,7.5,5.82541,5.1012,0,LLLAALLALLLGFLLGTLILI,AALLALLLGFLLGTL,0.7148293574335224,0.0458987307718442,D,-38.80866643,-34.079499999999996,-1.713799999999999,12.188000000000017
LLLVALLLTLLGGLLFALILI_2,110011001100110000,1,-63.6576,-63.5771,-58.7189,-220.46,-219.46,-234.113,-343.216,4562.54,3750.41,3696.6,-23.4919,-22.3562,-82.5901,-82.5348,-50.3837,-45.4632,67.1288,-49.5235,6.70372,2.38188,1.88881,-18.2495,-38.0441,72.2659,-45.0,-361.523,7.1084,1.96251,1.5465,2,LLLVALLLTLLGGLLFALILI,VALLLTLLGGLLFAL,0.3785281044653963,0.0431337944253833,G,-18.8176594,-32.20640000000001,-4.938700000000004,13.652999999999992
LLLATLLGLLLGVLLSILILI_2,110011001100110000,1,-64.0699,-69.8113,-60.336,-218.493,-217.083,-240.255,-371.84,4470.32,3576.56,3626.34,-23.302,-22.3281,-112.578,-107.274,-71.249,-77.8957,59.4625,-34.9753,6.82597,6.21179,5.60373,-10.3235,-70.1194,64.9466,-35.0599,-382.024,7.5,5.7857,5.2599,2,LLLATLLGLLLGVLLSILILI,ATLLGLLLGVLLSIL,1.3792896420516465,0.0725298994664277,G,18090500000000.0,-41.32900000000001,-3.7339000000000055,21.762
LLLYALLALLLGVLLSTLILI_0,110011001100110000,1,-75.1042,-71.8787,-74.1828,-229.257,-222.64,-243.901,-366.892,4599.13,3714.02,3710.98,-22.9676,-17.0523,-85.4984,-89.4256,-48.8082,-75.4874,62.4106,-39.3178,7.25935,6.24854,5.6847,-17.0428,-72.2819,58.8241,-37.2216,-383.944,7.0527,5.28354,4.6659,0,LLLYALLALLLGVLLSTLILI,YALLALLLGVLLSTL,0.3020782018553339,0.0153840810067263,D,-36.93404701,-36.690200000000004,-0.9214000000000055,14.644000000000005
LLLTALLFLLLGLLLGVLILI_1,110011001100110000,1,-46.7445,-46.2338,-44.9714,-227.34,-226.077,-241.094,-346.855,4607.6,3562.6,3484.14,-22.7206,-10.4788,-95.4908,-85.0225,-60.7894,-71.0951,54.6877,-34.7457,7.48436,4.5471,3.86742,-18.1197,-68.3594,45.4039,-35.0373,-364.976,7.4732,2.88344,2.0645,1,LLLTALLFLLLGLLLGVLILI,TALLFLLLGLLLGVL,1.0788588845286,0.0916791660429515,D,-42.98320814,-34.70139999999999,-1.7730999999999995,13.75399999999999
LLLVALLATLLGGLLFALILI_2,110011001100110000,1,-63.4492,-62.8988,-58.7189,-217.12,-215.908,-229.496,-331.237,4507.1,3752.68,3693.66,-22.6942,-21.6472,-73.3619,-74.0777,-43.0227,-45.4464,67.8617,-48.3453,6.74882,2.4783,1.99622,-17.9332,-38.0441,72.2659,-45.0,-349.242,7.1084,1.96251,1.5465,2,LLLVALLATLLGGLLFALILI,VALLATLLGGLLFAL,0.0872345743819794,0.0113971879857348,G,99999900.0,-30.339200000000005,-4.7303,12.376000000000005
LLLGYLLALLLGTLLSALILI_2,110011001100110000,1,-77.3291,-77.4235,-74.0304,-221.68,-221.474,-241.754,-364.441,4518.58,3584.88,3625.32,-22.5949,-22.5052,-88.0274,-88.049,-48.6564,-69.1906,54.4391,-39.8526,6.93455,4.22787,3.54445,-22.5427,-68.9875,54.3485,-39.7512,-386.77,6.8746,4.18517,3.5004,2,LLLGYLLALLLGTLLSALILI,GYLLALLLGTLLSAL,0.8007777271679843,0.039724822383956,G,-75.83813733,-39.371,-3.2986999999999966,20.073999999999984
LLLTFLLAVLLGLLLGALILI_1,110011001100110000,1,-48.6984,-44.9676,-44.9676,-221.874,-222.526,-238.849,-171.381,4581.3,3486.18,3538.42,-22.5442,-5.05092,76.6469,91.0619,112.436,-73.4862,50.9457,-39.1827,7.30086,4.40061,3.6648,-15.6556,-76.6711,46.9516,-39.8118,-186.448,7.5,4.33913,3.5434,1,LLLTFLLAVLLGLLLGALILI,TFLLAVLLGLLLGAL,0.6463619906865111,0.0659163328240753,G,-21.84883777,-35.789100000000005,-3.730800000000002,16.974999999999994
LLLAYLLFVLLGTLLGLLILI_0,110011001100110000,1,-59.724,-63.6557,-58.7852,-223.548,-223.304,-242.017,-340.76,4589.59,3759.96,3738.26,-22.4918,-16.3006,-79.9801,-70.1012,-39.9577,-56.3539,44.2994,-50.1705,5.88133,0.933506,0.097998,-16.1886,-55.5877,47.5577,-44.4915,-357.061,6.5249,1.25844,0.471805,0,LLLAYLLFVLLGTLLGLLILI,AYLLFVLLGTLLGLL,0.3530549027342103,0.0253897311165241,D,7896570000000.0,-40.02239999999999,-0.9387999999999934,18.468999999999994
LLLAGLLAALLGILLTLLILI_0,110011001100110000,1,-63.4548,-61.9608,-58.7204,-217.341,-212.224,-234.849,-358.788,4414.56,3707.59,3626.6,-22.4355,-16.1951,-100.428,-100.798,-65.2186,-63.9106,75.5349,-46.5868,6.91151,6.2838,5.91682,-16.5382,-66.3393,65.908,-41.8645,-374.983,7.0016,5.34848,4.8371,0,LLLAGLLAALLGILLTLLILI,AGLLAALLGILLTLL,0.3806046142998047,0.033077024912381,G,-31.64679814,-35.2094,-4.734400000000001,17.50799999999998
LLLAGLLFLLLGVLLATLILI_1,110011001100110000,1,-62.7149,-64.0377,-58.8369,-220.641,-216.448,-235.285,-343.999,4530.48,3622.39,3611.94,-22.4179,-17.1919,-83.0613,-80.7054,-49.8769,-73.9836,61.9057,-38.9782,7.32361,5.9548,5.38339,-16.333,-73.6779,53.5881,-38.6441,-359.894,7.4088,4.78608,4.0899,1,LLLAGLLFLLLGVLLATLILI,AGLLFLLLGVLLATL,0.2711431352557367,0.0231005570274655,G,9.440208886,-33.184400000000004,-3.878,14.644000000000005
LLLTVLLLGLLFGLLFALILI_1,110011001100110000,1,-44.9318,-44.9318,-44.9318,-225.568,-223.207,-241.416,-331.738,4581.23,3780.08,3587.08,-22.2553,-18.0324,-83.4927,-81.6312,-45.3894,-33.4521,72.8288,-42.6631,7.17856,1.3497,0.94213,-18.2896,-30.525,71.559,-44.3251,-350.036,7.1169,0.739215,0.3126,1,LLLTVLLLGLLFGLLFALILI,TVLLLGLLFGLLFAL,0.5514716040964129,0.0532377252226365,G,-51.15891173,-38.1033,0.0,15.847999999999985
LLLYILLALLLGVLLSTLILI_0,110011001100110000,1,-77.9338,-72.0697,-74.1753,-231.106,-223.643,-246.575,-373.928,4603.3,3749.32,3723.66,-21.9427,-11.893,-86.8304,-90.1075,-53.1768,-75.5154,56.1696,-46.5225,7.48619,5.4102,4.75275,-11.7007,-71.421,52.627,-43.8508,-385.821,7.5,4.3178,3.60721,0,LLLYILLALLLGVLLSTLILI,YILLALLLGVLLSTL,0.3677381215256579,0.0241170093726554,D,99999900.0,-33.6536,-3.758500000000012,15.468999999999994
LLLTGLLFALLGVLLILLILI_2,110011001100110000,1,-45.046,-49.5142,-45.046,-231.217,-226.477,-242.183,-346.083,4540.34,3693.64,3589.69,-21.7695,31.9866,-91.5904,-38.1061,-58.8545,-72.8725,70.5253,-45.2252,7.62977,6.9518,6.50968,20.4429,-68.4402,63.5344,-45.0,-314.097,7.2771,5.34318,4.7962,2,LLLTGLLFALLGVLLILLILI,TGLLFALLGVLLILL,0.1770122309788652,0.0186791504524309,G,-13.80779582,-32.7359,0.0,10.96599999999998
LLLYALLTALLGALLGFLILI_0,110011001100110000,1,-59.1351,-63.8464,-58.802,-220.58,-216.697,-238.827,-325.196,4544.61,4076.53,3841.59,-21.7097,-9.36926,-67.1904,-54.0212,-27.5663,-54.0044,63.5949,-51.6952,6.49568,3.18597,2.63989,-8.30844,-49.4233,66.044,-43.1773,-334.565,6.8387,2.82944,2.3201,0,LLLYALLTALLGALLGFLILI,YALLTALLGALLGFL,0.2447923032748642,0.0108150601453538,G,-26.63333927,-39.6241,-0.33310000000000173,18.246999999999986
LLLTALLALLLGVLLSILILI_2,110011001100110000,1,-63.3361,-64.9308,-60.3301,-225.997,-223.436,-242.138,-375.892,4515.36,3622.9,3650.75,-21.7073,22.1133,-108.266,-65.412,-73.424,-75.2466,64.7399,-41.4414,7.17431,6.52688,5.99798,-15.1967,-72.8398,58.7702,-43.8998,-392.431,7.2749,5.35995,4.7415,2,LLLTALLALLLGVLLSILILI,TALLALLLGVLLSIL,0.5828645750854956,0.0388683747850127,G,-72.37872643,-34.842,-3.0060000000000002,16.14099999999999
LLLAFLLGTLLGLLLIVLILI_2,110011001100110000,1,-57.1528,-51.6272,-58.6772,-231.66,-227.739,-239.009,-350.242,4571.89,3666.45,3332.82,-21.4622,4860990.0,-82.8923,4860910.0,-52.556,-84.6474,49.8891,-60.7818,7.2217,5.93213,5.18047,4782390.0,-79.84,40.4327,-45.0,4860610.0,6.5,3.93441,3.0409,2,LLLAFLLGTLLGLLLIVLILI,AFLLGTLLGLLLIVL,2.4667725915144336,0.0749144957199013,D,99999900.0,-30.33630000000001,1.5244,7.3489999999999895
LLLTFLLAVLLGLLLGILILI_2,110011001100110000,1,-46.7373,-46.6906,-44.9676,-225.832,-227.683,-242.611,-346.056,4602.05,3460.56,3560.25,-21.4497,-4.62983,-94.9366,-76.3126,-58.4772,-74.4227,50.0801,-37.573,7.37199,4.42422,3.67542,-17.6165,-76.6711,46.9516,-39.8118,-361.62,7.5,4.33913,3.5434,2,LLLTFLLAVLLGLLLGILILI,TFLLAVLLGLLLGIL,0.8021708172770542,0.0072126768538428,G,18479400000000.0,-36.459399999999995,-1.7697000000000003,16.778999999999996
LLLAVLLGILLGLLLTFLILI_1,110011001100110000,1,-58.098,-57.5951,-58.7585,-222.545,-220.705,-238.607,-353.494,4480.47,3577.98,3581.47,-21.4065,-17.2437,-94.2582,-92.4382,-56.129,-108.117,25.437,-37.3852,7.33316,6.15157,5.03313,-14.0187,-106.47,21.0167,-38.4019,-367.854,7.4459,5.30775,4.123,1,LLLAVLLGILLGLLLTFLILI,AVLLGILLGLLLTFL,1.0534539840292267,0.067885795362569,D,-67.96768556,-38.129200000000004,0.660499999999999,16.062000000000012
LLLYALLVGLLFLLLGTLILI_2,110011001100110000,1,-58.7681,-58.7681,-58.7681,-231.467,-227.334,-245.008,-336.364,4679.26,4005.79,3767.0,-21.3081,-17.2032,-67.4369,-67.4648,-32.588,-50.9677,74.2111,-45.0529,7.33683,4.16366,3.77682,-17.1185,-44.9135,70.5331,-40.7685,-353.473,7.218,2.759,2.317,2,LLLYALLVGLLFLLLGTLILI,YALLVGLLFLLLGTL,0.23539854536125,0.0275475603429292,G,-14.89007776,-34.84889999999999,0.0,13.540999999999997
LLLTFLLAALLGLLLGVLILI_2,110011001100110000,1,-49.4591,-49.4405,-44.9832,-221.659,-220.518,-238.749,-338.048,4602.95,3507.27,3510.96,-21.2776,7.41343,-88.2076,-60.676,-54.3162,-73.5233,37.9203,-36.9497,7.16616,2.64774,1.71655,-9.82334,-74.241,27.0676,-35.812,-347.722,7.4865,1.29028,0.196294,2,LLLTFLLAALLGLLLGVLILI,TFLLAALLGLLLGVL,0.4246162082439473,0.0240694939080986,G,-19.86849901,-33.8914,-4.475900000000003,17.090000000000003
LLLTGLLFILLGVLLSLLILI_1,110011001100110000,1,-65.1476,-63.8333,-60.3857,-226.384,-231.235,-245.392,-360.001,4661.02,3787.04,3604.13,-21.1662,50.6145,-89.6362,-14.3186,-54.2233,-69.7628,53.7581,-54.6297,7.45279,4.22177,3.52814,49.7468,-68.4402,63.5344,-45.0,-270.777,7.2771,5.34318,4.7962,1,LLLTGLLFILLGVLLSLLILI,TGLLFILLGVLLSLL,0.3175459631832601,0.0126919287341183,G,99999900.0,-35.4129,-4.761899999999997,19.00800000000001
LLLAGLLFALLGVLLATLILI_1,110011001100110000,1,-63.0458,-63.7866,-58.8369,-215.12,-211.776,-231.235,-333.37,4453.1,3603.9,3666.42,-20.9072,-9.14241,-76.1115,-66.9496,-43.2979,-72.2934,65.4295,-35.0277,7.24872,6.177,5.65844,-8.6682,-73.6779,53.5881,-38.6441,-343.643,7.4088,4.78608,4.0899,1,LLLAGLLFALLGVLLATLILI,AGLLFALLGVLLATL,0.4186277380370625,0.0579269709168536,G,15.8282119,-32.81360000000001,-4.2089,16.11500000000001
LLLYALLAVLLGLLLGTLILI_0,110011001100110000,1,-58.7556,-60.3616,-58.7556,-229.106,-222.903,-240.658,-347.766,4583.77,3685.41,3632.49,-20.7147,-16.1609,-80.6191,-80.6619,-48.3525,-69.4777,45.6586,-41.9608,7.0661,3.08556,2.27044,-15.8791,-71.1719,34.5088,-41.0473,-363.927,6.9662,1.83447,0.852102,0,LLLYALLAVLLGLLLGTLILI,YALLAVLLGLLLGTL,0.1747264117603821,0.0198981975934496,G,1.537445783,-32.266600000000004,0.0,11.551999999999992
LLLAYLLGFLLGLLLITLILI_2,110011001100110000,1,-61.4527,-58.7251,-58.7251,-237.435,-237.129,-244.931,-345.668,4612.4,3872.8,3489.18,-20.5771,4529170.0,-67.3571,4529120.0,-42.0122,-92.2269,50.7078,-48.0812,8.99334,7.17959,6.44021,2942040.0,-87.8363,33.3963,-37.1588,4516700.0,7.4752,4.18395,3.1849,2,LLLAYLLGFLLGLLLITLILI,AYLLGFLLGLLLITL,1.7540979396342256,0.2552038668542122,G,99999900.0,-25.344900000000003,-2.7276000000000025,7.496000000000009
LLLAGLLALLLGTLLSYLILI_1,110011001100110000,1,-73.3549,-78.7703,-74.1054,-222.895,-219.448,-238.615,-361.557,4464.15,3599.47,3648.75,-20.282,-19.0323,-85.589,-82.371,-48.8358,-70.4965,63.85,-32.6489,7.14058,5.69423,5.15198,-11.2841,-64.7067,61.3173,-36.5921,-374.681,7.395,4.48384,3.9036,1,LLLAGLLALLLGTLLSYLILI,AGLLALLLGTLLSYL,0.1681254795178663,0.0075152170253852,G,34.63804105,-36.7532,0.7505000000000024,15.719999999999999
LLLYALLALLLGTLLIFLILI_1,110011001100110000,1,-58.8208,-55.4247,-58.8208,-236.415,-229.863,-248.311,-348.773,4679.66,3882.82,3635.32,-20.1759,73.0145,-73.7127,9.52926,-41.6408,-66.4691,76.0551,-38.5362,8.02697,6.73781,6.37863,49.8759,-66.9322,64.0684,-37.8112,-288.821,7.282,5.18907,4.6501,1,LLLYALLALLLGTLLIFLILI,YALLALLLGTLLIFL,0.262722909255145,0.0186782463271383,D,-12.16668059,-32.0719,0.0,11.896000000000015
LLLAALLAGLLFLLLSVLILI_1,110011001100110000,1,-60.2318,-61.0106,-60.3184,-220.224,-217.114,-235.118,-351.449,4531.84,3644.7,3591.26,-20.1347,-15.4266,-91.1275,-88.7513,-56.0128,-76.7626,70.0598,-40.8784,7.26347,7.47247,7.02337,-12.5321,-68.8165,69.6202,-43.3499,-364.451,7.0847,6.2212,5.7655,1,LLLAALLAGLLFLLLSVLILI,AALLAGLLFLLLSVL,0.3247069489729193,0.0308251436901942,G,7.940732677,-35.1147,0.08659999999999712,14.894000000000005
LLLYALLVGLLFLLLGALILI_0,110011001100110000,1,-44.9738,-44.9738,-44.9738,-225.632,-221.472,-241.931,-325.26,4682.65,3960.9,3793.33,-20.0707,-15.6075,-74.7248,-74.4213,-38.3555,-46.5474,75.6238,-41.2294,7.28243,3.69131,3.32567,-15.6089,-44.9135,70.5331,-40.7685,-340.867,7.218,2.759,2.317,0,LLLYALLVGLLFLLLGALILI,YALLVGLLFLLLGAL,0.1977573784802216,0.0189462210819688,G,1.88018522,-36.3693,0.0,16.299000000000007
LLLTGLLFGLLAILLILLILI_1,110011001100110000,1,-45.0043,-45.0043,-45.0043,-229.133,-228.265,-244.872,-349.366,4662.33,3698.71,3639.42,-19.9647,-15.5483,-95.1939,-91.6454,-59.4893,-73.4731,68.8934,-44.3486,7.54468,6.82158,6.35498,-10.3236,-69.3499,66.3154,-44.3229,-356.645,7.423,5.85507,5.3498,1,LLLTGLLFGLLAILLILLILI,TGLLFGLLAILLILL,0.2554792450035167,0.0266030738471372,G,-31.791736,-35.7046,0.0,15.739000000000004
LLLAGLLALLLGVLLSTLILI_1,110011001100110000,1,-76.706,-76.8278,-74.1563,-217.349,-214.851,-232.45,-367.049,4453.91,3637.64,3663.73,-19.9587,46.8582,-92.9533,-28.5122,-60.4426,-81.888,67.2868,-31.6426,7.2911,7.86691,7.37621,-11.15,-81.5244,57.4843,-35.0,-378.059,7.3849,6.48904,5.8513,1,LLLAGLLALLLGVLLSTLILI,AGLLALLLGVLLSTL,0.2788955775507999,0.0065977594210302,G,8.549600797,-32.5107,-2.5497000000000014,15.100999999999999
LLLTALLALLLGVLLSALILI_2,110011001100110000,1,-60.3376,-60.5202,-60.3301,-224.143,-221.851,-238.764,-367.947,4516.67,3678.47,3652.99,-19.8813,-16.9816,-103.348,-102.558,-68.8533,-77.5976,65.1409,-42.5724,7.37436,6.93366,6.41077,-14.5278,-72.8398,58.7702,-43.8998,-383.545,7.2749,5.35995,4.7415,2,LLLTALLALLLGVLLSALILI,TALLALLLGVLLSAL,0.7003178518937162,0.0046703087927571,G,-49.13869018,-34.494699999999995,-0.007500000000000284,14.62100000000001
LLLYLLLAFLLGTLLGVLILI_0,110011001100110000,1,-58.7101,-58.7101,-58.7101,-228.705,-219.37,-244.623,-340.611,4599.03,3637.84,3586.63,-19.8038,-13.4972,-72.9991,-76.0279,-37.2774,-68.3878,49.8936,-36.4657,7.4926,3.49382,2.74222,-13.6836,-70.4738,37.5669,-39.1051,-354.108,7.2986,2.1426,1.2061,0,LLLYLLLAFLLGTLLGVLILI,YLLLAFLLGTLLGVL,1.2095879694201923,0.1105159635763205,D,25.78489159,-35.7217,0.0,15.917999999999978
LLLAGLLYLLLGTLLSFLILI_0,110011001100110000,1,-74.9734,-71.4388,-74.1125,-229.157,-225.305,-250.22,-359.153,4568.01,3852.86,3615.85,-19.6213,-10.844,-74.6436,-73.253,-34.8203,-62.8116,71.85,-49.3039,7.16048,5.62149,5.19924,-12.851,-65.1522,61.6911,-42.5151,-369.997,7.5,4.60113,4.0265,0,LLLAGLLYLLLGTLLSFLILI,AGLLYLLLGTLLSFL,0.2033085431211773,0.0154308799623285,G,10746400000000.0,-39.8233,-0.8609000000000009,21.062999999999988
LLLAVLLATLLGGLLFALILI_0,110011001100110000,1,-59.4232,-59.3631,-58.6781,-215.8,-210.199,-230.495,-332.301,4468.78,3716.55,3569.43,-19.3888,-11.389,-76.466,-74.1276,-43.1279,-26.9128,83.1727,-41.3249,7.11344,1.76524,1.51283,-10.3595,-31.4809,69.1051,-41.7031,-343.69,7.1894,0.551324,0.0879006,0,LLLAVLLATLLGGLLFALILI,AVLLATLLGGLLFAL,0.3507109954898162,0.0409646865932808,G,-99.99948425,-33.3381,-0.7451000000000008,14.694999999999993
LLLYVLLTLLLGILLFALILI_2,110011001100110000,1,-58.7757,-58.7757,-58.7757,-238.599,-226.794,-250.348,-350.144,4730.96,4006.92,3734.02,-19.0863,850.542,-71.856,785.968,-41.0202,-37.9337,86.1912,-35.012,8.98338,3.82587,3.61873,730.791,-36.0293,69.0807,-35.6829,500.397,7.2857,1.23029,0.766501,2,LLLYVLLTLLLGILLFALILI,YVLLTLLLGILLFAL,0.1597743157507455,0.0215238212059924,G,16465300000000.0,-30.835799999999992,0.0,11.749000000000024
LLLAVLLIGLLFGLLSTLILI_0,110011001100110000,1,-76.3906,-76.638,-74.0695,-219.582,-215.259,-236.487,-353.112,4496.27,3708.46,3598.94,-19.0647,-14.1772,-76.2037,-75.3919,-42.5556,-32.3989,79.2822,-41.1424,7.45576,2.06292,1.75215,-10.5779,-35.7131,69.4343,-39.9439,-367.289,7.5,1.23059,0.772104,0,LLLAVLLIGLLFGLLSTLILI,AVLLIGLLFGLLSTL,0.4275089382340089,0.0540294085456735,G,-27.06908298,-33.6481,-2.3211000000000013,16.905
LLLTGLLFGLLAILLSLLILI_1,110011001100110000,1,-60.4741,-61.7857,-60.3201,-227.258,-225.218,-242.1,-356.754,4569.77,3690.55,3694.94,-19.0554,-9.31552,-88.0777,-79.0661,-54.3339,-73.137,70.9944,-40.6621,7.536,7.0548,6.61971,-15.2273,-69.3499,66.3154,-44.3229,-372.843,7.423,5.85507,5.3498,1,LLLTGLLFGLLAILLSLLILI,TGLLFGLLAILLSLL,0.1102800591847047,0.0119464398039711,G,-60.35296916,-33.74379999999999,-0.15400000000000347,14.841999999999985
LLLGALLALLLGTLLSFLILI_1,110011001100110000,1,-73.2479,-74.0609,-74.0304,-222.332,-220.306,-239.031,-360.141,4491.73,3710.52,3630.53,-18.9916,-16.9231,-83.5522,-82.6978,-47.0795,-70.2482,58.763,-37.0053,6.92891,4.97023,4.35168,-16.6858,-68.9875,54.3485,-39.7512,-377.022,6.8746,4.18517,3.5004,1,LLLGALLALLLGTLLSFLILI,GALLALLLGTLLSFL,0.258871027277593,0.0129124208145294,D,3675110000000.0,-36.472699999999996,0.7824999999999989,16.699000000000012
LLLAALLALLLGTLLSFLILI_2,110011001100110000,1,-75.2221,-72.0256,-74.0925,-222.357,-220.466,-235.778,-359.2,4496.78,3829.01,3598.2,-18.8034,-10.3648,-80.4247,-77.0734,-49.3291,-69.471,65.8271,-39.859,7.58965,5.8073,5.2947,-17.8364,-66.9322,64.0684,-37.8112,-376.816,7.282,5.18907,4.6501,2,LLLAALLALLLGTLLSFLILI,AALLALLLGTLLSFL,0.2195863707864876,0.0197105656084884,G,-71.08609545,-31.095600000000005,-1.1295999999999964,13.420999999999992
LLLGYLLAFLLGLLLGTLILI_0,110011001100110000,1,-63.0919,-64.1804,-58.7749,-221.396,-218.985,-243.557,-338.614,4565.14,3533.02,3542.58,-18.7993,-14.5969,-72.9257,-70.0453,-36.2825,-60.8939,53.8847,-34.9998,7.33505,2.90852,2.21679,-10.9289,-61.4169,47.8691,-36.8365,-353.211,7.2814,2.17486,1.3929,0,LLLGYLLAFLLGLLLGTLILI,GYLLAFLLGLLLGTL,1.4301378369143287,0.0730347103822432,D,5791140000000.0,-36.64320000000001,-4.317,22.161
LLLAVLLLTLLGGLLFALILI_0,110011001100110000,1,-58.6781,-59.3631,-58.6781,-219.906,-213.457,-234.419,-343.063,4536.86,3808.13,3597.07,-18.6003,-12.3939,-83.0788,-82.6369,-49.9652,-25.4074,85.5509,-41.2339,7.54511,1.86049,1.64375,-12.4445,-31.4809,69.1051,-41.7031,-355.457,7.1894,0.551324,0.0879006,0,LLLAVLLLTLLGGLLFALILI,AVLLLTLLGGLLFAL,0.3563468945936727,0.0456213452287789,G,16.68299318,-33.1136,0.0,14.513000000000005
LLLTALLALLLGVLLSFLILI_2,110011001100110000,1,-63.7036,-65.4577,-60.3459,-222.417,-222.33,-242.549,-358.453,4543.05,3773.89,3647.87,-18.5791,-15.1272,-90.9115,-85.7919,-55.5583,-72.1998,60.0414,-44.7084,7.119,5.43556,4.83619,-12.9115,-67.4512,65.6275,-43.9752,-371.467,7.4846,5.47739,4.9618,2,LLLTALLALLLGVLLSFLILI,TALLALLLGVLLSFL,0.6944142098388588,0.0588827910032091,D,9381690000000.0,-35.3532,-3.3577000000000012,20.132000000000005
LLLTALLVGLLGILLFLLILI_0,110011001100110000,1,-48.7415,-52.0565,-44.9383,-229.304,-225.313,-243.695,-348.048,4606.67,3918.88,3650.15,-18.4757,6330.38,-88.4778,6259.71,-59.4148,-34.0678,88.5518,-48.4777,7.09923,3.56465,3.39293,6051.14,-45.1876,67.311,-43.6659,5982.34,6.6072,2.36513,1.8748,0,LLLTALLVGLLGILLFLLILI,TALLVGLLGILLFLL,0.1909785161110495,0.0189629639405926,G,-17.15848816,-29.063000000000002,-3.803200000000004,14.390999999999991
LLLVGLLFALLIILLTLLILI_0,110011001100110000,1,-58.7972,-58.9326,-58.7972,-241.164,-226.271,-243.578,-360.343,4629.85,3895.19,3557.2,-18.2464,15929.8,-78.6279,15854.7,-57.9676,-61.2392,86.1053,-41.112,9.21108,7.3101,7.10168,12128.3,-65.6894,61.9546,-41.2702,15569.5,6.9355,4.71728,4.1466,0,LLLVGLLFALLIILLTLLILI,VGLLFALLIILLTLL,0.2471549816928949,0.0299003906239877,G,99999900.0,-20.6603,0.0,2.4140000000000157
LLLYVLLILLLGFLLSTLILI_0,110011001100110000,1,-74.0812,-74.0812,-74.0812,-249.465,-239.944,-252.316,-366.2,4678.83,4200.62,3686.21,-18.0251,49106.5,-60.679,49054.4,-39.8029,-85.6921,46.639,-34.7307,10.0531,5.65009,4.84967,47270.2,-92.7718,28.0376,-44.4465,48740.3,7.5,4.20084,3.1214,0,LLLYVLLILLLGFLLSTLILI,YVLLILLLGFLLSTL,0.1935605096189272,0.0200347791542965,G,99999900.0,-20.8761,0.0,2.850999999999999
LLLTGLLFGLLAILLSALILI_2,110011001100110000,1,-60.4741,-60.4741,-60.3201,-222.585,-222.768,-238.966,-344.485,4604.24,3732.95,3677.86,-18.014,-16.3203,-79.44,-77.5629,-45.1984,-72.5811,68.9136,-43.4676,7.48838,6.69051,6.22421,-14.9593,-69.3499,66.3154,-44.3229,-360.034,7.423,5.85507,5.3498,2,LLLTGLLFGLLAILLSALILI,TGLLFGLLAILLSAL,0.1826548940398944,0.0153029579206604,G,27.44277866,-34.2416,-0.15400000000000347,16.381
LLLAALLALLLGVLLGTLILI_2,110011001100110000,1,-60.097,-64.8164,-58.784,-217.852,-203.693,-230.145,-352.637,4429.73,3670.9,3549.21,-17.8014,-16.366,-92.4895,-100.494,-63.7085,-86.968,58.5683,-37.2364,7.61473,7.45192,6.83045,-15.8739,-78.0946,55.6007,-36.5199,-368.501,7.2728,5.72029,5.0543,2,LLLAALLALLLGVLLGTLILI,AALLALLLGVLLGTL,0.3325474366069413,0.0369427774049529,G,11.34357354,-28.781000000000006,-1.3130000000000024,12.293000000000006
LLLTFLLALLLGYLLGVLILI_2,110011001100110000,1,-48.5035,-44.9628,-44.9628,-227.108,-226.231,-245.316,-335.507,4609.56,3659.03,3621.39,-17.7718,12.4246,-77.667,-51.8877,-45.2274,-74.1671,46.7381,-47.3947,7.32903,3.93471,3.13579,-13.3909,-77.0118,40.9782,-44.7988,-351.3,7.4996,3.58383,2.6985,2,LLLTFLLALLLGYLLGVLILI,TFLLALLLGYLLGVL,0.9060666175474212,0.0602453991122119,G,13123700000000.0,-32.4396,-3.540700000000001,18.208
LLLGALLALLLGVLLSTLILI_1,110011001100110000,1,-77.6599,-74.1406,-74.2086,-219.245,-217.254,-236.404,-370.174,4447.23,3646.16,3711.45,-17.6125,-3.4077,-90.8814,-82.1872,-59.5616,-74.2252,61.5955,-42.0319,7.22169,5.94918,5.37311,-14.7096,-72.8398,58.7702,-43.8998,-385.433,7.2749,5.35995,4.7415,1,LLLGALLALLLGVLLSTLILI,GALLALLLGVLLSTL,0.2694673006764622,0.02983492894611,G,-14.09072468,-31.3198,-3.451299999999989,17.158999999999992
LLLGYLLILLLGTLLSFLILI_0,110011001100110000,1,-77.522,-76.3255,-74.0304,-232.835,-230.06,-249.275,-363.007,4626.18,3751.36,3571.68,-17.5611,1718.82,-70.2108,1662.2,-39.7014,-62.6499,58.9691,-45.9458,7.68709,3.85831,3.24285,1332.79,-68.9875,54.3485,-39.7512,1355.81,6.8746,4.18517,3.5004,0,LLLGYLLILLLGTLLSFLILI,GYLLILLLGTLLSFL,0.130231868377351,0.0170860618095716,G,12497800000000.0,-30.509400000000007,-3.4916000000000054,16.439999999999998
LLLTALLFSLLGILLAALILI_2,110011001100110000,1,-60.3586,-60.3586,-60.3586,-226.157,-225.047,-237.827,-348.649,4488.4,3792.69,3682.83,-17.5383,-14.1956,-79.6717,-77.4389,-50.4633,-61.1176,69.3186,-41.5659,7.40195,5.02565,4.56543,-13.7166,-58.8131,62.5969,-39.1181,-362.382,7.175,3.77255,3.2115,2,LLLTALLFSLLGILLAALILI,TALLFSLLGILLAAL,0.3477720686071334,0.0384450282196291,G,-36.82729702,-29.208400000000005,0.0,11.669999999999987
LLLTALLAVLLGLLLGILILI_1,110011001100110000,1,-48.4987,-44.9676,-44.9676,-220.971,-226.273,-238.998,-356.615,4506.56,3529.23,3598.0,-17.5143,-6.16989,-104.659,-91.5448,-72.6497,-72.9977,51.2375,-38.5439,7.33562,4.36671,3.63528,-7.14785,-76.6711,46.9516,-39.8118,-365.546,7.5,4.33913,3.5434,1,LLLTALLAVLLGLLLGILILI,TALLAVLLGLLLGIL,0.4851005943024139,0.0441088570189712,G,39.76392331,-32.00930000000001,-3.531100000000002,18.026999999999987
LLLALLLGVLLITLLGFLILI_2,110011001100110000,1,-58.6964,-54.6316,-58.6964,-237.217,-219.189,-238.049,-350.687,4556.08,4034.04,3532.72,-17.4513,3913830.0,-72.2249,3913760.0,-53.9415,-90.9801,68.8669,-42.6978,9.68218,9.44405,8.97706,3820550.0,-92.5815,39.7325,-40.3169,3913480.0,6.7382,5.75111,4.8471,2,LLLALLLGVLLITLLGFLILI,ALLLGVLLITLLGFL,0.2873564158699224,0.0227178036860256,D,14.3920903,-18.283400000000007,0.0,0.8319999999999936
LLLLFLLAILLGTLLGVLILI_0,110011001100110000,1,-58.7231,-58.7231,-58.7231,-217.399,-210.046,-235.965,-346.028,4514.47,3503.69,3502.39,-17.1798,-9.19475,-87.0849,-86.4532,-51.3399,-63.1299,47.4613,-40.5206,7.15287,2.37676,1.58868,-9.07995,-62.6136,40.7304,-39.3075,-355.222,7.2265,1.39064,0.501596,0,LLLLFLLAILLGTLLGVLILI,LFLLAILLGTLLGVL,0.6478872544754426,0.0398997972504946,D,-22.07347663,-35.745000000000005,0.0,18.566000000000003
LLLYVLLGALLIILLTLLILI_2,110011001100110000,1,-58.7202,-62.3709,-58.7202,-240.537,-224.664,-249.399,-366.059,4653.45,3923.83,3676.03,-17.0546,55728.6,-83.8562,55649.6,-57.9403,-82.2855,70.8877,-37.9517,9.01295,8.41266,7.97598,37237.7,-72.8097,60.8563,-43.7016,55362.5,6.839,5.63706,5.0499,2,LLLYVLLGALLIILLTLLILI,YVLLGALLIILLTLL,0.2848796907513602,0.0197715302781171,D,-60.70346025,-25.9159,0.0,8.861999999999995
LLLYGLLFALLIILLTLLILI_2,110011001100110000,1,-58.7811,-52.8603,-58.7811,-243.219,-229.301,-252.306,-355.146,4707.75,4072.03,3646.3,-17.0137,26755.4,-70.1601,26682.4,-44.0593,-78.7126,63.6395,-36.7182,8.81203,6.89823,6.35282,25675.7,-64.5043,61.457,-37.6682,26400.2,6.656,4.47234,3.89419,2,LLLYGLLFALLIILLTLLILI,YGLLFALLIILLTLL,0.1505580705656128,0.0131058239383676,G,10.79310877,-26.1008,0.0,9.087000000000018
LLLTALLAILLGLLLGVLILI_2,110011001100110000,1,-48.4639,-46.4484,-44.9832,-220.682,-218.509,-238.309,-356.196,4485.65,3506.06,3506.1,-16.7337,-10.8404,-103.784,-102.079,-72.9037,-73.0857,36.8641,-37.9449,7.23582,2.4395,1.49246,-7.92799,-74.241,27.0676,-35.812,-363.77,7.4865,1.29028,0.196294,2,LLLTALLAILLGLLLGVLILI,TALLAILLGLLLGVL,0.4146687262249122,0.0120486528725948,G,-2.002697729,-30.880300000000005,-3.480700000000006,17.62700000000001
LLLYALLTALLGLLLGALILI_0,110011001100110000,1,-63.6989,-63.8464,-58.802,-222.448,-215.733,-237.272,-342.935,4572.9,3911.59,3845.82,-16.5765,-9.75722,-73.3647,-73.1128,-46.8607,-53.6963,72.0456,-44.9419,6.86925,4.28059,3.86128,-11.1556,-49.4233,66.044,-43.1773,-352.692,6.8387,2.82944,2.3201,0,LLLYALLTALLGLLLGALILI,YALLTALLGLLLGAL,0.3329688020394216,0.0395251300942658,G,14.88360519,-26.503999999999998,-4.896900000000002,14.823999999999984
LLLAALLALLLGALLGTLILI_0,110011001100110000,1,-60.5857,-63.2326,-58.784,-213.685,-205.284,-227.467,-348.738,4415.36,3686.08,3579.45,-16.5253,-13.0368,-90.9927,-93.2585,-62.4873,-79.6434,64.4751,-39.64,7.43577,7.15066,6.61779,-13.1506,-78.0946,55.6007,-36.5199,-361.775,7.2728,5.72029,5.0543,0,LLLAALLALLLGALLGTLILI,AALLALLLGALLGTL,0.3945582635910294,0.052321211841706,G,37.95384198,-28.5054,-1.8017000000000039,13.78200000000001
LLLTVLLLGLLAGLLFALILI_2,110011001100110000,1,-44.9318,-45.4981,-44.9318,-220.498,-219.126,-236.429,-338.16,4531.27,3802.81,3660.56,-16.2504,-9.58947,-88.9802,-83.1253,-56.7995,-33.0875,73.4024,-42.1988,7.22861,1.37244,0.973479,-11.8974,-30.525,71.559,-44.3251,-350.484,7.1169,0.739215,0.3126,2,LLLTVLLLGLLAGLLFALILI,TVLLLGLLAGLLFAL,0.5875597383646322,0.0273672148631554,G,-37.70376226,-32.180699999999995,0.0,15.931000000000012
LLLTALLAVLLGLLLAFLILI_1,110011001100110000,1,-49.9415,-50.3906,-44.9868,-224.474,-222.26,-241.574,-345.427,4534.01,3810.34,3695.98,-16.2257,-5.65278,-87.2376,-78.4295,-58.8663,-73.7009,48.2731,-43.0356,7.05382,4.07201,3.2961,-7.85847,-71.1566,42.8294,-43.0573,-355.552,7.0278,2.95546,2.0979,1,LLLTALLAVLLGLLLAFLILI,TALLAVLLGLLLAFL,0.4090622253830354,0.027913168295675,G,-2.178222404,-28.371299999999998,-4.954699999999995,17.100000000000023
LLLYALLATLLGVLLGLLILI_0,110011001100110000,1,-56.5726,-63.2456,-58.7598,-224.173,-219.811,-240.642,-347.959,4559.83,3638.51,3789.71,-16.2045,-8.06292,-83.4182,-72.9653,-48.5576,-75.6526,55.7312,-36.5806,7.35378,5.37161,4.70758,-9.34563,-75.4208,48.7219,-40.9997,-356.022,7.4067,4.39057,3.6214,0,LLLYALLATLLGVLLGLLILI,YALLATLLGVLLGLL,0.2142686482543606,0.0222138717638505,G,22795800000000.0,-34.8606,2.187199999999997,16.468999999999994
LLLAALLALLLGVLLITLILI_0,110011001100110000,1,-58.784,-63.2326,-58.784,-223.766,-213.124,-235.365,-363.927,4490.99,3628.89,3466.09,-16.158,50387.3,-97.535,50299.7,-69.7776,-74.5764,71.6266,-45.0259,7.82211,7.35605,6.93045,43747.3,-78.0946,55.6007,-36.5199,50023.3,7.2728,5.72029,5.0543,0,LLLAALLALLLGVLLITLILI,AALLALLLGVLLITL,0.2199650121581632,0.0189721787242323,G,1.994860204,-27.75739999999999,0.0,11.599000000000018
LLLTFLLIILLGLLLGVLILI_0,110011001100110000,1,-44.9378,-53.1493,-44.9378,-228.754,-217.894,-245.259,-350.74,4614.45,3878.29,3537.11,-16.1114,52026.1,-93.1589,51946.4,-60.5427,-66.7957,49.5312,-60.5207,7.88536,3.20607,2.44903,38479.3,-79.84,40.4327,-45.0,51675.4,6.5,3.93441,3.0409,0,LLLTFLLIILLGLLLGVLILI,TFLLIILLGLLLGVL,0.4508117757680543,0.0192935369061465,D,-33.73767129,-32.6162,0.0,16.504999999999995
LLLAYLLAVLLGALLGFLILI_0,110011001100110000,1,-48.7014,-48.7647,-44.9566,-215.759,-216.7,-236.72,-316.629,4537.91,3580.84,3558.28,-15.9209,-12.1408,-68.0896,-63.3053,-34.953,-77.6256,46.0975,-36.0628,7.41971,4.36699,3.55845,-12.0356,-76.6711,46.9516,-39.8118,-328.77,7.5,4.33913,3.5434,0,LLLAYLLAVLLGALLGFLILI,AYLLAVLLGALLGFL,0.5881864130056197,0.0481543038614095,G,-3.156360903,-33.1366,-3.744799999999998,20.961000000000013
LLLVALLLTLLGGLLFILILI_1,110011001100110000,1,-58.7189,-58.7189,-58.7189,-228.184,-220.383,-238.118,-350.255,4587.24,3832.5,3667.16,-15.512,28.6901,-78.8632,-42.4623,-53.4178,-40.2548,80.7207,-46.016,7.67928,3.43551,3.14632,19.7257,-38.0441,72.2659,-45.0,-342.671,7.1084,1.96251,1.5465,1,LLLVALLLTLLGGLLFILILI,VALLLTLLGGLLFIL,0.3681894485957353,0.0209375897758683,G,-99.99954049,-25.445400000000006,0.0,9.933999999999997
LLLVALLFALLGLLLITLILI_2,110011001100110000,1,-58.7454,-60.783,-58.7454,-236.927,-217.049,-239.349,-352.857,4607.82,3960.1,3646.02,-15.4058,17819.8,-72.5905,17744.8,-54.7623,-54.0359,92.2391,-43.3967,8.84023,7.05767,6.94126,15250.6,-48.7411,63.2863,-39.7126,17467.0,6.542,2.35481,1.8041,2,LLLVALLFALLGLLLITLILI,VALLFALLGLLLITL,0.4005145836047509,0.0416256854564193,G,-36.32025695,-17.828200000000002,0.0,2.421999999999997
LLLTLLLGVLLIFLLAILILI_2,110011001100110000,1,-44.9169,-50.8448,-44.9169,-242.271,-230.267,-247.889,-354.22,4619.11,4022.61,3580.77,-15.2464,342784.0,-82.279,342711.0,-61.4147,-87.5642,64.3991,-34.3093,9.61647,8.32852,7.79451,180984.0,-85.9497,42.6517,-45.0,342429.0,6.5506,5.15043,4.2902,2,LLLTLLLGVLLIFLLAILILI,TLLLGVLLIFLLAIL,0.3824504154308714,0.0286568488441248,D,-48.57622832,-20.864299999999993,0.0,5.618000000000023
LLLVGLLLILLGALLATLILI_1,110011001100110000,1,-63.525,-62.1411,-58.7586,-219.812,-222.965,-233.286,-359.091,4487.44,3772.72,3751.97,-15.0755,-14.1932,-90.8296,-88.1784,-67.0469,-49.2642,56.4515,-50.0632,7.19607,1.51058,0.857355,-5.3878,-40.5762,61.5678,-43.055,-364.547,7.4828,0.898083,0.3216,1,LLLVGLLLILLGALLATLILI,VGLLLILLGALLATL,0.9626991854385516,0.0388642880101643,G,-46.92286664,-23.782700000000006,-4.766399999999997,13.47399999999999
LLLTVLLLGLLFGLLAALILI_1,110011001100110000,1,-44.9318,-45.8636,-44.9318,-220.524,-222.555,-236.371,-339.274,4497.79,3787.06,3662.65,-15.0447,-7.33965,-88.8632,-78.1952,-57.9712,-33.4965,72.7188,-42.6466,7.19521,1.34152,0.932304,-11.3213,-30.525,71.559,-44.3251,-350.773,7.1169,0.739215,0.3126,1,LLLTVLLLGLLFGLLAALILI,TVLLLGLLFGLLAAL,0.4352201456712182,0.0373366840783827,G,-23.03618002,-30.892000000000003,0.0,15.847000000000008
LLLTALLIGLLFGLLVLLILI_2,110011001100110000,1,-44.9826,-44.9826,-44.9826,-224.591,-225.253,-241.892,-345.433,4621.0,3755.83,3704.82,-14.9522,-13.6361,-90.8116,-88.8334,-58.5577,-47.6494,70.7991,-37.6499,7.52485,3.20529,2.76728,-12.7759,-44.147,67.923,-36.7071,-358.652,7.5,2.29165,1.81049,2,LLLTALLIGLLFGLLVLLILI,TALLIGLLFGLLVLL,0.4041882932307516,0.016840324262063,G,-24.88406607,-32.2539,0.0,17.300999999999988
LLLAVLLAGLLFGLLSTLILI_0,110011001100110000,1,-76.436,-76.638,-74.0695,-216.732,-212.454,-232.542,-348.339,4453.08,3744.82,3618.76,-14.661,-9.19796,-69.8321,-68.4454,-41.7278,-32.1097,80.8804,-41.1963,7.45017,2.2353,1.94851,-9.35726,-35.7131,69.4343,-39.9439,-357.537,7.5,1.23059,0.772104,0,LLLAVLLAGLLFGLLSTLILI,AVLLAGLLFGLLSTL,0.4747773597810892,0.0247508686086146,G,18.02651371,-28.104299999999995,-2.366500000000002,15.810000000000002
LLLTILLAGLLFLLLSVLILI_0,110011001100110000,1,-60.3212,-61.0056,-60.3184,-233.733,-219.818,-242.649,-363.454,4597.91,3848.83,3584.01,-14.6235,17.4539,-84.0226,-65.1756,-60.4864,-66.2182,88.7335,-44.7333,8.33421,8.41175,8.24275,18.0034,-68.8165,69.6202,-43.3499,-346.0,7.0847,6.2212,5.7655,0,LLLTILLAGLLFLLLSVLILI,TILLAGLLFLLLSVL,0.2219421930774021,0.0153803494263648,G,-14.30900767,-23.536199999999994,-0.00280000000000058,8.915999999999997
LLLLVLLTGLLFGLLAALILI_0,110011001100110000,1,-58.7605,-58.7605,-58.7605,-219.842,-212.653,-233.542,-340.644,4510.46,3860.05,3674.54,-14.597,-7.56701,-76.6389,-76.7974,-48.3412,-32.6706,85.4725,-44.0386,7.31762,2.93938,2.72147,-7.34477,-36.3206,72.3714,-40.8966,-348.211,7.2598,1.71823,1.3038,0,LLLLVLLTGLLFGLLAALILI,LVLLTGLLFGLLAAL,1.0920664433469,0.0356984667774424,G,17693300000000.0,-28.297700000000006,0.0,13.699999999999989
LLLTGLLFGLLAALLVLLILI_2,110011001100110000,1,-46.0616,-46.0282,-45.0108,-219.689,-220.415,-241.91,-339.984,4612.33,3705.28,3638.83,-14.4404,-11.1219,-88.6734,-84.6625,-53.0631,-70.1801,69.1131,-42.9505,7.05585,6.35729,5.89399,-13.6796,-68.8165,69.6202,-43.3499,-353.636,7.0847,6.2212,5.7655,2,LLLTGLLFGLLAALLVLLILI,TGLLFGLLAALLVLL,0.2234337687466542,0.0320542141766112,G,-31.52765448,-35.6103,-1.0507999999999953,22.221000000000004
LLLAYLLILLLGFLLSTLILI_0,110011001100110000,1,-73.88,-77.3444,-74.1162,-227.978,-226.879,-247.231,-363.244,4630.04,3802.84,3588.94,-14.3677,6423.59,-75.7537,6364.57,-41.897,-76.5233,53.3627,-42.453,8.60343,5.18246,4.4829,4422.02,-83.7533,47.7994,-42.6647,6060.35,7.5,5.51591,4.7329,0,LLLAYLLILLLGFLLSTLILI,AYLLILLLGFLLSTL,0.602663249841478,0.0717532414088456,G,99999900.0,-33.8567,0.23620000000001085,19.252999999999986
LLLYVLLTILLGALLSLLILI_2,110011001100110000,1,-76.7543,-74.612,-74.2421,-231.052,-229.273,-247.319,-374.149,4590.68,3971.48,3807.04,-14.3528,-9.746,-80.6954,-80.01,-52.5875,-41.1613,71.5188,-45.5939,7.96449,2.32922,1.90201,-5.69472,-40.5799,64.8968,-45.0,-381.339,7.351,1.34805,0.821502,2,LLLYVLLTILLGALLSLLILI,YVLLTILLGALLSLL,0.485302563893349,0.0403536362810165,D,24030700000000.0,-28.107900000000008,-2.512200000000007,16.266999999999996
LLLTALLALLLGYLLGVLILI_2,110011001100110000,1,-46.4478,-46.7116,-44.9628,-223.463,-218.908,-241.383,-345.823,4514.18,3719.51,3685.25,-14.3087,160.703,-90.2213,80.499,-59.4778,-78.4523,45.5671,-42.0453,7.55709,4.41939,3.6029,-9.25634,-77.0118,40.9782,-44.7988,-354.645,7.4996,3.58383,2.6985,2,LLLTALLALLLGYLLGVLILI,TALLALLLGYLLGVL,0.7918993967480786,0.0530115207152268,G,12951500000000.0,-30.743499999999997,-1.4849999999999994,17.920000000000016
LLLAALLFSLLILLLGTLILI_1,110011001100110000,1,-74.0983,-60.2893,-74.0983,-226.421,-217.264,-239.114,-365.224,4560.03,3904.16,3654.89,-14.2221,11169.7,-78.9274,11082.1,-52.0124,-35.7471,87.966,-35.9093,8.28748,3.73748,3.55697,9594.44,-43.753,64.4796,-35.9038,11097.6,6.884,1.7677,1.23489,1,LLLAALLFSLLILLLGTLILI,AALLFSLLILLLGTL,2.026505033156424,0.0912229834549261,G,99999900.0,-26.915000000000006,0.0,12.693000000000012
LLLLVLLIGLLAGLLFALILI_0,110011001100110000,1,-44.9897,-44.9897,-44.9897,-219.245,-214.057,-234.491,-336.722,4545.61,3859.58,3731.73,-14.208,-11.8237,-86.6954,-89.4998,-57.2422,-37.5018,76.6803,-44.8447,7.26466,2.4771,2.1273,-11.8056,-36.3206,72.3714,-40.8966,-348.546,7.2598,1.71823,1.3038,0,LLLLVLLIGLLAGLLFALILI,LVLLIGLLAGLLFAL,1.1930411568855923,0.0902626384755013,G,20896100000000.0,-29.45320000000001,0.0,15.24600000000001
LLLVGLLLILLGILLATLILI_2,110011001100110000,1,-58.7586,-60.7506,-58.7586,-226.478,-220.555,-237.35,-366.389,4509.82,3819.91,3726.99,-14.1461,536.12,-95.2991,451.036,-70.2803,-39.1047,73.3987,-43.8296,8.66466,2.27452,1.8755,440.127,-40.5762,61.5678,-43.055,169.731,7.4828,0.898083,0.3216,2,LLLVGLLLILLGILLATLILI,VGLLLILLGILLATL,0.4638172230467821,0.0308358665443324,G,-29.76331673,-25.0188,0.0,10.871999999999986
LLLTALLFLLLGVLLIILILI_2,110011001100110000,1,-44.96,-44.96,-44.96,-235.393,-232.778,-247.75,-355.614,4721.25,3697.21,3523.41,-14.1166,67.4212,-89.3769,-10.4541,-62.9035,-68.5709,66.5722,-39.8124,7.92212,5.77288,5.27147,67.6864,-65.2659,57.7881,-36.226,-280.221,7.2064,4.09128,3.4581,2,LLLTALLFLLLGVLLIILILI,TALLFLLLGVLLIIL,0.2494350863748532,0.0122208531457233,G,99999900.0,-26.473400000000005,0.0,12.357
LLLTALLFLLLGVLLGILILI_1,110011001100110000,1,-48.7774,-49.3802,-44.96,-223.056,-222.659,-241.311,-344.385,4555.75,3687.9,3619.57,-13.9665,-13.6127,-86.5183,-85.9587,-58.1133,-65.6057,59.0884,-35.4836,7.21837,4.31778,3.70411,-13.6858,-65.2659,57.7881,-36.226,-358.061,7.2064,4.09128,3.4581,1,LLLTALLFLLLGVLLGILILI,TALLFLLLGVLLGIL,0.660314922368887,0.0439402858204998,G,99999900.0,-28.404999999999994,-3.8173999999999992,18.254999999999995
LLLTALLLALLFGLLFSLILI_1,110011001100110000,1,-60.3539,-60.3539,-60.3539,-226.248,-225.641,-243.049,-348.114,4580.51,3738.2,3612.07,-13.7459,-2.04951,-75.2579,-64.1689,-44.7112,-32.5459,72.0828,-35.3932,7.37299,1.11305,0.694295,-13.1269,-32.2864,71.771,-35.0,-361.357,7.3393,1.03204,0.608604,1,LLLTALLLALLFGLLFSLILI,TALLLALLFGLLFSL,0.3848487393497192,0.0164709745699519,G,-41.72127692,-30.54670000000001,0.0,16.801000000000016
LLLYVLLTALLGGLLFALILI_1,110011001100110000,1,-58.7757,-59.2669,-58.7757,-223.534,-218.423,-240.428,-326.17,4634.31,3910.67,3779.73,-13.7337,-12.7711,-57.5936,-61.2505,-26.9662,-37.5644,77.9956,-35.9741,7.45071,2.66407,2.334,-10.3713,-36.0293,69.0807,-35.6829,-334.574,7.2857,1.23029,0.766501,1,LLLYVLLTALLGGLLFALILI,YVLLTALLGGLLFAL,0.2659354998463081,0.0019731202155944,G,12.70628774,-30.6274,0.0,16.894000000000005
LLLYVLLTLLLGGLLFALILI_1,110011001100110000,1,-58.7757,-58.7757,-58.7757,-225.014,-220.036,-245.108,-339.069,4692.11,3901.05,3723.73,-13.7289,-0.412589,-69.008,-60.6699,-35.1854,-39.7429,71.7453,-35.3339,7.42748,2.14706,1.72323,-9.50044,-36.0293,69.0807,-35.6829,-348.726,7.2857,1.23029,0.766501,1,LLLYVLLTLLLGGLLFALILI,YVLLTLLLGGLLFAL,0.3207282154261899,0.0351392180417076,G,8.04825966,-33.822599999999994,0.0,20.093999999999994
LLLVLLLATLLGSLLGTLILI_0,110011001100110000,1,-89.392,-87.858,-87.858,-218.615,-212.947,-233.349,-377.92,4426.61,3699.23,3598.42,-13.7028,-5.7956,-83.6164,-82.9113,-56.7138,-33.8066,81.4045,-42.1729,7.11028,2.56059,2.28166,-5.63475,-36.3206,72.3714,-40.8966,-383.716,7.2598,1.71823,1.3038,0,LLLVLLLATLLGSLLGTLILI,VLLLATLLGSLLGTL,0.2160655961150577,0.0309754475941817,G,-99.99946979,-26.9026,-1.5339999999999918,14.73399999999998
LLLTALLVILLGGLLFLLILI_1,110011001100110000,1,-47.7801,-46.8523,-44.9383,-225.592,-226.682,-242.984,-346.375,4614.57,3882.82,3648.47,-13.6125,44.8656,-86.6155,-27.9747,-58.4525,-44.3824,62.0365,-54.6371,7.01443,1.53229,0.962838,48.4774,-45.1876,67.311,-43.6659,-287.28,6.6072,2.36513,1.8748,1,LLLTALLVILLGGLLFLLILI,TALLVILLGGLLFLL,0.3454927144518613,0.0313517991140162,G,-28.13092782,-28.162999999999997,-2.841799999999999,17.391999999999996
LLLAILLGLLLIVLLSTLILI_2,110011001100110000,1,-74.1795,-74.1265,-74.1795,-240.382,-237.993,-240.095,-385.131,4490.8,3998.67,3643.11,-13.5724,1556950.0,-84.1415,1556870.0,-70.8558,-90.2622,63.3566,-37.5325,10.0655,8.59247,8.04282,1551160.0,-97.68,30.262,-44.4,1556560.0,6.9035,5.23737,4.1913,2,LLLAILLGLLLIVLLSTLILI,AILLGLLLIVLLSTL,0.0679226168405222,0.0064117505901546,G,20896100000000.0,-13.285699999999991,0.0,-0.28700000000000614
LLLYLLLGALLGVLLITLILI_0,110011001100110000,1,-58.7653,-59.8407,-58.7653,-231.098,-220.149,-243.67,-355.287,4596.55,3826.52,3685.8,-13.2174,4.76324,-78.6412,-70.534,-52.8511,-72.5626,78.3421,-47.8736,7.59071,7.96058,7.63571,2.49921,-68.8165,69.6202,-43.3499,-350.524,7.0847,6.2212,5.7655,0,LLLYLLLGALLGVLLITLILI,YLLLGALLGVLLITL,0.2143602974381284,0.007117761843986,G,-99.99885187,-25.790099999999995,0.0,12.571999999999974
LLLTALLVGLLILLLGFLILI_2,110011001100110000,1,-44.921,-44.921,-44.921,-227.218,-226.166,-243.629,-348.496,4584.56,3762.93,3748.72,-13.122,121.922,-89.4791,44.5131,-59.9458,-41.6028,84.0211,-39.1695,7.81368,4.08326,3.84358,112.243,-48.1591,65.1383,-40.7743,57.3264,7.1702,2.51753,1.9946,2,LLLTALLVGLLILLLGFLILI,TALLVGLLILLLGFL,0.4308703984740328,0.0427232721141542,G,-23.18586853,-29.533300000000004,0.0,16.411
LLLAVLLIGLLFILLSTLILI_0,110011001100110000,1,-74.2884,-74.8294,-74.1339,-227.877,-220.43,-241.759,-364.211,4543.71,3913.2,3587.11,-13.1133,314.082,-75.1588,245.13,-48.3179,-31.7127,84.6709,-39.9505,8.76694,2.68747,2.45754,292.729,-35.7131,69.4343,-39.9439,-50.1295,7.5,1.23059,0.772104,0,LLLAVLLIGLLFILLSTLILI,AVLLIGLLFILLSTL,0.256186511726782,0.0112961147101126,G,15874000000000.0,-26.840899999999998,-0.15449999999999875,13.881999999999977
LLLTVLLGALLGILLILLILI_0,110011001100110000,1,-44.983,-51.0142,-44.983,-226.322,-222.374,-240.464,-362.527,4501.87,3707.93,3628.89,-13.0756,56.2642,-104.298,-32.8743,-77.0802,-68.7489,74.5719,-42.9675,7.89973,6.87954,6.49812,55.4568,-63.7261,69.6712,-42.7158,-306.263,7.3752,5.46453,5.0096,0,LLLTVLLGALLGILLILLILI,TVLLGALLGILLILL,0.3630110784602248,0.0286669075669669,G,99999900.0,-27.217799999999997,0.0,14.141999999999996
LLLAYLLILLLGTLLAFLILI_0,110011001100110000,1,-58.663,-66.6294,-58.663,-229.346,-221.654,-245.199,-348.711,4636.39,3956.33,3553.56,-13.0668,156601.0,-73.7685,156540.0,-44.8488,-76.6509,50.8603,-50.8598,8.14118,4.86378,4.12668,107626.0,-71.7752,52.5548,-41.6943,156252.0,6.762,4.36118,3.6495,0,LLLAYLLILLLGTLLAFLILI,AYLLILLLGTLLAFL,0.5306448487131236,0.0295835894216298,D,8008420000000.0,-28.919700000000006,0.0,15.853000000000009
LLLTALLAGLLFLLLSVLILI_1,110011001100110000,1,-60.2509,-60.7795,-60.3184,-224.389,-223.403,-244.41,-361.483,4589.87,3669.78,3598.38,-13.0571,-10.8076,-89.9002,-88.1086,-56.755,-71.4599,71.1443,-43.3483,7.22564,6.82346,6.39062,-12.0823,-68.8165,69.6202,-43.3499,-373.591,7.0847,6.2212,5.7655,1,LLLTALLAGLLFLLLSVLILI,TALLAGLLFLLLSVL,0.3135951406706296,0.0247015033086948,G,11.60041225,-33.145199999999996,0.06749999999999545,20.020999999999987
LLLVTLLLGLLFILLFALILI_2,110011001100110000,1,-44.9466,-49.5476,-44.9466,-232.164,-224.011,-243.908,-340.187,4665.39,4001.0,3592.95,-13.0007,2161.74,-76.0769,2095.11,-51.3325,-39.3495,81.9177,-45.2142,9.11834,3.46132,3.19008,1542.93,-33.3677,74.3197,-39.8132,1821.56,7.0315,1.53831,1.15311,2,LLLVTLLLGLLFILLFALILI,VTLLLGLLFILLFAL,0.2437808197762375,0.0291121918911794,G,-29.82776341,-24.74439999999999,0.0,11.744
LLLYFLLAVLLILLLGTLILI_1,110011001100110000,1,-58.7556,-58.7556,-58.7556,-242.614,-236.934,-250.804,-348.944,4763.91,4198.72,3624.02,-12.9271,88798.4,-60.5015,88745.1,-39.3846,-70.8393,47.7768,-46.9259,9.93983,3.57576,2.79242,81395.9,-71.1719,34.5088,-41.0473,88411.7,6.9662,1.83447,0.852102,1,LLLYFLLAVLLILLLGTLILI,YFLLAVLLILLLGTL,0.1888444143705646,0.0117691449747786,D,-44.22753418,-21.1169,0.0,8.189999999999998
LLLAVLLLTLLGGLLAALILI_0,110011001100110000,1,-59.5766,-59.3631,-58.6781,-213.735,-208.427,-229.432,-351.871,4403.33,3740.2,3664.17,-12.8462,-5.34088,-91.4047,-89.4215,-63.76,-27.7785,81.2608,-41.0432,7.11931,1.63698,1.3559,-5.52496,-31.4809,69.1051,-41.7031,-357.211,7.1894,0.551324,0.0879006,0,LLLAVLLLTLLGGLLAALILI,AVLLLTLLGGLLAAL,0.3700086245551293,0.052173025943509,G,40.27503442,-27.644700000000007,-0.8984999999999985,15.696999999999974
LLLAFLLGTLLIVLLSLLILI_2,110011001100110000,1,-74.0991,-70.6146,-74.0991,-237.056,-225.304,-242.252,-368.786,4616.86,3884.41,3569.79,-12.6614,26175.5,-70.2925,26102.6,-52.4353,-84.7083,61.7084,-38.6783,9.2536,7.53688,6.96251,24175.3,-78.9988,51.5632,-42.618,25806.7,6.5,5.31085,4.5843,2,LLLAFLLGTLLIVLLSLLILI,AFLLGTLLIVLLSLL,0.2666367050790451,0.0165438951033575,G,99999900.0,-17.857200000000006,0.0,5.195999999999998
LLLVGLLAILLGALLATLILI_2,110011001100110000,1,-63.1759,-58.7586,-58.7586,-216.75,-213.243,-229.179,-346.904,4430.59,3810.62,3760.99,-12.6565,-1.86068,-79.6346,-76.7632,-58.9666,-48.701,58.3456,-48.6097,7.23277,1.68182,1.057,-1.78548,-40.5762,61.5678,-43.055,-351.282,7.4828,0.898083,0.3216,2,LLLVGLLAILLGALLATLILI,VGLLAILLGALLATL,0.5798599257659218,0.0664107650115854,G,50.46451745,-20.668000000000006,-4.417299999999997,12.429000000000002
LLLTFLLIVLLGILLALLILI_2,110011001100110000,1,-44.9728,-47.1264,-44.9728,-230.586,-219.979,-246.406,-356.664,4622.86,3889.7,3626.45,-12.4781,2765.12,-93.5834,2675.56,-65.2852,-66.7089,51.6422,-53.1312,8.54351,3.47803,2.75267,2297.91,-72.6747,50.248,-40.0011,3048.21,7.1385,4.18468,3.4384,2,LLLTFLLIVLLGILLALLILI,TFLLIVLLGILLALL,0.4583951941953508,0.0390726864652093,D,5521380000000.0,-28.298199999999994,0.0,15.819999999999993
LLLALLLGVLLITLLSFLILI_0,110011001100110000,1,-74.0352,-73.3269,-74.0352,-237.395,-223.042,-241.235,-370.486,4555.44,3955.99,3725.13,-12.3605,215332.0,-71.4161,215258.0,-55.2153,-84.5344,70.036,-32.9768,9.62269,8.63501,8.18555,211785.0,-93.9928,36.7785,-43.1657,214961.0,6.6465,5.56402,4.6157,0,LLLALLLGVLLITLLSFLILI,ALLLGVLLITLLSFL,0.1915054773565301,0.0158540121853881,G,-25.12176493,-16.2008,0.0,3.8400000000000034
LLLYALLVGLLALLLGTLILI_1,110011001100110000,1,-58.7681,-58.7681,-58.7681,-227.299,-219.805,-240.159,-346.136,4608.66,3959.67,3847.18,-12.3219,-7.70261,-72.3908,-75.2651,-47.2088,-43.4256,87.7796,-38.9299,7.73159,4.86408,4.68078,-7.00941,-44.9135,70.5331,-40.7685,-353.874,7.218,2.759,2.317,1,LLLYALLVGLLALLLGTLILI,YALLVGLLALLLGTL,0.2029774693408621,0.0191336163538308,G,-16.11808824,-25.182000000000002,0.0,12.859999999999985
LLLALLLGLLLIVLLSTLILI_2,110011001100110000,1,-74.1192,-74.0404,-74.1192,-237.108,-233.755,-240.277,-387.434,4545.43,3987.49,3594.39,-12.2173,636464.0,-88.4247,636385.0,-73.0378,-91.4411,68.6952,-33.8301,10.2083,9.49002,9.02044,483528.0,-97.764,38.4753,-38.0973,636062.0,7.04,6.35877,5.4359,2,LLLALLLGLLLIVLLSTLILI,ALLLGLLLIVLLSTL,0.256750403493734,0.0364038855224391,G,21646500000000.0,-15.386899999999997,0.0,3.1689999999999827
LLLAFLLGILLIVLLGLLILI_2,110011001100110000,1,-44.9385,-48.5137,-44.9385,-233.283,-221.262,-239.883,-343.799,4617.74,4064.62,3542.82,-11.8875,18849600.0,-77.4649,18849500.0,-58.9773,-77.3599,61.6869,-45.3011,11.0558,6.43171,5.85701,17206200.0,-82.2405,38.4729,-43.0414,18849200.0,7.0713,4.02991,3.107,2,LLLAFLLGILLIVLLGLLILI,AFLLGILLIVLLGLL,0.3211677034447211,0.0334685257005718,G,-57.46581026,-18.4876,0.0,6.600000000000023
LLLTLLLGILLIFLLAVLILI_2,110011001100110000,1,-44.948,-50.1984,-44.948,-238.947,-229.101,-247.559,-354.967,4673.6,3952.94,3587.8,-11.7077,191618.0,-82.7795,191542.0,-62.4596,-81.8275,68.1026,-33.74,9.60608,7.96798,7.48952,156371.0,-81.7774,50.2073,-43.0207,191263.0,6.749,5.54459,4.7977,2,LLLTLLLGILLIFLLAVLILI,TLLLGILLIFLLAVL,0.4722104266939927,0.0296670846831701,D,-40.55158686,-20.319899999999997,0.0,8.611999999999995
LLLTFLLGVLLILLLGALILI_2,110011001100110000,1,-44.9172,-46.6677,-44.9172,-236.958,-223.132,-243.401,-345.591,4655.71,3973.83,3473.39,-11.6077,5889040.0,-75.3231,5888970.0,-57.2727,-88.879,64.4699,-37.6695,9.88292,8.53529,8.00234,5833650.0,-87.213,39.461,-38.899,5896930.0,6.5512,4.90918,4.00109,2,LLLTFLLGVLLILLLGALILI,TFLLGVLLILLLGAL,0.4548982666072197,0.034674342399126,D,-36.67662002,-18.050399999999996,0.0,6.443000000000012
LLLAVLLIGLLAGLLSTLILI_0,110011001100110000,1,-76.6029,-76.638,-74.0695,-215.976,-210.247,-231.492,-362.074,4411.49,3823.29,3674.26,-11.573,-6.23215,-81.0678,-81.4208,-56.5125,-32.5189,81.2966,-41.6304,7.50752,2.35287,2.07232,-6.19894,-35.7131,69.4343,-39.9439,-368.306,7.5,1.23059,0.772104,0,LLLAVLLIGLLAGLLSTLILI,AVLLIGLLAGLLSTL,0.4349429432480718,0.0335729694658749,G,-27.8939087,-24.555300000000003,-2.5334000000000003,15.515999999999991
LLLAGLLILLLGVLLGTLILI_2,110011001100110000,1,-58.8129,-65.3444,-58.8129,-221.032,-214.472,-233.118,-354.224,4509.1,3837.21,3656.86,-11.4845,348.408,-85.8633,274.0,-62.2935,-66.0232,65.9142,-40.2113,8.06448,5.3019,4.79061,330.955,-67.743,51.6604,-38.5819,-5.81615,7.1139,3.6356,2.91051,2,LLLAGLLILLLGVLLGTLILI,AGLLILLLGVLLGTL,0.3377753322867637,0.0289304008119015,G,0.188324436,-23.569799999999994,0.0,12.085999999999984
LLLTALLLALLFGLLASLILI_1,110011001100110000,1,-60.3539,-60.3539,-60.3539,-224.633,-222.265,-238.006,-355.231,4481.31,3842.31,3680.11,-11.3251,-5.73495,-81.5695,-78.3478,-56.8714,-36.0135,81.2005,-33.9618,8.08814,2.86409,2.5821,-6.87256,-32.2864,71.771,-35.0,-362.245,7.3393,1.03204,0.608604,1,LLLTALLLALLFGLLASLILI,TALLLALLFGLLASL,0.3007445950941025,0.0159454753499762,G,-17.14693804,-24.698100000000004,0.0,13.37299999999999
LLLTGLLFILLAILLSLLILI_1,110011001100110000,1,-60.4367,-60.7147,-60.3201,-230.38,-223.276,-248.895,-368.85,4679.44,3860.3,3696.26,-11.3076,792.632,-89.3405,707.773,-59.635,-77.1762,59.1784,-42.0624,8.55473,6.06551,5.45318,574.116,-69.3499,66.3154,-44.3229,576.933,7.423,5.85507,5.3498,1,LLLTGLLFILLAILLSLLILI,TGLLFILLAILLSLL,0.2053391549569247,0.0016908765540914,G,99999900.0,-29.705500000000008,-0.11660000000000537,18.515000000000015
LLLTALLLALLAGLLFSLILI_1,110011001100110000,1,-60.3539,-60.3539,-60.3539,-221.105,-219.037,-238.365,-353.422,4522.4,3735.01,3653.76,-11.2808,-1.57143,-83.244,-75.6025,-54.7037,-34.8494,72.1998,-36.1441,7.33831,1.47438,1.05738,-9.08282,-32.2864,71.771,-35.0,-362.533,7.3393,1.03204,0.608604,1,LLLTALLLALLAGLLFSLILI,TALLLALLAGLLFSL,0.2317628848048249,0.0209334076441668,G,-25.05661163,-28.540300000000002,0.0,17.26000000000002
LLLLALLFALLGILLITLILI_1,110011001100110000,1,-58.8314,-58.8314,-58.8314,-228.079,-221.267,-239.429,-356.691,4549.9,3760.97,3658.81,-11.2625,31.166,-81.0428,-45.4259,-58.4305,-64.1085,64.961,-37.8393,7.71012,4.88601,4.36043,37.1205,-58.8131,62.5969,-39.1181,-314.748,7.175,3.77255,3.2115,1,LLLLALLFALLGILLITLILI,LALLFALLGILLITL,0.297449894506083,0.0146668524352358,D,-24.73814986,-22.612299999999998,0.0,11.349999999999994
LLLTLLLIILLGFLLSVLILI_2,110011001100110000,1,-60.3585,-58.0689,-60.2282,-226.161,-224.268,-247.936,-369.649,4626.66,3970.0,3565.64,-11.1773,312199.0,-94.3065,312112.0,-61.4851,-71.6868,44.8204,-54.1636,8.23481,3.30378,2.47608,274357.0,-85.9497,42.6517,-45.0,311803.0,6.5506,5.15043,4.2902,2,LLLTLLLIILLGFLLSVLILI,TLLLIILLGFLLSVL,0.1794858069567446,0.0142991823613586,G,19142500000000.0,-32.8214,-0.1302999999999983,21.775000000000006
LLLVALLATLLGSLLGTLILI_2,110011001100110000,1,-90.853,-90.8114,-87.858,-216.117,-214.8,-230.462,-367.43,4388.82,3845.36,3717.64,-10.4839,-7.76691,-70.944,-69.5849,-49.1104,-43.0256,70.5268,-48.4734,6.97104,2.47497,2.03287,-2.6488,-36.3206,72.3714,-40.8966,-371.41,7.2598,1.71823,1.3038,2,LLLVALLATLLGSLLGTLILI,VALLATLLGSLLGTL,0.2472230452463621,0.0155069726728529,G,-99.99949446,-21.833600000000004,-2.9949999999999903,14.344999999999999
LLLFYLLIVLLGLLLGTLILI_2,110011001100110000,1,-58.7456,-67.6935,-58.7456,-229.066,-220.252,-244.344,-341.988,4674.61,3943.59,3625.79,-9.95414,1491.16,-64.1312,1437.11,-38.899,-61.2415,64.7458,-51.5919,9.10331,4.4269,3.89809,1160.28,-70.5949,52.7477,-43.07,1149.17,6.8566,4.21018,3.5014,2,LLLFYLLIVLLGLLLGTLILI,FYLLIVLLGLLLGTL,0.0814832475655291,0.0036475519577761,G,99999900.0,-25.232200000000006,0.0,15.277999999999992
LLLYVLLGLLLIFLLSTLILI_1,110011001100110000,1,-74.1432,-74.0882,-74.0812,-252.743,-251.855,-252.427,-366.73,4666.42,4405.13,3676.19,-9.88099,333500.0,-49.725,333459.0,-40.2217,-92.3071,47.7473,-49.5649,10.4491,6.79194,6.00815,166344.0,-92.7718,28.0376,-44.4465,333422.0,7.5,4.20084,3.1214,1,LLLYVLLGLLLIFLLSTLILI,YVLLGLLLIFLLSTL,0.2649987562968744,0.0361698743188579,G,99999900.0,-9.503300000000003,-0.06199999999999761,-0.3160000000000025
LLLLVLLTGLLFILLYALILI_0,110011001100110000,1,-58.7605,-58.7605,-58.7605,-231.874,-225.226,-245.714,-349.606,4663.6,3995.5,3678.4,-9.72487,1150.74,-68.6966,1085.12,-45.1312,-28.6364,88.8932,-43.88,9.1475,2.79603,2.62943,1060.69,-36.3206,72.3714,-40.8966,801.135,7.2598,1.71823,1.3038,0,LLLLVLLTGLLFILLYALILI,LVLLTGLLFILLYAL,0.1077929691179725,0.0134933682925397,G,6.354066609,-23.565400000000004,0.0,13.840000000000003
LLLYLLLGALLIVLLSTLILI_0,110011001100110000,1,-74.1216,-75.1694,-74.1216,-234.561,-223.383,-246.868,-373.033,4642.32,4027.51,3694.3,-9.60858,3264.23,-73.959,3189.75,-52.0436,-65.5276,87.0425,-53.3208,8.3869,8.07988,7.88552,1759.06,-68.8165,69.6202,-43.3499,2891.19,7.0847,6.2212,5.7655,0,LLLYLLLGALLIVLLSTLILI,YLLLGALLIVLLSTL,0.0396808394566844,0.0044733522819972,G,-15.70352096,-21.915400000000005,0.0,12.306999999999988
LLLTALLAGLLALLLSVLILI_1,110011001100110000,1,-60.3478,-60.2509,-60.3184,-222.083,-218.747,-238.898,-369.105,4493.44,3749.91,3678.39,-9.39055,-5.31563,-96.0642,-95.4223,-69.8882,-73.9719,75.1385,-43.3796,7.56617,7.73948,7.36656,-5.25872,-68.8165,69.6202,-43.3499,-375.033,7.0847,6.2212,5.7655,1,LLLTALLAGLLALLLSVLILI,TALLAGLLALLLSVL,0.3070823117024665,0.0094455386791688,G,16.06184064,-26.176000000000002,-0.029400000000002535,16.814999999999998
LLLAFLLGTLLIVLLGLLILI_2,110011001100110000,1,-58.7211,-58.7457,-58.7211,-231.802,-228.449,-239.054,-349.283,4609.41,3941.33,3494.18,-9.30855,3112380.0,-68.0684,3112320.0,-51.5078,-89.8827,60.4856,-40.7771,9.49024,8.14796,7.55524,2016100.0,-92.5815,39.7325,-40.3169,3140720.0,6.7382,5.75111,4.8471,2,LLLAFLLGTLLIVLLGLLILI,AFLLGTLLIVLLGLL,0.2025373176987345,0.0125261463767306,G,99999900.0,-16.560599999999994,0.0,7.2520000000000095
LLLAYLLGTLLGILLILLILI_2,110011001100110000,1,-58.7536,-53.7255,-58.7536,-229.469,-227.867,-244.535,-361.759,4549.94,3725.04,3521.76,-9.25155,1605.16,-82.7874,1524.99,-58.4699,-70.0391,64.4334,-46.5302,8.30444,5.70438,5.17088,395.344,-71.7752,52.5548,-41.6943,76.6401,6.762,4.36118,3.6495,2,LLLAYLLGTLLGILLILLILI,AYLLGTLLGILLILL,0.4454944168848891,0.0603323421755224,G,20581600000000.0,-24.317500000000003,0.0,15.066000000000003
LLLAYLLILLLGTLLSFLILI_0,110011001100110000,1,-73.6293,-81.3526,-74.0929,-227.717,-225.449,-247.131,-363.7,4637.16,3890.31,3611.58,-9.17445,3190940.0,-71.5275,3190880.0,-42.476,-75.7517,54.2722,-45.3107,8.49205,5.18951,4.50359,2783840.0,-80.4387,52.288,-45.0,3190580.0,6.6037,5.62468,4.909,0,LLLAYLLILLLGTLLSFLILI,AYLLILLLGTLLSFL,0.2655933459220161,0.0325844456239226,G,99999900.0,-29.051500000000004,0.46359999999999957,19.413999999999987
LLLAFLLGVLLITLLGLLILI_0,110011001100110000,1,-58.7088,-54.5449,-58.7088,-233.304,-218.74,-239.041,-349.236,4610.47,4037.4,3537.5,-9.10985,2826350.0,-66.3333,2826270.0,-51.4866,-87.3337,64.7694,-46.3614,10.2851,8.34392,7.81546,1181840.0,-92.5815,39.7325,-40.3169,2826000.0,6.7382,5.75111,4.8471,0,LLLAFLLGVLLITLLGLLILI,AFLLGVLLITLLGLL,0.5119534616919553,0.0366629873618192,D,-40.61277414,-14.846699999999991,0.0,5.736999999999995
LLLTILLLALLFGLLFALILI_0,110011001100110000,1,-44.9597,-44.9597,-44.9597,-223.24,-218.15,-243.013,-338.805,4599.5,3692.62,3526.31,-8.89567,333.136,-79.5009,257.441,-50.8326,-33.5531,78.0101,-41.4099,8.01255,2.06433,1.73448,170.773,-33.5044,71.7656,-37.0663,-5.66939,7.3729,1.21402,0.790504,0,LLLTILLLALLFGLLFALILI,TILLLALLFGLLFAL,0.2826932590431988,0.0368893620564575,G,-19.42737823,-28.668300000000002,0.0,19.772999999999996
LLLTVLLGALLIILLSLLILI_0,110011001100110000,1,-60.2863,-66.2589,-60.2863,-229.323,-225.417,-243.643,-380.199,4541.31,3830.01,3640.2,-8.83772,106689.0,-99.4279,106600.0,-76.2701,-75.0411,66.4377,-34.3756,9.17514,6.72525,6.22182,91944.1,-63.7261,69.6712,-42.7158,106309.0,7.3752,5.46453,5.0096,0,LLLTVLLGALLIILLSLLILI,TVLLGALLIILLSLL,0.2530641811394851,0.0153352842819575,G,-65.10043196,-23.157799999999995,0.0,14.319999999999993
LLLYVLLITLLGLLLGFLILI_2,110011001100110000,1,-56.4469,-56.2568,-58.7168,-226.605,-223.196,-249.099,-347.143,4666.61,4038.49,3687.0,-8.66286,54.1111,-72.7534,-13.5789,-39.3263,-61.2503,51.3806,-48.0826,6.84881,2.62392,1.89463,47.0226,-65.7313,50.1254,-42.5945,-164.371,6.5,3.12662,2.3785,2,LLLYVLLITLLGLLLGFLILI,YVLLITLLGLLLGFL,0.1608444733189779,0.0158676722503886,G,99999900.0,-33.427099999999996,2.2699,22.494
LLLAFLLIILLGVLLGLLILI_2,110011001100110000,1,-44.9385,-51.2728,-44.9385,-226.611,-219.065,-239.829,-344.181,4584.87,4003.79,3546.5,-8.63742,49448.1,-81.269,49374.3,-59.4128,-78.0185,52.6711,-47.8638,9.86242,5.31337,4.60344,45224.6,-82.2405,38.4729,-43.0414,49103.9,7.0713,4.02991,3.107,2,LLLAFLLIILLGVLLGLLILI,AFLLIILLGVLLGLL,0.3322970911887491,0.0464038306251869,G,16078300000000.0,-21.85620000000001,0.0,13.218000000000018
LLLAFLLGLLLITLLSVLILI_0,110011001100110000,1,-74.0328,-79.3312,-74.0328,-232.819,-217.33,-242.215,-368.058,4564.04,3994.67,3576.07,-8.55416,4023.33,-69.7606,3951.93,-51.8098,-90.8358,57.2799,-36.1561,10.3748,7.85815,7.21735,4006.91,-93.3149,36.1864,-38.6864,3655.27,7.4748,5.3824,4.4252,0,LLLAFLLGLLLITLLSVLILI,AFLLGLLLITLLSVL,0.2262829030115826,0.0300888823915406,G,-23.96659345,-17.950799999999994,0.0,9.396000000000015
LLLTGLLAGLLAILLSLLILI_0,110011001100110000,1,-61.8193,-61.4463,-60.3201,-222.388,-220.293,-241.537,-370.585,4455.5,3726.38,3760.17,-8.4134,-5.10038,-94.7914,-93.9462,-68.728,-64.9207,77.8649,-44.0498,7.4079,6.74988,6.41785,-5.06346,-69.3499,66.3154,-44.3229,-375.686,7.423,5.85507,5.3498,0,LLLTGLLAGLLAILLSLLILI,TGLLAGLLAILLSLL,0.1305605022875788,0.0109530509591083,G,-32.80652643,-26.0634,-1.4992000000000019,19.149
LLLTFLLGLLLIVLLAILILI_2,110011001100110000,1,-44.9935,-49.5496,-44.9935,-238.085,-231.263,-248.059,-356.907,4618.57,4052.95,3559.95,-8.37907,32004.5,-82.2075,31928.4,-63.8543,-81.7552,56.7688,-32.0031,11.1132,6.42707,5.7786,22213.6,-75.4208,48.7219,-40.9997,31647.6,7.4067,4.39057,3.6214,2,LLLTFLLGLLLIVLLAILILI,TFLLGLLLIVLLAIL,0.5686157549020231,0.0388678770441087,D,-49.99767151,-18.353199999999994,0.0,9.97399999999999
LLLATLLVGLLFILLGTLILI_2,110011001100110000,1,-58.7666,-59.8364,-58.7666,-223.225,-223.425,-243.423,-345.753,4560.42,3870.66,3538.96,-7.74372,56.8323,-71.5045,-5.65929,-43.5628,-44.3022,66.5241,-43.5584,8.36022,2.12608,1.62394,49.3157,-39.5918,66.1876,-38.1472,-299.673,7.1158,1.37409,0.866903,2,LLLATLLVGLLFILLGTLILI,ATLLVGLLFILLGTL,0.264834974914971,0.0272046023034321,G,-38.98891851,-27.94169999999999,0.0,20.198000000000008
LLLAGLLILLLGVLLATLILI_0,110011001100110000,1,-58.8369,-63.7245,-58.8369,-220.151,-215.106,-234.374,-358.671,4518.04,3839.22,3652.07,-7.72952,1569.56,-87.4118,1489.72,-65.4595,-69.5516,67.4674,-33.3607,8.65682,6.04085,5.55286,1487.53,-73.6779,53.5881,-38.6441,1210.88,7.4088,4.78608,4.0899,0,LLLAGLLILLLGVLLATLILI,AGLLILLLGVLLATL,0.2960452387408732,0.027001832972179,G,-6.069533837,-21.952299999999994,0.0,14.222999999999985
LLLYVLLALLLITLLGFLILI_1,110011001100110000,1,-58.7232,-51.605,-58.7232,-246.047,-238.157,-250.379,-351.318,4688.59,4263.8,3580.43,-7.55364,63612.9,-54.1021,63551.3,-42.2162,-71.8218,49.8929,-41.482,10.2427,4.00881,3.2572,57287.3,-71.1719,34.5088,-41.0473,64230.1,6.9662,1.83447,0.852102,1,LLLYVLLALLLITLLGFLILI,YVLLALLLITLLGFL,0.1064321799657598,0.0111481701464986,G,20896100000000.0,-11.8859,0.0,4.331999999999994
LLLTVLLLGLLFILLFALILI_2,110011001100110000,1,-44.9318,-44.9318,-44.9318,-233.213,-228.825,-246.672,-342.568,4649.64,4036.2,3628.02,-7.43958,2228.62,-71.8633,2159.81,-50.9647,-32.3441,78.5434,-45.3212,9.16434,1.95498,1.63313,1965.16,-30.525,71.559,-44.3251,1886.06,7.1169,0.739215,0.3126,2,LLLTVLLLGLLFILLFALILI,TVLLLGLLFILLFAL,0.2066000911420009,0.0277767112300463,G,-49.41812847,-20.898599999999995,0.0,13.459000000000003
LLLTALLAGLLFGLLVLLILI_2,110011001100110000,1,-44.9826,-44.9826,-44.9826,-218.951,-221.779,-240.957,-277.444,4562.72,3792.44,3752.95,-7.24518,-6.5143,-20.7556,-17.1972,8.49496,-40.5356,68.3676,-35.2946,7.40751,1.80996,1.33548,-5.1509,-44.147,67.923,-36.7071,-284.075,7.5,2.29165,1.81049,2,LLLTALLAGLLFGLLVLLILI,TALLAGLLFGLLVLL,0.2283655974492304,0.0157800042045359,G,0.605840557,-29.25056,0.0,22.006
LLLYVLLITLLGFLLSLLILI_0,110011001100110000,1,-74.0677,-76.2624,-74.0677,-242.672,-228.176,-252.24,-365.774,4693.77,4119.38,3696.09,-7.11338,710494.0,-56.1478,710432.0,-39.466,-91.3817,48.7873,-31.1253,10.0015,6.79353,6.02534,227912.0,-95.1525,31.2122,-44.0738,710128.0,7.3447,4.98652,3.9547,0,LLLYVLLITLLGFLLSLLILI,YVLLITLLGFLLSLL,0.3082983453242767,0.0137509858959212,G,99999900.0,-16.681799999999996,0.0,9.568000000000012
LLLAYLLIVLLGLLLGFLILI_0,110011001100110000,1,-44.9604,-53.6273,-44.9604,-229.557,-226.288,-243.225,-336.747,4628.15,3928.81,3440.56,-6.57834,20360.4,-68.808,20303.5,-48.5611,-72.1052,44.1494,-46.1054,9.20683,3.27594,2.43818,18023.7,-78.3342,38.1851,-39.2997,20023.6,6.6883,3.40512,2.4779,0,LLLAYLLIVLLGLLLGFLILI,AYLLIVLLGLLLGFL,0.5881585568120139,0.0413992578478413,D,-85.92815188,-20.246900000000004,0.0,13.668000000000006
LLLGLLLGALLITLLSFLILI_0,110011001100110000,1,-74.0016,-58.9862,-74.0016,-223.763,-219.257,-240.634,-365.239,4501.16,3950.2,3535.73,-6.5212,18237.0,-73.9957,18150.0,-50.6033,-58.4315,86.2458,-31.6489,8.66422,6.90791,6.7016,17242.6,-70.6341,63.5646,-35.8262,17871.8,6.7474,5.67633,5.1298,0,LLLGLLLGALLITLLSFLILI,GLLLGALLITLLSFL,0.3270089315077877,0.0191823401006173,G,21.90050398,-23.392400000000002,0.0,16.87099999999998
LLLAILLYLLLGTLLSFLILI_1,110011001100110000,1,-74.1125,-62.7743,-74.1125,-231.277,-228.551,-245.323,-364.178,4579.03,3945.16,3605.6,-6.50961,56.4148,-65.2984,-16.4384,-44.7425,-68.1587,67.6231,-40.5548,9.41554,5.85292,5.36727,36.6229,-65.1522,61.6911,-42.5151,-320.572,7.5,4.60113,4.0265,1,LLLAILLYLLLGTLLSFLILI,AILLYLLLGTLLSFL,0.194914806715302,0.0264226464894575,G,10741700000000.0,-20.5559,0.0,14.04600000000002
LLLALLLGLLLIVLLGTLILI_1,110011001100110000,1,-58.7607,-58.7607,-58.7607,-229.342,-225.174,-237.083,-368.3,4542.26,4051.84,3449.62,-6.48871,7258.07,-86.6864,7173.71,-72.4564,-90.0266,66.0629,-36.881,10.2301,8.92249,8.41343,6682.8,-81.7407,58.0906,-35.0,15277.0,6.5862,6.60334,5.9747,1,LLLALLLGLLLIVLLGTLILI,ALLLGLLLIVLLGTL,0.335246728028754,0.0166981766178823,D,19.45892026,-14.230000000000004,0.0,7.7409999999999854
LLLTALLIGLLFILLVLLILI_1,110011001100110000,1,-44.9826,-44.9826,-44.9826,-231.413,-229.036,-247.133,-357.136,4659.4,3914.77,3688.25,-6.17722,248.508,-86.9173,165.391,-65.0205,-46.5744,75.0075,-40.9317,8.84552,3.61218,3.23729,246.177,-44.147,67.923,-36.7071,106.437,7.5,2.29165,1.81049,1,LLLTALLIGLLFILLVLLILI,TALLIGLLFILLVLL,0.1993289339599805,0.022529533653853,G,-31.03942291,-21.8968,0.0,15.719999999999999
LLLYFLLIVLLGLLLGTLILI_0,110011001100110000,1,-58.7556,-60.3331,-58.7556,-229.826,-223.333,-249.488,-344.932,4747.91,3934.33,3572.54,-5.66003,135.523,-62.0099,74.2571,-36.6881,-70.5357,36.3611,-46.6212,8.19225,1.9891,1.03452,134.166,-71.1719,34.5088,-41.0473,-209.409,6.9662,1.83447,0.852102,0,LLLYFLLIVLLGLLLGTLILI,YFLLIVLLGLLLGTL,0.4363245944771458,0.0215058633707022,D,-49.08386457,-25.321800000000003,0.0,19.662000000000006
LLLAVLLGLLLIFLLSTLILI_1,110011001100110000,1,-74.143,-74.0932,-74.0809,-237.167,-229.475,-241.843,-371.421,4511.81,4112.51,3600.67,-5.64175,67500.2,-65.7524,67432.4,-55.4964,-91.1292,65.4604,-40.0134,10.8583,9.00653,8.48843,58861.7,-93.3512,41.9135,-44.1361,74856.7,7.4044,6.161,5.2897,1,LLLAVLLGLLLIFLLSTLILI,AVLLGLLLIFLLSTL,0.2981483507961758,0.0221389622404578,G,10.45334406,-10.255999999999993,-0.06210000000000093,4.675999999999988
LLLAFLLGILLILLLGTLILI_0,110011001100110000,1,-58.7173,-62.1836,-58.7173,-230.637,-224.188,-240.52,-351.386,4615.2,3911.08,3470.0,-5.50983,7475140.0,-67.5409,7475070.0,-52.1487,-67.5926,51.9318,-38.9345,9.88384,3.64968,2.92865,6323960.0,-72.6874,32.4259,-40.8381,7474790.0,7.0033,1.78061,0.766999,0,LLLAFLLGILLILLLGTLILI,AFLLGILLILLLGTL,0.4820709704559688,0.0338864369140086,D,-34.21329088,-15.392199999999995,0.0,9.88300000000001
LLLLTLLVILLFALLSILILI_0,110011001100110000,1,-60.4426,-62.8778,-60.4426,-233.222,-224.93,-246.381,-370.328,4592.39,4048.82,3663.55,-5.37339,423.81,-82.0368,341.29,-63.5043,-36.0293,86.9729,-40.3504,9.64188,3.64573,3.45032,369.703,-38.5963,75.2623,-37.139,53.4819,7.5,2.44986,2.0788,0,LLLLTLLVILLFALLSILILI,LTLLVILLFALLSIL,0.0741128700972023,0.0070283839476077,G,99999900.0,-18.5325,0.0,13.158999999999992
LLLTALLIGLLAGLLVLLILI_0,110011001100110000,1,-44.9826,-44.9826,-44.9826,-217.17,-217.026,-236.853,-341.029,4481.89,3821.53,3784.67,-5.2589,-4.43331,-84.1356,-83.4536,-59.1931,-43.5805,69.4003,-37.7869,7.4583,2.40611,1.94712,-4.48133,-44.147,67.923,-36.7071,-345.462,7.5,2.29165,1.81049,0,LLLTALLIGLLAGLLVLLILI,TALLIGLLAGLLVLL,0.321188567428248,0.0259002555446059,G,-7.523784847,-24.942499999999995,0.0,19.68300000000002
LLLYFLLGTLLIVLLALLILI_2,110011001100110000,1,-58.7627,-63.0537,-58.7627,-234.041,-230.962,-250.798,-348.938,4766.38,4124.64,3657.08,-5.14561,581484.0,-61.2794,581429.0,-39.377,-67.9693,48.3261,-31.8219,9.9169,3.21941,2.4443,581365.0,-70.6256,40.5984,-41.2559,581135.0,6.8843,2.57462,1.6836,2,LLLYFLLGTLLIVLLALLILI,YFLLGTLLIVLLALL,0.2087422831819333,0.014716115840442,D,99999900.0,-21.9024,0.0,16.757000000000005
LLLYLLLGILLITLLAFLILI_0,110011001100110000,1,-58.7109,-49.9616,-58.7109,-240.437,-233.174,-251.334,-354.384,4709.3,4149.98,3601.54,-4.75008,746541.0,-59.9866,746470.0,-44.3397,-71.8692,50.8075,-33.2731,10.0567,4.13938,3.40149,722798.0,-70.6256,40.5984,-41.2559,746187.0,6.8843,2.57462,1.6836,0,LLLYLLLGILLITLLAFLILI,YLLLGILLITLLAFL,0.1869891993505664,0.0082347586449316,D,-39.35040285,-15.646900000000002,0.0,10.896999999999991
LLLYVLLGLLLITLLAFLILI_0,110011001100110000,1,-58.7144,-48.9689,-58.7144,-242.586,-230.122,-250.407,-351.611,4685.85,4284.01,3621.94,-4.62862,27843.4,-54.9392,27770.9,-42.4896,-73.3104,62.9684,-31.0428,11.0029,5.99728,5.44181,24069.8,-68.9875,54.3485,-39.7512,27491.8,6.8746,4.18517,3.5004,0,LLLYVLLGLLLITLLAFLILI,YVLLGLLLITLLAFL,0.2151051796364331,0.0132262677533715,D,31.01958209,-12.449599999999997,0.0,7.820999999999998
LLLAFLLIILLGLLLGTLILI_1,110011001100110000,1,-58.7173,-59.8119,-58.7173,-221.909,-220.474,-240.425,-351.746,4588.83,3837.25,3512.31,-4.50493,351.579,-75.6252,280.119,-52.6036,-70.0482,37.2952,-41.7647,8.84853,2.04207,1.1015,353.464,-72.6874,32.4259,-40.8381,17.2636,7.0033,1.78061,0.766999,1,LLLAFLLIILLGLLLGTLILI,AFLLIILLGLLLGTL,0.4423418547944248,0.0337860330667097,D,-72.93826538,-23.021600000000007,0.0,18.51600000000002
LLLAYLLGVLLILLLAFLILI_1,110011001100110000,1,-44.9245,-44.9245,-44.9245,-238.343,-231.178,-246.546,-343.245,4626.78,3966.36,3585.12,-4.45478,853358.0,-64.4323,853291.0,-51.7745,-88.4445,73.7285,-35.7063,9.66396,9.72002,9.32595,444347.0,-91.43,48.2927,-36.5962,273777.0,7.0472,6.73401,5.9584,1,LLLAYLLGVLLILLLAFLILI,AYLLGVLLILLLAFL,0.3181182868714603,0.0186625090271748,D,-53.99739935,-12.657799999999995,0.0,8.203000000000003
LLLLTLLVALLAILLFSLILI_0,110011001100110000,1,-60.3111,-50.5337,-60.3111,-226.28,-223.845,-242.417,-364.625,4603.07,3958.45,3643.38,-4.40978,1609.93,-82.4445,1519.68,-61.8971,-32.0826,81.3559,-44.9147,9.28858,2.29544,2.01578,1430.12,-35.1672,74.1308,-38.712,1245.31,7.5,1.78274,1.3947,0,LLLLTLLVALLAILLFSLILI,LTLLVALLAILLFSL,0.23102382076761,0.0198594317939864,G,-46.06162493,-20.547400000000003,0.0,16.137
LLLAYLLILLLGVLLGTLILI_2,110011001100110000,1,-58.7057,-66.1175,-58.7057,-220.307,-218.823,-241.624,-355.111,4580.53,3873.4,3555.31,-4.24846,341678.0,-80.3472,341607.0,-54.7818,-73.852,54.0043,-44.4069,8.68451,4.86838,4.17844,148386.0,-80.1891,50.0903,-39.6088,341323.0,6.6695,5.29055,4.5419,2,LLLAYLLILLLGVLLGTLILI,AYLLILLLGVLLGTL,0.603410912874203,0.0443508305100721,D,-77.20496241,-25.565400000000004,0.0,21.317000000000007
LLLYGLLFLLLIVLLATLILI_2,110011001100110000,1,-58.8381,-61.4623,-58.8381,-239.816,-235.482,-250.966,-350.777,4729.23,4222.88,3672.0,-4.02797,22363.4,-56.1506,22309.5,-40.9728,-74.5269,47.5559,-35.1634,11.0545,4.09908,3.31241,17255.2,-73.2508,43.1479,-42.798,22012.6,7.4823,3.31258,2.4598,2,LLLYGLLFLLLIVLLATLILI,YGLLFLLLIVLLATL,0.3870783316671284,0.0243600830352933,D,-5.579435486,-15.177799999999998,0.0,11.150000000000006
LLLTILLYVLLGLLLAFLILI_1,110011001100110000,1,-44.9993,-45.9697,-44.9993,-233.023,-226.622,-250.336,-347.271,4630.24,4173.08,3670.45,-3.95771,125.624,-73.2059,50.9442,-51.9351,-56.9686,70.1546,-52.3167,9.14302,4.51616,4.06848,124.322,-69.3266,52.1387,-41.8459,-222.886,7.431,3.93772,3.2198,1,LLLTILLYVLLGLLLAFLILI,TILLYVLLGLLLAFL,0.3907196270423926,0.0249204657428668,G,19085000000000.0,-21.2708,0.0,17.313000000000017
LLLAYLLGVLLILLLSFLILI_0,110011001100110000,1,-61.6185,-69.3666,-60.3304,-232.921,-225.894,-248.232,-358.232,4630.04,4046.37,3622.73,-3.90091,411426.0,-67.5938,411363.0,-49.6694,-72.7708,74.9681,-40.3339,9.95075,7.53632,7.16085,240508.0,-85.0833,46.26,-43.2731,411068.0,7.339,5.5076,4.7015,0,LLLAYLLGVLLILLLSFLILI,AYLLGVLLILLLSFL,0.1151365824096462,0.0114061276760538,G,19164800000000.0,-17.9244,-1.2881,15.311000000000007
LLLAYLLAVLLGLLLIFLILI_2,110011001100110000,1,-44.9566,-48.7647,-44.9566,-237.967,-225.983,-245.604,-343.651,4613.23,4179.15,3483.79,-3.82562,21587200.0,-64.5529,21587100.0,-53.0904,-82.4354,59.398,-43.568,10.7397,6.88404,6.27501,16785100.0,-76.6711,46.9516,-39.8118,21586900.0,7.5,4.33913,3.5434,2,LLLAYLLAVLLGLLLIFLILI,AYLLAVLLGLLLIFL,0.3800606126452123,0.0198668979072233,D,-59.70235639,-11.462499999999991,0.0,7.6370000000000005
LLLYVLLILLLGTLLAFLILI_0,110011001100110000,1,-58.7144,-66.4517,-58.7144,-232.926,-228.26,-250.283,-351.773,4689.37,4173.44,3631.34,-3.82046,7316.58,-63.9529,7259.52,-42.7749,-76.6015,44.3661,-47.0516,8.60936,3.97964,3.14513,6992.86,-68.9875,54.3485,-39.7512,6964.8,6.8746,4.18517,3.5004,0,LLLYVLLILLLGTLLAFLILI,YVLLILLLGTLLAFL,0.3102687758794792,0.0179379093227299,D,9286400000000.0,-21.177999999999997,0.0,17.357
LLLALLLGALLITLLSFLILI_0,110011001100110000,1,-73.9598,-66.0768,-73.9598,-223.78,-218.528,-238.601,-366.754,4539.96,3867.36,3556.16,-3.7946,48383.1,-72.8088,48301.0,-54.1925,-77.8208,67.2398,-40.5375,8.82011,7.2505,6.75909,42852.3,-74.197,65.2656,-42.419,48016.4,6.5325,6.44041,5.91939,0,LLLALLLGALLITLLSFLILI,ALLLGALLITLLSFL,0.2221203095190168,0.0262466212121201,G,4.118293094,-18.616300000000003,0.0,14.820999999999998
LLLLVLLGALLITLLSFLILI_1,110011001100110000,1,-74.0199,-63.2144,-74.0199,-228.366,-222.767,-240.866,-367.762,4594.7,4114.6,3663.69,-3.61935,42739.9,-68.9955,42658.1,-52.8755,-57.8897,86.9435,-51.445,8.82307,6.92082,6.72497,38163.0,-62.3587,69.782,-39.5227,43041.4,7.3379,5.27437,4.8211,1,LLLLVLLGALLITLLSFLILI,LVLLGALLITLLSFL,0.1447412188192945,0.0035790087709823,G,99999900.0,-16.120000000000005,0.0,12.5
LLLTLLLIVLLGFLLGILILI_0,110011001100110000,1,-44.9313,-50.1775,-44.9313,-227.621,-218.199,-244.851,-349.607,4589.16,4091.74,3550.92,-3.34505,285816.0,-80.3996,285735.0,-59.8241,-78.8747,49.1036,-53.1976,9.18796,4.9602,4.19676,277432.0,-90.0074,38.3333,-42.1317,285467.0,6.7822,5.1761,4.2511,0,LLLTLLLIVLLGFLLGILILI,TLLLIVLLGFLLGIL,0.2805501847336257,0.0332990560827891,G,-50.78322408,-20.575500000000005,0.0,17.22999999999999
LLLTALLLALLFILLFSLILI_0,110011001100110000,1,-60.3539,-60.3539,-60.3539,-230.931,-230.947,-248.697,-359.571,4618.89,3937.52,3654.01,-2.98714,978.029,-71.2734,909.758,-50.5208,-24.9412,81.4961,-38.1186,9.48752,1.24315,0.965594,870.568,-32.2864,71.771,-35.0,618.458,7.3393,1.03204,0.608604,0,LLLTALLLALLFILLFSLILI,TALLLALLFILLFSL,0.2030695754242091,0.0112671284339252,G,99999900.0,-20.752599999999994,0.0,17.76599999999999
LLLVALLALLLITLLSFLILI_0,110011001100110000,1,-74.0748,-56.4889,-74.0748,-233.82,-227.547,-242.627,-374.549,4579.48,4233.33,3576.03,-2.74672,23675.2,-69.4006,23584.6,-57.8471,-69.0626,55.497,-36.4734,10.4443,4.35148,3.68394,19687.8,-68.1464,52.7276,-38.529,23300.6,6.6534,3.84019,3.1311,0,LLLVALLALLLITLLSFLILI,VALLALLLITLLSFL,0.1526918106932907,0.0141086976815512,G,-0.852329773,-11.5535,0.0,8.807000000000016
LLLYVLLFLLLGALLITLILI_2,110011001100110000,1,-58.7437,-53.8072,-58.7437,-233.002,-225.226,-250.135,-351.721,4693.42,4091.52,3656.43,-2.43313,82831.8,-62.4086,82759.1,-42.8424,-37.6592,74.1167,-40.0129,8.98902,2.15463,1.76638,80285.8,-41.6132,59.4908,-39.8529,82480.0,6.5091,0.773238,0.1656,2,LLLYVLLFLLLGALLITLILI,YVLLFLLLGALLITL,0.1244546036219599,0.0161540529270045,G,18998400000000.0,-19.566200000000002,0.0,17.13299999999998
LLLTFLLILLLGYLLSVLILI_2,110011001100110000,1,-60.1731,-63.637,-60.1731,-230.568,-223.475,-251.313,-360.607,4623.1,3977.96,3643.33,-2.22142,16342.1,-72.088,16268.6,-49.1213,-78.3625,57.245,-48.607,9.62964,5.98244,5.34112,12400.6,-85.0833,46.26,-43.2731,15981.5,7.339,5.5076,4.7015,2,LLLTFLLILLLGYLLSVLILI,TFLLILLLGYLLSVL,0.6247755014529213,0.0508506149059536,G,-30.28712134,-22.966699999999996,0.0,20.744999999999976
LLLLTLLVILLFALLYGLILI_1,110011001100110000,1,-44.9471,-48.9606,-44.9471,-230.882,-223.415,-246.111,-340.286,4685.4,4100.92,3658.71,-2.10123,563.375,-66.5582,495.463,-49.2284,-31.5881,84.5656,-55.588,9.13572,2.65457,2.42306,487.71,-33.3677,74.3197,-39.8132,216.072,7.0315,1.53831,1.15311,1,LLLLTLLVILLFALLYGLILI,LTLLVILLFALLYGL,0.2073954203215008,0.0234075956433177,G,-35.91154629,-17.3298,0.0,15.228999999999985
LLLTFLLIVLLGLLLAILILI_1,110011001100110000,1,-44.9375,-46.3398,-44.9375,-228.382,-218.25,-246.43,-356.389,4627.22,4041.29,3611.56,-2.06439,9749.82,-85.1339,9658.02,-65.0218,-77.8885,42.5382,-55.9861,9.00433,3.92593,3.064,7031.43,-80.0044,42.005,-45.0,18842.1,7.041,4.17133,3.3014,1,LLLTFLLIVLLGLLLAILILI,TFLLIVLLGLLLAIL,0.5954838555457524,0.0372097198863104,D,-82.82192124,-20.112099999999998,0.0,18.048000000000002
LLLALLLGFLLITLLGVLILI_2,110011001100110000,1,-58.6797,-50.9334,-58.6797,-220.843,-214.766,-237.995,-351.147,4517.75,3910.69,3422.07,-1.99831,231887.0,-73.6231,231801.0,-54.4732,-71.2098,62.2307,-41.2968,10.689,5.58262,5.01608,202774.0,-82.6456,43.881,-35.0,231536.0,7.5,4.82078,3.979,2,LLLALLLGFLLITLLGVLILI,ALLLGFLLITLLGVL,0.3744622575613466,0.0251915627400685,D,-12.66050128,-19.149899999999995,0.0,17.152000000000015
LLLAYLLFLLLITLLSVLILI_2,110011001100110000,1,-74.0829,-60.8045,-74.0829,-239.757,-234.212,-250.553,-370.421,4657.67,4003.88,3645.3,-1.63649,10146.0,-58.2172,10070.6,-45.7844,-60.9913,64.0354,-31.5732,10.9241,4.29347,3.754,9739.98,-63.9046,49.0674,-38.504,9768.26,7.2583,2.70979,1.9458,2,LLLAYLLFLLLITLLSVLILI,AYLLFLLLITLLSVL,0.1028028185666474,0.0071286584265007,G,99999900.0,-12.4328,0.0,10.795999999999992
LLLTFLLAILLILLLGVLILI_2,110011001100110000,1,-44.9832,-44.9832,-44.9832,-228.848,-225.222,-247.847,-355.414,4661.5,3926.42,3472.99,-1.59874,661013.0,-83.1818,660928.0,-62.584,-64.6523,46.8771,-42.1002,9.74102,2.52625,1.72941,201616.0,-74.241,27.0676,-35.812,660658.0,7.4865,1.29028,0.196294,2,LLLTFLLAILLILLLGVLILI,TFLLAILLILLLGVL,0.4533615628179341,0.0288678936791337,D,-47.02116939,-20.597799999999992,0.0,18.998999999999995
LLLTLLLGLLLIFLLSILILI_1,110011001100110000,1,-60.3659,-60.8307,-60.3038,-237.786,-225.706,-251.444,-379.88,4593.25,4012.63,3572.39,-1.38552,72445.8,-83.1133,72352.5,-68.1318,-86.4353,62.7488,-36.6733,10.5295,7.93638,7.37762,70169.4,-95.1054,38.6706,-41.1733,82012.5,7.1293,5.98634,5.0664,1,LLLTLLLGLLLIFLLSILILI,TLLLGLLLIFLLSIL,0.278073652733973,0.0254601698731206,G,99999900.0,-14.981499999999997,-0.06210000000000093,13.657999999999987
LLLAYLLGLLLIFLLGTLILI_1,110011001100110000,1,-59.4206,-59.6077,-58.747,-234.168,-226.272,-244.821,-345.446,4612.79,4133.76,3473.13,-1.34703,57735.7,-53.204,57676.1,-41.8777,-82.458,58.3735,-37.7825,11.0773,6.74912,6.12472,44025.6,-87.7841,38.6606,-35.7467,57352.4,7.5,4.88679,3.9667,1,LLLAYLLGLLLIFLLGTLILI,AYLLGLLLIFLLGTL,0.3317604730034204,0.0240990380425584,D,-34.61164473,-11.326300000000003,-0.6736000000000004,10.652999999999992
LLLTALLVGLLGLLLIFLILI_1,110011001100110000,1,-44.921,-44.921,-44.921,-232.24,-218.248,-243.75,-350.038,4562.91,4091.53,3774.81,-0.649561,10107.4,-73.5266,10020.5,-61.3662,-50.9333,88.7902,-41.8596,9.06274,6.12667,5.95853,726.077,-48.1591,65.1383,-40.7743,380.561,7.1702,2.51753,1.9946,1,LLLTALLVGLLGLLLIFLILI,TALLVGLLGLLLIFL,0.2447754579008936,0.031440134377178,G,24.33886962,-12.160400000000003,0.0,11.509999999999991
LLLTYLLAILLILLLGFLILI_0,110011001100110000,1,-44.9626,-53.9051,-44.9626,-236.376,-234.736,-255.609,-354.818,4682.73,4120.11,3663.0,-0.599777,34238.1,-74.0789,34172.0,-54.2461,-59.9478,53.6941,-38.7976,10.2546,2.74088,2.04629,34175.5,-61.5471,48.1349,-42.0502,33883.3,7.2784,2.23028,1.4523,0,LLLTYLLAILLILLLGFLILI,TYLLAILLILLLGFL,0.1778042598160147,0.0172583719503709,G,-61.52093086,-19.832800000000006,0.0,19.233000000000004
LLLTVLLAILLILLLGFLILI_2,110011001100110000,1,-44.964,-47.375,-44.964,-231.498,-226.124,-246.196,-358.154,4584.68,4068.22,3610.68,-0.379859,537192.0,-82.0718,537107.0,-66.9936,-66.6006,55.8338,-38.8619,10.1092,4.02765,3.36516,343920.0,-71.1566,42.8294,-43.0573,536834.0,7.0278,2.95546,2.0979,2,LLLTVLLAILLILLLGFLILI,TVLLAILLILLLGFL,0.2847916873511857,0.0194177099936702,D,-10.058874,-15.078199999999995,0.0,14.698000000000008
LLLAYLLIVLLGLLLSFLILI_1,110011001100110000,1,-60.3304,-54.1099,-60.3304,-229.661,-225.43,-246.474,-356.611,4611.54,4165.93,3649.23,-0.350934,13361.4,-66.9712,13284.3,-49.8068,-79.7498,59.2949,-51.5185,9.89807,6.46728,5.8567,7298.19,-85.0833,46.26,-43.2731,38062.9,7.339,5.5076,4.7015,1,LLLAYLLIVLLGLLLSFLILI,AYLLIVLLGLLLSFL,0.4029194719069707,0.0275260280786187,G,9266520000000.0,-17.164399999999993,0.0,16.812999999999988
LLLAALLALLLIVLLGTLILI_1,110011001100110000,1,-58.784,-58.784,-58.784,-227.465,-221.861,-235.369,-363.283,4488.42,4128.5,3525.12,-0.346285,3000.37,-77.3809,2917.73,-69.1306,-85.6075,64.1455,-38.5496,11.107,8.00077,7.46295,2757.26,-78.0946,55.6007,-36.5199,3817.34,7.2728,5.72029,5.0543,1,LLLAALLALLLIVLLGTLILI,AALLALLLIVLLGTL,0.2674788282807321,0.0196506140484292,G,-27.20867735,-8.250299999999996,0.0,7.903999999999996
LLLTFLLGVLLILLLAILILI_2,110011001100110000,1,-44.9375,-49.0126,-44.9375,-232.166,-227.597,-248.571,-357.401,4671.0,3928.11,3583.63,-0.299131,275408.0,-80.5967,275327.0,-63.8923,-80.4774,51.2832,-37.306,9.91871,5.49484,4.76409,204919.0,-80.0044,42.005,-45.0,275050.0,7.041,4.17133,3.3014,2,LLLTFLLGVLLILLLAILILI,TFLLGVLLILLLAIL,0.5894248854386259,0.0397229321824723,D,-65.03312671,-16.7044,0.0,16.405
LLLTLLLILLLGFLLSILILI_0,110011001100110000,1,-60.3038,-63.8213,-60.3038,-236.347,-223.038,-248.22,-378.748,4607.51,4319.02,3586.75,-0.178274,557642.0,-82.2754,557550.0,-70.2248,-100.509,42.0871,-39.4734,10.8309,7.25811,6.38941,244788.0,-95.1054,38.6706,-41.1733,557263.0,7.1293,5.98634,5.0664,0,LLLTLLLILLLGFLLSILILI,TLLLILLLGFLLSIL,0.2962582744241112,0.036966658970767,G,99999900.0,-12.050600000000003,0.0,11.87299999999999
