Sequence,Segments,Fluorescence,FluorStdDev,Rep1-Fluor,Rep2-Fluor,Rep3-Fluor,Sample,Average Percent GpA,LB-12H_M9-24H,LB-12H_M9-36H,LB-24H_M9-24H,LB-24H_M9-36H,LB-36H_M9-24H,LB-36H_M9-36H,std,Percent Error,mean,mean_transformed,Percent GpA,std_adjusted,Type,Mutant Type,percent_wt,wt_seq,position,wt_aa,mut_aa,mut_position,Mutant Type_x,Mutant Type_y
LLLYALLLTLLVALLSFLILI,5.0,23878.932470074647,829.5358374321148,24146.201567453056,24541.887607343087,22948.7082354278,R,92.53258107706326,-63.01974540155821,-62.50079395316568,-46.42958375282987,-45.67781918537794,-32.5252287696967,-31.5783415554211,1126.547937527825,4.744299023990075,23745.29792138544,20540.950335438607,20.53813682914333,974.5241062824998,WT,,41.50013438917847,LLLYALLLTLLVALLSILILI,I16F,I,F,16,,
LLLTALLIALLLVLLSWLILI,4.0,24510.33171013815,1216.8950872649202,24168.80081386431,25861.5001142936,23500.69420225653,R,101.99878022658808,15.018761910567347,10.916269820273548,-13.109990126459484,-16.209185182209776,4.909342231333119,1.1674331762120198,1669.3418694667023,6.763645306209599,24681.097158275068,34970.97807391446,34.96618807805954,2365.3129170319035,WT,,65.27469762388337,LLLTALLIALLLVLLSFLILI,F16W,F,W,16,,
LLLFYLLGVLLILLLASLILI,6.0,18192.10870825325,1774.434856679539,18071.14132962041,20023.93206871673,16481.25272642262,G,-9.273381277077185,-24.997877812952645,-47.99367755301903,-43.32352409244584,-60.70064425835885,-31.64557540730328,-52.603177851685565,2505.0525865056647,13.724366007533323,18252.592397569675,32580.94554821847,33.408345689066394,4471.528215752637,Mutant,,39.37765265873941,LLLFYLLGVLLGLLLASLILI,G11I,G,I,11,clash,clash
LLLTVLLLGLLFILLFALILI,6.0,18790.759052529804,1807.2597297695768,18568.417005881463,20698.902736070588,17104.95741563736,G,0.8649891030535729,-2.071668802226711,-49.41812846700977,4.378723768933788,-46.086376313357086,8.117309696692072,-44.15532458603821,2541.303107291995,13.4446752109106,18901.930075853976,38004.865584871804,38.97000734514674,5109.630742229153,Mutant,,63.46528373486372,LLLTVLLLGLLFGLLFALILI,G12I,G,I,12,clash,clash
LLLALLLGFLLITLLGVLILI,6.0,19120.70905482324,1173.0403730872583,18398.33466186898,20474.1941623108,18489.59834028993,G,15.029522178225994,24.140890442559414,-13.205411863416556,3.1632386214685377,-27.87218800295698,10.954589621946994,-22.424771775287923,1403.321163665448,7.203206225737806,19481.896251300364,42849.32520085544,43.93749305816813,3086.525260554658,Mutant,,41.038304462606135,LLLALLLGFLLGTLLGVLILI,G11I,G,I,11,clash,clash
LLLTVLLIILLGLLLAFLILI,7.0,19557.218660760136,1657.2948904486962,19712.48731358328,21131.41516345765,17827.753505239474,G,13.529217610991928,-31.52938361049712,-51.60030503909503,-44.683821857378746,-60.89875789527145,-37.20654805979771,-55.613311523890864,2336.0415612720653,11.99225569281218,19479.58433434856,42830.01374997661,43.917691188828194,5136.284762163809,Mutant,,59.50378301191732,LLLTVLLGILLGLLLAFLILI,G7I,G,I,7,clash,clash
LLLTALLIGLLFILLVLLILI,6.0,19153.29204264477,1597.130452022252,19766.45999112521,20352.9764644728,17340.439672336302,G,6.37491589382241,-21.443500935685773,-31.03942291085581,-40.230139333101214,-47.53121468979172,-25.38401989021024,-34.49859515467289,2130.185194293685,11.30269109364951,18846.70806840455,37543.59595169642,38.49702367012768,4243.43667586815,Mutant,,74.28561882054643,LLLTALLIGLLFGLLVLLILI,G12I,G,I,12,clash,clash
LLLTFLLAILLILLLGVLILI,6.0,19831.095588903663,996.0939539253114,19859.004566120548,20812.94177401944,18821.34042657101,G,24.14672634076105,7.981770327725542,-33.8086394497429,-13.855942546618364,-47.19486123580625,-0.8524685979984539,-39.22390808392986,1408.274818201049,7.106347030955283,19817.141100295223,45649.626668733465,46.808908785928814,3244.0208894157117,Mutant,,66.86237895778363,LLLTFLLAILLGLLLGVLILI,G11I,G,I,11,clash,clash
LLLTFLLIILLGLLLGVLILI,6.0,19248.65175934456,1586.1193041672775,18763.88990239751,21020.584551466065,17961.480824170092,G,11.731441269926256,-23.554785448223768,-49.34444961982623,-19.294451734297347,-46.5213880279723,-2.759687573566861,-35.56481495954452,2163.112989924025,11.097990673813676,19491.03268781808,42925.641888996775,44.01574782506852,4763.8837335155185,Mutant,,62.87259599768035,LLLTFLLAILLGLLLGVLILI,A7I,A,I,7,clash,clash
LLLTFLLAVLLGILLILLILI,7.0,19346.22591851036,1202.6287672435778,19076.43362515286,20660.83603079072,18301.40809958749,G,15.563220693310464,-32.49257642892657,-50.97639388293472,-38.60983724623473,-55.41872287372106,-25.842068621963783,-46.14682317855497,1668.367489874751,8.56402153988842,19481.122065189105,42842.85842139479,43.930862053448,3669.0716235121504,Mutant,,71.71563009350245,LLLTFLLAVLLGILLGLLILI,G15I,G,I,15,clash,clash
LLLVGLLLILLIALLATLILI,6.0,19342.59097155324,1114.7917786308826,18952.04240525119,20600.11031716516,18475.62019224335,G,16.938898787374068,-18.40412700542825,-42.34457985144077,-42.70430712054832,-59.51502049757635,-16.15361190421649,-40.75437205110664,1502.2413738960668,7.688871605532046,19537.86525470425,43316.83449401087,44.4168748506785,3330.5757878253125,Mutant,,50.38570111444963,LLLVGLLLILLGALLATLILI,G11I,G,I,11,clash,clash
LLLVGLLLILLGILLATLILI,6.0,20938.187179971843,990.8501336314388,21103.74463063861,21835.83032057881,19874.98658869809,G,42.25677957541488,-7.825979538854735,-29.76331672753843,-36.35863296539299,-51.50522330399572,-22.389475214591613,-40.8607130220592,1386.5258996599955,6.648279762421138,20855.40845463845,54322.27773297629,55.70180369488939,3611.4969970076672,Mutant,,63.18712070449888,LLLVGLLLILLGALLATLILI,A12I,A,I,12,clash,clash
LLLYALLVLLLITLLAFLILI,7.0,18488.89325205135,1396.1389524968586,19407.21171201659,19177.219263474624,16882.248780662845,G,-2.7590383811387853,24.25655589392796,-23.45005450157424,-17.259461857648166,-49.02656330894679,19.17258963770012,-26.582101233678245,1622.789191019174,9.000627458135819,18029.734022068733,30719.40871054503,31.49953472181297,2764.9395353782825,Mutant,,73.54735293664291,LLLYALLVLLLGTLLAFLILI,G11I,G,I,11,clash,clash
LLLYFLLGVLLITLLGLLILI,6.0,18867.637907275344,436.1676041536499,19192.57864926254,19038.41266311895,18371.922409444545,G,12.6382447524673,31.920278366095967,-3.938102292765773,4.662669313552633,-23.786587188186846,16.839482089832188,-14.919658177705514,471.2797779679139,2.519516476149114,18705.167536281748,36361.30736156271,37.28471060619373,916.1291299177931,Mutant,,38.6685946606536,LLLYFLLGVLLGTLLGLLILI,G11I,G,I,11,clash,clash
LLLALLLIVLLGTLLGFLILI,6.0,18847.26147720387,1978.9445058549709,17950.36838763962,21115.84769977792,17475.568344194064,G,4.045683864849446,-58.85752289917793,-71.28633114197999,-62.7507895721826,-74.00347356757273,-45.52839857607559,-61.98382704036639,2574.066217746741,13.340097263151932,19295.708021986,41294.0942303756,42.34276666168471,5508.672334269716,Mutant,,47.20439920241965,LLLALLLGVLLGTLLGFLILI,G7I,G,I,7,clash,clash
LLLALLLGVLLITLLGFLILI,6.0,18599.34998016052,1518.2170862380642,18428.153133998185,20195.90897547487,17173.98783100849,G,-0.0781887100544243,2.786163390559516,-0.1675343898247755,1.8490801754049253,-1.077689266365146,23.30372675684504,19.760429371077887,2136.820933463191,11.436054771724557,18684.94840324168,36192.41686823796,37.111531102356444,4138.984616262571,Mutant,,41.37253342856896,LLLALLLGVLLGTLLGFLILI,G11I,G,I,11,clash,clash
LLLALLLGVLLITLLSFLILI,7.0,18576.52589346402,1158.788161344991,18154.994633137463,19887.074934258195,17687.508112996395,G,3.9463792035261154,-26.80899302870663,-25.12176492806969,-37.409468651308245,-35.96660691603072,-31.25415873311736,-29.66940235405969,1555.3286149871576,8.278620752923024,18787.291523627297,37047.28933265412,37.98811323742713,3067.004583088542,Mutant,,37.37100833960403,LLLALLLGVLLGTLLSFLILI,G11I,G,I,11,clash,clash
LLLASLLFLLLIYLLGTLILI,6.0,19434.884412987245,1653.2112432183533,20614.606839022224,20144.7534269154,17545.29297302411,G,10.788137662887328,46.923131994018064,-5.112381615299895,-6.864221555596932,-39.849960431320575,22.124607613692994,-21.12805515811392,1838.096114372792,9.75374821706636,18845.02319996976,37529.52223940736,38.48259255287893,3660.535106299718,Mutant,,56.214923104357226,LLLASLLFLLLGYLLGTLILI,G11I,G,I,11,clash,clash
LLLASLLFILLGYLLGTLILI,6.0,20893.93559270408,1593.6069062563631,22196.24671110993,21368.645160781216,19116.91490622109,G,36.17607125827279,-11.833651656481036,-42.42851556865118,-24.665272240485,-50.8073977449057,-23.287103409695973,-49.90747133447529,1592.2137324023763,7.865588272793134,20242.78003350116,49204.99025751415,50.4545616000412,3870.261943324037,Mutant,,73.70343608510814,LLLASLLFLLLGYLLGTLILI,L8I,L,I,8,clash,clash
LLLYGLLFLLLGVLLITLILI,6.0,18364.75049297849,1643.2448303395104,18681.32852239842,19826.67360509143,16586.249351445636,G,-6.6846079206792455,22.70669971767797,3.2952040304963752,-0.6025476138197783,-16.326654143866122,6.0356135131904765,-10.738612011044836,2291.325963674298,12.585235007962718,18206.46147826853,32195.61380808624,33.013228366266326,4051.893660003748,Mutant,,70.98495742011012,LLLYGLLFLLLGVLLATLILI,A15I,A,I,15,clash,clash
LLLYGLLFLLLIVLLATLILI,6.0,18403.345123784835,1847.303261428411,18435.72078508873,20234.24776251992,16540.06682374586,G,-6.946791751964054,47.19097743004727,-11.162947599629272,18.5810435186532,-28.430461155380804,40.0006039393212,-15.502694489872226,2612.180392737225,14.206548359233343,18387.15729313289,33704.96662028067,34.56091151873742,4788.31238237363,Mutant,,74.31278169282628,LLLYGLLFLLLGVLLATLILI,G11I,G,I,11,clash,clash
LLLTYLLIVLLGLLLASLILI,7.0,21025.14255896861,1216.9475530448942,21578.715271743964,21866.89510919745,19629.81729596443,G,41.13099437520416,-59.38216583615519,-67.10437700158143,-59.18931897095187,-66.94819393803931,-56.31574600159711,-64.62094102058852,1581.852891779041,7.623991396399251,20748.356202580937,53428.06987422732,54.78488723466103,4073.3514504732716,Mutant,,60.2849680274629,LLLTYLLGVLLGLLLASLILI,G7I,G,I,7,clash,clash
LLLAYLLGVLLGLLLIFLILI,6.0,20064.87396802624,1570.681202526359,20720.0593293608,21201.893367975987,18272.66920674194,G,21.79116630739068,-26.346446052553503,-13.337293570110154,-28.38353466586839,-15.73418554620332,-5.03418024349604,11.739278247238769,2071.274268024072,10.49422277500119,19737.281287358965,44982.557354886085,46.12489910295017,4720.569778714428,Mutant,,52.48633861554234,LLLAYLLGVLLGLLLTFLILI,T15I,T,I,15,clash,clash
LLLAYLLIVLLGLLLTFLILI,6.0,21196.138142621727,1730.0537559262202,22984.564191338093,21072.79164341495,19531.058593112142,G,42.48799371174723,11871538533902.09,-53.841139695779496,9057558485531.01,-64.78244368764182,12573284743154.115,-51.11261338479587,1090.1698946485346,5.36978581241944,20301.925118263545,49699.02937004482,50.961146942413095,2668.7314280228375,Mutant,,57.989590582862085,LLLAYLLGVLLGLLLTFLILI,G7I,G,I,7,clash,clash
LLLVALLALLLITLLSFLILI,7.0,18759.023628178344,1293.4132792198432,19292.04156245134,19700.75173304789,17284.277589035803,G,2.622590516244147,-5.099337195998068,-0.8523297734974981,-15.52839341778352,-11.748108543628849,-5.46653514959538,-1.2359606200628557,1708.7052537929058,9.239983231662013,18492.514661041845,34585.017105446306,35.46331107582614,3195.6497812106772,Mutant,,70.7646492854159,LLLVALLALLLGTLLSFLILI,G11I,G,I,11,clash,clash
LLLVALLALLLGTLLIFLILI,7.0,22734.07621448334,7780.372546072733,31688.218452273133,18890.80281154668,17623.207379630207,G,43.45429121969627,99999900.0,-99.99961118047024,99999900.0,-99.99961118047024,15075774999900.004,-41.38244253600824,896.3253257092293,4.909487185966849,18257.005095588444,32617.804831146485,33.44614102143598,1601.3669485288126,Mutant,,66.73952227054824,LLLVALLALLLGTLLSFLILI,S15I,S,I,15,clash,clash
LLLLVLLTGLLFILLYALILI,6.0,18399.165840121805,1662.9447639413954,18894.451664428183,19758.19783351141,16544.848022425816,G,-6.6400809795332805,39.41653922021066,6.354066608918309,-2.3483507299104067,-25.50632752016936,-5.965935134966398,-28.26600592655268,2272.181441743138,12.517855668419244,18151.522927968617,31736.71189353274,32.54267253859434,3972.7557887344724,Mutant,,74.27661920931027,LLLLVLLTGLLFGLLYALILI,G12I,G,I,12,clash,clash
LLLSYLLGVLLILLLGTLILI,6.0,18901.546279923023,1896.2675129141664,19365.53992350991,20522.75287507196,16816.3460411872,G,-0.2425845707327288,-34.618592986551185,-44.001851962067725,-47.082553303319,-54.67703817844433,-44.00120957959769,-52.03791568355513,2620.8254060760737,14.037968146761282,18669.54945812958,36063.7894225651,36.97963713495207,5062.623271654754,Mutant,,39.88309485656183,LLLSYLLGVLLGLLLGTLILI,G11I,G,I,11,clash,clash
LLLSYLLIVLLGLLLGTLILI,6.0,20132.246870931525,1967.7718505368484,21151.25523354824,21381.53276335372,17863.952615892616,G,19.096808886914715,-41.19034544015104,-60.09815559153782,-58.12535886508784,-71.58841643041703,-51.80055934086819,-67.29709439462276,2487.304775636922,12.67562243963098,19622.74268962317,44025.81602290173,45.143861118443326,5580.5462150295825,Mutant,,48.68833321992147,LLLSYLLGVLLGLLLGTLILI,G7I,G,I,7,clash,clash
LLLTLLLILLLGVLLASLILI,6.0,19476.41350224922,1708.8159292764751,20094.88851006676,20789.88003132916,17544.47196535173,G,10.756624324739583,-1.2827698579967288,-0.3060524901926822,-9.646283312069288,-8.752315316737553,-19.42861027114103,-18.63142951978604,2294.8500511701586,11.97281253831474,19167.175998340448,40220.46575983205,41.24187316451904,4815.520967461758,Mutant,,39.67162794523315,LLLTLLLGLLLGVLLASLILI,G7I,G,I,7,clash,clash
LLLTLLLGLLLIVLLASLILI,6.0,19312.56875971758,1740.929546913746,19847.960051992493,20722.92341390918,17366.82281325106,G,7.850824648704529,-36.56364807427656,-40.26818761952484,-20.92894377016157,-25.546514702219,4.870054230468654,-1.2541198623919223,2373.121493069601,12.460684190000851,19044.87311358012,39198.86930951548,40.19433305195882,4884.447310709892,Mutant,,38.66397192928504,LLLTLLLGLLLGVLLASLILI,G11I,G,I,11,clash,clash
LLLTFLLGLLLIYLLASLILI,6.0,19129.91384264364,1659.9742158620788,20700.450665533648,19296.26245673297,17393.028405664285,G,7.25248392086412,16796243873802.152,-34.692923550684526,18227292857042.85,-29.12872562328785,15666097961535.916,-39.08715157245864,1345.7897036958109,7.336144537342948,18344.645431198627,33349.86487976571,34.19679189291638,2446.594290588186,Mutant,,27.84150578770365,LLLTFLLGLLLGYLLASLILI,G11I,G,I,11,clash,clash
LLLTYLLAILLILLLGFLILI,6.0,19399.49341654565,1784.2109953282318,20832.00957715741,19965.5504157112,17400.920256768364,G,9.433269860108092,-30.672328879471145,-61.52093085637462,-45.19948038197893,-69.58396338133987,-37.48342453325157,-65.30130622986754,1813.4673766240105,9.706388342207717,18683.23533623978,36178.10761321324,37.09685846071345,3511.5876198002925,Mutant,,49.482404309066936,LLLTYLLAILLGLLLGFLILI,G11I,G,I,11,clash,clash
LLLSTLLGLLLIVLLAILILI,7.0,21628.026982089214,1425.7108791655526,22327.940341479545,22568.51304733906,19987.62755744904,G,49.20008729399279,-46.2986017981395,-53.78435232061693,-34.37255624345927,-43.52074768426171,-3.251366129898514,-16.737721435205987,1824.9616313671984,8.576725264235392,21278.07030239405,57852.77371594122,59.32195738497167,4961.873459356063,Mutant,,63.14012285067842,LLLSTLLGLLLGVLLAILILI,G11I,G,I,11,clash,clash
LLLSSLLALLLIVLLGTLILI,6.0,19077.87140716721,1760.5793898492857,20166.815864630185,20020.10350828164,17046.694848589814,G,3.565365742082814,-16.053131793372767,-31.266195968928244,-12.732553291123944,-28.54738111711532,-6.689500888806581,-23.59946598408135,2102.517426506895,11.344478183760533,18533.399178435728,34926.525630975746,35.81349228403465,3962.2320805515747,Mutant,,54.59264593449965,LLLSSLLALLLGVLLGTLILI,G11I,G,I,11,clash,clash
LLLSSLLALLLGVLLITLILI,6.0,18879.33561827564,1772.7242124113347,19852.983798453417,19951.856919431662,16833.166136941833,G,0.0496076825540564,-6.415051623597991,-16.59538802903968,-26.81391613291225,-34.775227934540524,-15.733560926660648,-24.90021338881625,2205.2474007225387,11.98991990486438,18392.511528186747,33749.69056555717,34.606771238252456,4046.5608669498743,Mutant,,52.75316894991459,LLLSSLLALLLGVLLGTLILI,G15I,G,I,15,clash,clash
LLLSTLLGALLILLLAVLILI,7.0,21056.285344544383,1916.7370439916035,22879.052768336216,21232.109103595085,19057.694161701853,G,37.33593380609071,-6.915395657510133,-24.96199113934373,35.75413609110187,9.43506865425819,-0.473457797395393,-19.768971373706336,1537.543550526057,7.632420244903002,20144.90163264847,48387.41161192691,49.616220368373945,3693.130599853255,Mutant,,51.09557672766929,LLLSTLLGALLGLLLAVLILI,G11I,G,I,11,clash,clash
LLLAYLLGVLLILLLAFLILI,6.0,18559.43925259208,863.0205758427727,17937.420820651463,19544.706814504498,18196.190122620268,G,8.008949976166257,-51.58813421674778,-58.63323620759557,-50.55976880822358,-57.7545229364079,-45.68435877708841,-53.58860344774284,953.5452973745888,5.053114126901476,18870.448468562383,37741.89960232465,38.700363284743446,1907.141260566039,Mutant,,40.08081832035614,LLLAYLLGVLLGLLLAFLILI,G11I,G,I,11,clash,clash
LLLAFLLIILLGLLLGTLILI,6.0,19919.17890388405,1571.6058773302443,20805.92903376032,20847.00794083312,18104.59973705872,G,19.31928998404995,-50.72335752625746,-63.78783557753231,-61.64375147923361,-71.81295826307269,-60.43557958215256,-70.9251031416322,1939.175437670496,9.95684416266666,19475.80383894592,42798.43525784744,43.88531075407901,4261.373502683653,Mutant,,36.86324661972736,LLLAFLLGILLGLLLGTLILI,G7I,G,I,7,clash,clash
LLLAFLLGILLILLLGTLILI,6.0,20248.361097638543,1714.783784762628,21506.086748634807,20943.91439579806,18295.08214848276,G,23.872225539799818,1.5899965102534996,-0.9719430413120308,-22.65700485577109,-24.607473259188563,-21.84392173765361,-23.814894815454107,1873.007244302249,9.546662296466115,19619.49827214041,43998.71539162693,45.11607226079092,4200.408773221881,Mutant,,37.89707466315237,LLLAFLLGILLGLLLGTLILI,G11I,G,I,11,clash,clash
LLLALLLGLLLITLLGFLILI,7.0,19068.922756003463,1619.295603059295,19676.7408498137,20296.36478697527,17233.662631221414,G,4.772593265472195,59.392856160520246,15.431725760701491,82.9934402983588,32.52318281601529,109.25508093458728,51.54176729319133,2165.65746308821,11.540931952733809,18765.01370909834,36861.20266521212,37.797300858921176,4254.126316551432,Mutant,,43.01679956850359,LLLALLLGLLLGTLLGFLILI,G11I,G,I,11,clash,clash
LLLALLLGLLLGTLLIFLILI,7.0,20318.784358201032,1775.822800404692,21326.04671519916,21361.960707020124,18268.345652383818,G,24.057641080305,48.701652734048125,42.89706177158635,18.653867230445726,14.02219601009429,18.969852644341604,14.325846886720097,2187.5161835141234,11.039612783589012,19815.15317970197,45633.02156064008,46.7918819875332,5037.708881746353,Mutant,,53.25345892829026,LLLALLLGLLLGTLLGFLILI,G15I,G,I,15,clash,clash
LLLYLLLGALLGTLLIFLILI,7.0,19587.22879886399,2632.67085728191,22600.134079450472,18431.14335230047,17730.40896484103,G,14.798289571049764,-99.99911360496397,-99.99883722734472,-99.99911360496397,-99.99883722734472,-99.99911360496397,-99.99883722734472,495.49403718317217,2.7404467199727782,18080.77615857075,31145.763866183577,31.936717258606084,853.5330642812946,Mutant,,46.7056781396547,LLLYLLLGALLGTLLSFLILI,S15I,S,I,15,clash,clash
LLLTVLLALLLGFLLISLILI,7.0,19635.0845716041,2102.880737372341,20899.330619096232,20798.33583868489,17207.58725703118,G,9.602945895893823,2.9054951184514537,-23.744619927884933,-12.269060411493497,-34.98932068977735,16.81279347789243,-13.43898638562602,2539.0426716233146,13.361299843863067,19002.961547858034,38848.78184548878,39.83535504125919,5190.702228063997,Mutant,,50.94636020853518,LLLTVLLALLLGFLLGSLILI,G15I,G,I,15,clash,clash
LLLTILLALLLGFLLISLILI,6.0,19655.91689097617,2115.9357082023384,20487.146141898,21230.02017782209,17250.584353208418,G,9.85861483620641,-16.623730016438632,-37.85584175235404,-43.25897399235843,-57.7083107693845,-18.191889193310267,-39.02466271381253,2813.8860568810087,14.624957643853593,19240.302265515253,40831.2897409432,41.86820915240288,5971.558830052079,Mutant,,53.09149226207951,LLLTILLALLLGFLLGSLILI,G15I,G,I,15,clash,clash
LLLSYLLVALLGLLLIFLILI,6.0,21015.066031969447,3253.09137318914,24601.989640963748,20187.56890060847,18255.63955433612,G,31.312225113542784,-27.633138747122484,-43.91819557388572,-40.58560522662793,-53.95590730220172,-20.17085894098329,-38.13518786268421,1366.0803415224705,7.107004833498825,19221.604227472293,40675.10495977467,41.70805802502301,2890.781675521906,Mutant,,70.35509691478892,LLLSYLLVALLGLLLGFLILI,G15I,G,I,15,clash,clash
LLLGLLLGALLITLLSFLILI,6.0,20954.858314517904,2136.332541993063,23231.784766908568,20638.356874405898,18994.43330223925,G,36.26275812572037,14.893525752062631,21.90050397976566,-9.291131492757463,-3.7590959622139617,10.248707839705196,16.972413900673892,1162.4295056314495,5.865998838085578,19816.395088322573,45643.39522795718,46.802519096369714,2677.4410337347763,Mutant,,43.35857933940045,LLLGLLLGALLGTLLSFLILI,G11I,G,I,11,clash,clash
LLLTALLFLLLILLLGSLILI,7.0,19923.42355994821,2183.3654814843894,21404.27498094,20950.02759664037,17415.96810226425,G,13.874441969607082,0.7986564900260845,-34.017911394772945,24.29020385494216,-18.640510408687845,17.040010101609575,-23.38643603205952,2498.957433590056,13.026939027996626,19182.99784945231,40352.625740890464,41.37738937680716,5256.711951461472,Mutant,,46.3567354323846,LLLTALLFLLLGLLLGSLILI,G11I,G,I,11,clash,clash
LLLYVLLGALLIILLTLLILI,6.0,20143.79072474228,3078.859590629839,23213.462251559205,20162.085321896127,17055.824600771502,G,13.638336398013315,-3.687131608980628,-26.40471220597618,-22.00827527181456,-40.40439743088061,10.397628230701464,-15.64216332514805,2196.4580200406376,11.80323142596936,18608.954961333817,35557.64336594037,36.46063739002903,4196.950936102783,Mutant,,40.28280647682864,LLLYVLLGALLGILLTLLILI,G11I,G,I,11,clash,clash
LLLTFLLGLLLIVLLAILILI,7.0,20154.844868369462,1749.8435007246885,20883.7751438978,21422.38701217364,18158.37244903696,G,21.600833840761634,15678019648034.545,-22.41556074354883,15663863741688.293,-22.485612834354303,16998860142232.828,-15.87923336359298,2308.00683148559,11.662266530016694,19790.3797306053,45426.08884839168,46.57969417441589,5297.711555661629,Mutant,,43.34882500899081,LLLTFLLGLLLGVLLAILILI,G11I,G,I,11,clash,clash
LLLTLLLIVLLGFLLGILILI,6.0,19499.20278392633,1634.701823467081,19570.49557426861,21097.091835319028,17830.020942191357,G,13.01996029490408,-13.839982808535543,-50.78322407555831,-39.33216373084079,-65.34500107114968,-4.743648214072787,-45.58716822433256,2310.167983147767,11.86919767901428,19463.55638875519,42696.13226094925,43.78040975050488,5067.6883393454555,Mutant,,44.630257657346014,LLLTLLLGVLLGFLLGILILI,G7I,G,I,7,clash,clash
LLLYLLLGILLITLLAFLILI,6.0,18089.521255919663,792.5513413169012,17593.891257863266,19003.595069068306,17671.077440827416,G,-0.2215108523807719,8.929168535455002,-25.152330219238245,-3.482079771026536,-33.68037672230328,-8.849358748946619,-37.36835423982036,942.2322509797484,5.1383267333907945,18337.336254947862,33288.811303415874,34.13418784782412,1710.4878904314346,Mutant,,49.21245627372701,LLLYLLLGILLGTLLAFLILI,G11I,G,I,11,clash,clash
LLLSYLLGVLLILLLATLILI,6.0,18408.06463317581,1618.5340456511033,18549.8296755816,19951.05306762443,16723.311156321426,G,-5.276692071462882,-37.10447417921118,-62.80138911811009,-39.20528619446643,-64.04388272431902,-38.85188208566462,-63.834867190132414,2282.3581934023823,12.446613549811223,18337.18211197293,33287.52374657417,34.132867593198654,4143.169441037729,Mutant,,34.09099466166922,LLLSYLLGVLLGLLLATLILI,G11I,G,I,11,clash,clash
LLLAYLLILLLGVLLGTLILI,6.0,21094.91906757056,1331.8486094040147,22187.557537126188,21485.843984285177,19611.35568130032,G,41.8935193169449,-50.75589926167873,-66.74340190298112,-67.29258177033749,-77.91131431894482,-54.92363528387416,-69.55804812022356,1325.463390295456,6.450382999722434,20548.59983279275,51759.50417601303,53.07394795058278,3338.686258110168,Mutant,,51.71399043676112,LLLAYLLGLLLGVLLGTLILI,G7I,G,I,7,clash,clash
LLLAYLLGLLLIVLLGTLILI,6.0,19758.87309784933,1888.7645164488288,21027.6508287114,20660.74062405596,17588.227840780637,G,13.859245285328411,7.654599481702727,-18.63567951119505,-27.670056696931333,-45.333718055880986,7.1878548834337,-18.988440631136186,2172.5946243363323,11.360278258660296,19124.484232418297,39863.861280638586,40.876212637646574,4528.645566126886,Mutant,,39.82880774956666,LLLAYLLGLLLGVLLGTLILI,G11I,G,I,11,clash,clash
LLLVTLLLGLLFGLLFILILI,6.0,19901.18910821506,914.184233773738,20339.688051575384,20513.51754676604,18850.361726303763,G,25.23292890191173,-20.01608998878531,-23.27773389075723,-46.06178468209711,-48.26131770130334,-31.295312609001325,-34.09700390709262,1176.028758818753,5.9751669832160825,19681.939636534906,44520.28834015831,45.6508906668686,2660.1615697337384,Mutant,,63.36822679608301,LLLVTLLLGLLFGLLFALILI,A16I,A,I,16,clash,clash
LLLVTLLLGLLFILLFALILI,6.0,19381.39880837188,1655.546449283944,19775.585789447272,20804.27337730316,17564.337258365205,G,10.00389990601076,14180185028465.602,-29.8277634111213,15306870265530.775,-24.252235104737,20694975291563.707,2.411407146111358,2290.9808003122507,11.941953395531614,19184.30531783418,40363.54702913675,41.388588013524505,4820.195975002996,Mutant,,57.45170343224253,LLLVTLLLGLLFGLLFALILI,G12I,G,I,12,clash,clash
LLLAFLLGVLLITLLGLLILI,6.0,20487.022601156,1002.4377625944796,21463.43491787664,20537.1896485671,19460.44323702425,G,35.565042041079515,1.0336023036350752,-21.440976035864885,-20.242390002202185,-37.98419681890617,-7.736088801407721,-28.25987943009072,761.3746892202291,3.807098742058333,19998.81644279568,47167.161478907554,48.36498171998336,1795.7004113281118,Mutant,,47.06634447801861,LLLAFLLGVLLGTLLGLLILI,G11I,G,I,11,clash,clash
LLLALLLGALLITLLSFLILI,7.0,20125.65722518524,2488.8315147415133,22337.36974557767,20608.991986900823,17430.60994307723,G,16.125721186973664,1.2686439990904252,4.118293094311243,18.44424044726012,21.777202253559047,13.473512179905564,16.666600173834865,2247.455496389221,11.816398607568274,19019.800964989023,38989.44155928158,39.97958683882812,4607.147829509595,Mutant,,37.90033496947421,LLLALLLGALLGTLLSFLILI,G11I,G,I,11,clash,clash
LLLALLLIALLGTLLSFLILI,7.0,20717.99415935678,2979.0719370897204,23916.18799550538,20215.95546497496,18021.83901758999,G,26.64127112023958,-61.518377555902994,-59.90972271851908,-57.36151304876868,-55.579087986195695,-46.088146540216734,-43.83445871854546,1551.4746186588472,8.114875032168833,19118.89724128248,39817.19312294555,40.82835933202126,3231.115463244354,Mutant,,38.704964640475545,LLLALLLGALLGTLLSFLILI,G7I,G,I,7,clash,clash
LLLTFLLGVLLILLLGSLILI,7.0,18445.85611637063,1304.1263892667407,18867.920537193404,19486.67927208129,16982.9685398372,G,-2.574731332409112,-2.056730839414316,-19.629514690395965,4.612354865981118,-14.156982894105155,50.181839936226346,23.236517055335,1770.3908368993325,9.708845262392462,18234.823905959245,32432.525271850773,33.2561562477618,3148.8236933303215,Mutant,,43.32802110401828,LLLTFLLGVLLGLLLGSLILI,G11I,G,I,11,clash,clash
LLLAFLLGILLIVLLGLLILI,6.0,19758.270470073447,1457.1328903155097,19730.745601423445,21228.970805011777,18315.095003785114,G,19.20419110585051,-47.90522124029288,-57.46581025869549,-39.30826323631324,-50.446591602907255,-20.591604248042472,-35.16486963989652,2060.421338582757,10.420887667673265,19772.03290439845,45272.83774099364,46.42255122208478,4717.831564956933,Mutant,,22.474521006182467,LLLAFLLGILLGVLLGLLILI,G11I,G,I,11,clash,clash
LLLTYLLGLLLIFLLASLILI,7.0,18422.527444061947,1693.525603086255,19221.70818583393,19568.57984393324,16477.29430241867,G,-6.827445202691767,-40.31455397452681,-51.31595872970699,-39.22483379816836,-50.4270991236941,-27.70823504988671,-41.03327523377195,2185.86896898888,12.12826167074716,18022.937073175955,30662.63377121754,31.44131797065327,3718.8444589161513,Mutant,,13.312222400477577,LLLTYLLGLLLGFLLASLILI,G11I,G,I,11,clash,clash
LLLALLLGLLLIVLLGTLILI,7.0,19906.83570179293,1760.078234523225,19636.52381528635,21786.43253101867,18297.550759073776,G,20.11146388254662,21.318531722477147,15.79185480391232,32.65746013652079,26.61423728670032,164.93321244253875,152.86415547837396,2467.011959700372,12.309215587913602,20041.991645046222,47527.804103546354,48.73478294187589,5850.299871306768,Mutant,,15.787356383234863,LLLALLLGLLLGVLLGTLILI,G11I,G,I,11,clash,clash
LLLLWILTILLAVLLFLLILI,9.0,29498.99982141533,619.7264511210452,28807.66402254849,30004.673921112822,29684.661520584683,L,195.2063848065495,-51.02933949217818,-66.84783423752911,-63.33216140439237,-75.1766006284733,-54.724350661041385,-69.3492835031515,619.7264511210452,2.1008388585132423,29498.99982141533,53629.11516041397,56.751246836238025,1126.661290766793,Mutant,,69.29287338390753,LLLLWILTYLLAVLLFLLILI,Y8I,Y,I,8,clash,clash
LLLVALLILLTFLLASLLILI,9.0,27707.67410245287,780.703622772082,26826.63875161051,27982.87184703081,28313.511708717288,L,168.76683861071683,-12.2492298267848,-14.264650777282222,-13.634956854131284,-15.61855103801376,-12.563992317517588,-14.572183942084294,780.7036227720814,2.817644021238752,27707.67410245287,31549.06561070896,33.38576078629061,888.9403609368321,Mutant,,73.19689728024923,LLLVALLLLLTFLLASLLILI,L7I,L,I,7,clash,clash
LLLAILLTVLTSLLFLLLILI,8.0,27681.193908495374,632.8121720109467,27573.874310550866,28360.80348418137,27108.903930753888,L,158.7930391411862,42.882664629102365,-17.156746952281832,-5.262903452085293,-45.071508270804905,14.64340232406624,-33.52984832948348,632.8121720109464,2.286072537560368,27681.193908495377,31222.66824563014,33.040361512465594,713.7728442569321,Mutant,,73.88280346827713,LLLALLLTVLTSLLFLLLILI,L4I,L,I,4,clash,clash
LLLLAILLFVLTWLLSLLILI,9.0,29286.582311513303,884.0012829228921,28349.39963753689,29404.85273147237,30105.49456553065,L,196.89508895847325,-55.51706174006728,-58.85130582211235,-55.21800341796484,-58.57466358760804,-47.02610382482108,-50.99679251433275,884.0012829228938,3.018451499461479,29286.582311513303,51010.83692423797,53.980540028514014,1539.7373720275107,Mutant,,73.43627608338427,LLLLALLLFVLTWLLSLLILI,L5I,L,I,5,clash,clash
LLLLLALLLILIVLLSTLILI,8.0,28322.89835663837,1377.6204059592792,27012.266817238386,29758.93283936049,28197.49541331624,L,172.52799143325777,-11.08259086804226,-50.99105843338132,12.08309878895872,-38.22273846281735,13.409782271091071,-37.49150535686021,1377.6204059592774,4.8639810396960605,28322.89835663837,39132.37772016951,41.410551351507664,1903.3914326912907,Mutant,,66.19120226489602,LLLLLALLLILFVLLSTLILI,F11I,F,I,11,clash,clash
LLLLAVLLFLLILLTSLLILI,9.0,27304.52190840311,132.8315124267734,27160.637125537243,27330.452479199208,27422.476120472875,L,158.36162476314706,3.8307936021111786,-36.15155723982962,-15.27797781509335,-47.90207224334545,10.814561620125875,-31.857044050830424,132.8315124267734,0.4864817368799774,27304.52190840311,26579.773691064733,28.127171091318004,129.305744711059,Mutant,,49.98671227147419,LLLLAVLLFLLALLTSLLILI,A11I,A,I,11,clash,clash
LLLLAYLTVLLIILFLLLILI,8.0,27071.438253038606,1107.9485153905073,25925.83324270616,28137.436239714872,27151.045276694786,L,153.49566184325303,-99.999540524759,-99.9996005323814,-4.646884903711779,-17.10003408911149,8.66939102462156,-5.522868315302484,1107.9485153905052,4.092684345155339,27071.438253038606,23706.76259922632,25.086901619251016,970.2429616416765,Mutant,,49.95847705880919,LLLLAYLTVLLSILFLLLILI,S11I,S,I,11,clash,clash
LLLFSLLILLVALLLTLLILI,8.0,28609.46727565798,758.3156184398223,28118.363145586594,28227.201590673896,29482.837090713445,L,186.34790787267943,-99.99946919048983,-99.99957583324026,-16.52426549296874,-33.29503118343071,1.3090554513229409,-19.044529232056448,758.3156184398223,2.6505758081172868,28609.467275657986,42664.65320998007,45.148465684351294,1130.8589766008672,Mutant,,55.12179123087996,LLLFSLLLLLVALLLTLLILI,L7I,L,I,7,clash,clash
LLLAALLLLLVILLFSLLILI,8.0,28600.175674829203,580.4085854946325,28375.194912549832,29259.39438756423,28165.937724373547,L,175.22912689775112,-99.99941871936748,-99.99945527142916,-15.480815287263692,-20.795546727991983,24.15180677813833,16.344898640658815,580.4085854946325,2.0293881831133143,28600.175674829206,42550.12406292228,45.02726898223941,863.5071896329996,Mutant,,64.95677687755604,LLLAALLLLLVTLLFSLLILI,T11I,T,I,11,clash,clash
LLLLALLFILTILLAVLLILI,8.0,29058.059725417224,1323.199886902991,28129.52965545856,30573.149138010154,28471.50038278296,L,181.11721698004544,-21.09144374480404,-33.22134440221783,-99.99952797173329,-99.9996005323814,14.641033108244423,-2.981698935781819,1323.1998869029917,4.553641569349458,29058.05972541722,48194.04600184178,50.99976370123689,2194.584112691268,Mutant,,70.31122456411862,LLLLALLFILTYLLAVLLILI,Y11I,Y,I,11,clash,clash
LLLLLALLLILVILLSFLILI,8.0,28056.947698242195,900.3798488185591,27693.474707711724,29082.24771276645,27395.12067424841,L,164.1352685083444,-22.90391838053804,-27.824096363305824,-31.542751009213283,-35.911609220553224,11.407138048242432,4.297270254264152,900.3798488185612,3.209115469374351,28056.947698242195,35854.24485298472,37.941575088313385,1150.6041180044895,Mutant,,51.63365308386769,LLLLLALLLILVTLLSFLILI,T12I,T,I,12,clash,clash
LLLLAILLFVLTLLLSILILI,8.0,27731.075204646026,1094.1726707667049,26821.94278947214,27425.82398533832,28945.458839127627,L,174.32185005894894,16202343662625.902,-23.509044268116654,14235903684202.914,-32.79256994008431,16991620635879.342,-19.78288271531531,1094.1726707667044,3.945655416142639,27731.07520464603,31837.509800658907,33.69099736111316,1256.1984298146417,Mutant,,46.49845574981636,LLLLALLLFVLTLLLSILILI,L5I,L,I,5,clash,clash
LLLLFVLLILLATLISLLILI,8.0,27094.822623785585,927.1535831763896,26121.86716845344,27194.47735801489,27968.123344888423,L,160.75736962972636,-30.021347738256942,-62.57375891415036,-34.91038710147721,-65.1885329912745,-37.90659326791534,-66.79097503186418,927.1535831763892,3.421884675349282,27094.822623785585,23995.00055579461,25.39191995438205,821.0812468687109,Mutant,,57.56077196936634,LLLLFVLLLLLATLISLLILI,L8I,L,I,8,clash,clash
LLLYWLLIVLALLLFSLLILI,8.0,28159.401488909323,1173.9209831717346,27322.220711233625,29501.26688220068,27654.71687329367,L,166.8762536838248,-59.79448484200856,-70.40244127278679,-61.15098606148782,-71.40103871269781,-54.95377730231957,-66.83892206095223,1173.9209831717333,4.168842095717432,28159.401488909323,37117.09992760261,39.2779499258184,1547.3532864914023,Mutant,,44.38372653801121,LLLYWLLTVLALLLFSLLILI,T7I,T,I,7,clash,clash
LLLLALLFILVTLLISLLILI,9.0,28382.95055572145,223.55100618406044,28191.05705634637,28628.42227335447,28329.372337463537,L,174.86726109193182,-36.66756640400178,-37.993783799925644,-50.22715046781797,-51.26942241516426,-36.4907625960577,-37.82068236488036,223.55100618406044,0.7876242667061153,28382.95055572146,39872.586782813545,42.19385324076837,314.0461692648946,Mutant,,70.35199667525771,LLLLALLFILVTLLLSLLILI,L14I,L,I,14,clash,clash
LLLFALLIVLITLLYSLLILI,9.0,28635.184445181687,1407.8971999736548,27023.616315538377,29626.19984734162,29255.737172665067,L,183.8974775009792,-33.70466106859368,-36.689652128721285,-19.26914137420251,-22.904101164117247,30.32248489908447,24.454629652731786,1407.8971999736548,4.916668871712315,28635.184445181687,42981.64546401327,45.48391230882017,2113.2651830788886,Mutant,,47.92504290696197,LLLFALLLVLITLLYSLLILI,L7I,L,I,7,clash,clash
LLLYALLTVLLALLLIFLILI,11.0,24196.41565707045,663.8642072129538,24272.220116324766,24819.1237123968,23497.903142489784,R,99.68021189752136,-37.99632427642204,-66.3822897645146,-47.90662756826558,-71.75554708390739,-32.64128810540952,-63.47884811856738,934.244024424405,3.867142021094452,24158.513427443293,26912.73498681508,26.90904873335202,1040.7536837009145,Mutant,,56.45033912016231,LLLYALLTVLLALLLSFLILI,S15I,S,I,15,clash,clash
LLLYVLLIILLALLLAFLILI,11.0,23893.093260009733,392.77800759811765,24196.13750512637,24033.79999020044,23449.342284702387,R,96.93516216846996,-44.89922648079181,-39.82798502850157,-56.77113939716719,-52.79253844798196,-45.222698564058426,-40.18122811011449,413.2740068744045,1.7407188617878817,23741.57113745141,20483.48331321484,20.48067767821209,356.55985758430404,Mutant,,58.82430419805522,LLLYVLLTILLALLLAFLILI,T7I,T,I,7,clash,clash
LLLTALLIILLSVLLFLLILI,10.0,24734.696893112563,1699.9229993966328,24421.03923064046,26569.605685779847,23213.44576291738,R,101.40405947900138,-22.20803921099637,0.6374280612824038,-25.46408784147141,-3.574837017139284,-31.20448892557233,-11.00104398357655,2373.1634402025697,9.534021604313182,24891.52572434861,38215.78735106402,38.21055291173501,3643.501422308828,Mutant,,72.42118598856459,LLLTALLIALLSVLLFLLILI,A8I,A,I,8,clash,clash
LLLTVLLALLLIFLLSILILI,10.0,24486.41376569601,1036.576931788565,24382.07531771483,25571.214023367484,23505.951956005712,R,102.00188795759756,-24.380231995117565,-40.40834562747978,-29.48154633534189,-44.428402406662194,-35.71232906069096,-49.33852922185288,1460.3608127588566,5.951284201588317,24538.5829896866,32773.40906040179,32.76892006689354,1950.4387157336057,Mutant,,73.04344095788599,LLLTVLLALLLAFLLSILILI,A11I,A,I,11,clash,clash
LLLYALLTILLIFLLSLLILI,11.0,23794.929097397788,1625.4077708041389,23850.61972782246,25391.77585659606,22142.39170777484,R,84.84189076922515,12403756827855.146,-50.45100798117902,11414357157633.615,-54.403339282349215,12487186102547.23,-50.11773504434287,2297.661566311562,9.667410555575891,23767.08378218545,20876.88839058771,20.874028870655405,2018.2545119474737,Mutant,,69.39438411981268,LLLYALLTILLTFLLSLLILI,T11I,T,I,11,clash,clash
LLLLSLLFILLIALLVTLILI,11.0,24354.676158122107,1453.3751945038198,24270.53073224409,25848.29601686,22945.201725262235,R,96.16275074071866,-2.733393484496612,-37.94978254906473,21.294342644666337,-22.62153881691997,-14.922135545470304,-45.7254634577662,2052.797660012733,8.414226300651546,24396.748871061114,30586.32641986593,30.58213699237955,2573.6027220234914,Mutant,,73.2644059151111,LLLLSLLFALLIALLVTLILI,A8I,A,I,8,clash,clash
LLLYILLTILLVALLSLLILI,10.0,24006.463234584568,1010.0820158535936,24062.50211130513,24987.35925946825,22969.528332980324,R,93.61514712196254,-25.34671036544498,-50.87429102438823,-39.37641061364143,-60.10655627059308,-21.403223410080173,-48.27927353129839,1426.8219314075452,5.950435914578478,23978.44379622429,24136.060598851425,24.132754668145733,1436.2008182384807,Mutant,,65.56533304106776,LLLYILLTALLVALLSLLILI,A8I,A,I,8,clash,clash
LLLSYLLVFLLILLLATLILI,10.0,24971.01650145268,1289.537757204737,25000.36010646853,26245.632037706026,23667.05736018348,R,107.42090745260256,-49.773585649612514,-61.715002285725575,-41.82753575650008,-55.658139459064856,-41.83160713613579,-55.66124286117036,1823.3276402721067,7.306068505894629,24956.344698944755,39215.29618215769,39.20992483950422,2865.096403857922,Mutant,,67.56958008441951,LLLSYLLVFLLALLLATLILI,A11I,A,I,11,clash,clash
LLLSYLLVFLLALLLITLILI,10.0,24528.47721702028,1104.93294499824,24193.10849677587,25762.239753944592,23630.08340034038,R,103.25301057742529,-18.697029669908304,-48.318212058508855,-19.398968835408105,-48.764413113057046,-4.942720135788475,-39.57502216350309,1507.6622161835207,6.1048443154783065,24696.161577142484,35203.271469283485,35.198449656062785,2149.1049171549494,Mutant,,60.65669527850122,LLLSYLLVFLLALLLATLILI,A15I,A,I,15,clash,clash
LLLTALLIALLLILLFVLILI,11.0,24344.71524263381,1011.5721408051844,24243.464021101707,25403.10537880096,23387.576327998784,R,99.83774862867442,-9.16886859820803,-28.34709387835284,-29.32474056983425,-44.247223931718885,-12.494693165256418,-30.97069871297328,1425.1942595007035,5.842075616262933,24395.34085339988,30564.614782254965,30.560428328624617,1785.607907398813,Mutant,,59.41172662024235,LLLTALLIALLLSLLFVLILI,S12I,S,I,12,clash,clash
LLLYALLLALLVILLTILILI,10.0,24701.378681181777,1435.2365409541878,24024.59927795962,26349.875690619523,23729.66107496619,R,105.29268926641772,36.37602293115141,-10.037052273647337,-0.3232427724209096,-34.24639678395604,-19.27615576679689,-46.74903386287969,1852.771522892576,7.399315738742164,25039.768382792856,40501.68969961246,40.49614215886687,2996.8479003999387,Mutant,,53.40443312945815,LLLYALLLALLVSLLTILILI,S12I,S,I,12,clash,clash
LLLYSLLLALLFILLTILILI,10.0,23780.647533657248,902.669871152125,23907.61595175041,24613.1109580642,22821.215691157136,R,90.5526120189629,14040552460156.775,-33.71481934682036,21952858333233.344,3.639025928474674,19484479779118.297,-8.01414219600509,1267.0612944060636,5.3423812833943245,23717.16332461067,20107.114747775384,20.10436066420092,1074.198734915772,Mutant,,33.128544645651296,LLLYSLLLALLFALLTILILI,A12I,A,I,12,clash,clash
LLLTVLLLILLFALLSILILI,11.0,23823.65639566601,756.4595408802826,23328.76333916568,24694.434042952944,23447.77180487941,R,95.8369598001276,9.673920282929933,-29.408946326183884,-21.915179524040248,-49.74110764793467,0.5665734738148189,-35.27084317248788,881.523322390995,3.662164235587,24071.102923916176,25564.864694974684,25.561363060114434,936.2273317355705,Mutant,,49.869447384489,LLLTVLLLALLFALLSILILI,A8I,A,I,8,clash,clash
LLLLALLVILLSTLLIFLILI,11.0,24887.17494331733,1588.309522740966,24834.660978895048,26501.090217695,23325.773633361947,R,103.77611003290644,-15.776807140184763,-30.25666726410621,-44.64854608943305,-54.16470527393125,-28.470210615107927,-40.7677893439354,2245.287889196008,9.01235885889848,24913.43192552847,38553.58105532122,38.548300348185805,3474.587077661848,Mutant,,70.4999231859278,LLLLALLVALLSTLLIFLILI,A8I,A,I,8,clash,clash
LLLTALLIILLLVLLSFLILI,10.0,24693.94735960283,804.3768147644796,24332.18983926696,25615.68419153012,24133.96804801142,R,108.87950365210745,99999900.0,-99.9996005323814,99999900.0,-99.9996005323814,21928399999899.98,-12.40314272070137,1047.731532875653,4.21201550447384,24874.82611977077,37958.27938591457,37.953080217606086,1598.808612966219,Mutant,,70.85061229919202,LLLTALLIALLLVLLSFLILI,A8I,A,I,8,clash,clash
LLLLVLLIALLAILLSFLILI,10.0,24030.075166369294,1733.7006339351703,23944.49699774185,25804.98005827152,22340.748443094504,R,88.36127010232586,-23.73404174513206,-40.409410660558265,-29.026870382122148,-44.54497500627711,-11.469151886272211,-30.826209562758507,2449.581666692495,10.175696756247,24072.86425068301,25592.024360317515,25.58851900538161,2604.166792690771,Mutant,,62.68868688405267,LLLLVLLIALLATLLSFLILI,T12I,T,I,12,clash,clash
LLLYTLLVILLSTLLFLLILI,10.0,24463.7144916257,1365.263977829017,24350.449923481512,25882.082463105537,23158.611088290047,R,98.85246140883966,-30.560944500847587,-49.33467070939022,-35.11672004970553,-52.658734763801405,-24.1081010303827,-44.62643502067387,1925.7850774994824,7.853824805643186,24520.34677569779,32492.206572378927,32.48775609534423,2551.8809796823216,Mutant,,71.26647991661886,LLLYTLLVALLSTLLFLLILI,A8I,A,I,8,clash,clash
LLLLALLFALLTILLSILILI,10.0,23879.345717519216,1453.5262108101892,24136.231290394782,25187.3032225561,22314.50263960676,R,87.12800129468758,1.5898111907005363,-30.35617141604497,-28.03757142388775,-50.6669125427153,3.575158869237702,-28.99513715696907,2031.376773200146,8.552840197674342,23750.90293108143,20627.37960594791,20.624554261383583,1764.2268146643921,Mutant,,3.097552070003412,LLLLALLFALLTVLLSILILI,V12I,V,I,12,clash,clash
LLLYVLLTILLFALLSLLILI,10.0,24092.23608280236,1483.6438878775136,24192.75425240025,25523.0648614409,22560.889134565925,R,90.86475855963732,-0.6427683420583987,-23.51954131419573,-30.5189292713031,-46.51678523405392,-23.220156477171848,-40.89853800812077,2094.5745435394856,8.712156008274325,24041.97699800341,25115.74280828996,25.11230268992407,2188.1226960951603,Mutant,,71.77502380662084,LLLYVLLTALLFALLSLLILI,A8I,A,I,8,clash,clash
LLLYSLLLILLATLLVFLILI,10.0,23975.017809936588,1239.512700926216,23863.784074666564,25266.39842030757,22794.87093483563,R,91.76223712688484,-41.5593229323281,-58.09996161840174,-39.38687024285177,-56.542384676473766,-37.21154457458497,-54.98274790348924,1747.6338448661445,7.272524709874831,24030.6346775716,24940.84418474149,24.93742802234505,1813.8290561867045,Mutant,,58.56256212788292,LLLYSLLLTLLATLLVFLILI,T8I,T,I,8,clash,clash
LLLALLLVILLAILLSFLILI,11.0,23657.556700533136,1028.311199611706,23539.78135659753,24739.684642192035,22693.204102809847,R,88.29778335617225,-51.35779124083094,-64.81282930428567,-45.88536819443127,-60.85414632575976,-48.70125287750757,-62.89112239100015,1447.0802669634486,6.1015902899902175,23716.44437250094,20096.02850355008,20.093275938465144,1226.1773238462781,Mutant,,58.460421804606696,LLLALLLVTLLAILLSFLILI,T8I,T,I,8,clash,clash
