Sequence,Segments,Fluorescence,FluorStdDev,Rep1-Fluor,Rep2-Fluor,Rep3-Fluor,Sample,LB-12H_M9-36H,LB-36H_M9-36H,std,Percent Error,mean,PercentGpA_transformed,Percent GpA,std_adjusted,Type,Mutant Type,mean_transformed,percent_wt,wt_seq,position,wt_aa,mut_aa,mut_position
LLLYALLALLLGTLLGFLILI,13.0,25532.02086,1146.976004,26104.55385,26280.02147,24211.48726,D,-34.12787555,-1.316358998,1146.9760080157885,0.0449230405342771,25532.02086,0.1087706962080827,10.45181161166168,0.0048863103946972,WT,,,44.15464054378287,LLLGALLALLLGTLLGFLILI,G3Y,G,Y,3
LLLAYLLGFLLGTLLGLLILI,13.0,32018.32818,2239.660931,32527.98719,33959.23701,29567.76034,D,14499.04515,26159.61858,2239.660926489588,0.0699493400748067,32018.32818,1.2671629685565935,121.76210220527496,0.0886372134177667,WT,,,48.83906166413389,LLLAVLLGFLLGTLLGLLILI,V4Y,V,Y,4
LLLYVLLGILLGLLLGFLILI,13.0,30108.11236,2917.773389,31244.51324,32286.70029,26793.12356,D,-44.47297891,-36.47181279,2917.773386756749,0.0969098743735961,30108.112363333334,0.9260167460022533,88.98125061132319,0.0897401665229246,WT,,,32.957064585391564,LLLAVLLGILLGLLLGFLILI,A3Y,A,Y,3
LLLAYLLGVLLGLLLGFLILI,13.0,31645.96643,2181.163442,32689.47276,33109.3568,29139.06973,D,2114.799586,2847.63252,2181.163439569546,0.0689239004406523,31645.96643,1.2006627316054144,115.37207278581688,0.0827543585759732,WT,,,59.900953000006254,LLLALLLGVLLGLLLGFLILI,L4Y,L,Y,4
LLLAYLLGVLLGLLLGFLILI,13.0,31645.96643,2181.163442,32689.47276,33109.3568,29139.06973,D,2114.799586,2847.63252,2181.163439569546,0.0689239004406523,31645.96643,1.2006627316054144,115.37207278581688,0.0827543585759732,WT,,,41.922740949799305,LLLAILLGVLLGLLLGFLILI,I4Y,I,Y,4
LLLYILLGVLLGLLLGFLILI,13.0,31812.04556,5168.549816,32485.26006,36611.0,26339.87662,D,99999900.0,99999900.0,5168.5498153789085,0.1624714702998466,31812.04556,1.2303228712348089,118.2221252594074,0.1998923658330482,WT,,,42.95836429138115,LLLAILLGVLLGLLLGFLILI,A3Y,A,Y,3
LLLAYLLGLLLGFLLGTLILI,13.0,31025.70638,1990.098798,31635.56791,32639.51085,28802.04037,D,2804.302636,3770.222039,1990.098801215061,0.0641435452606405,31025.70637666667,1.089890235456125,104.7279075660685,0.0699094236471101,WT,,,28.808636781434423,LLLAVLLGLLLGFLLGTLILI,V4Y,V,Y,4
LLLYALLALLLGTLLSFLILI,0.0,19281.51675,1459.020984,19953.94572,20283.06969,17607.53484,G,-77.62236554,-76.53953403,1891.888835735932,0.0998605780616682,18945.302265,0.2123109652284077,18.545497949852987,0.0212014957165395,WT,,,70.03195713348008,LLLGALLALLLGTLLSFLILI,G3Y,G,Y,3
LLLAYLLGLLLGVLLGTLILI,0.0,26622.68502,2186.111322,27199.32784,28462.67163,24206.0556,G,6558.955859,7031.696322,3009.8820597203617,0.114294846981073,26334.363615,1.1852386373432675,103.5313493831501,0.1354666686912042,WT,,,27.227647823231376,LLLALLLGLLLGVLLGTLILI,L4Y,L,Y,4
LLLTYLLGVLLGLLLGFLILI,1.0,24655.04758,1607.080719,26436.88702,24213.00935,23315.24637,G,64.27875449,37.3922687,634.8142910562425,0.0267131322805566,23764.12786,0.8468122295156306,73.96958724904923,0.022621007103844,WT,,,9.711422834028866,LLLTALLGVLLGLLLGFLILI,A4Y,A,Y,4
LLLTYLLGVLLGLLLGFLILI,1.0,24655.04758,1607.080719,26436.88702,24213.00935,23315.24637,G,64.27875449,37.3922687,634.8142910562425,0.0267131322805566,23764.12786,0.8468122295156306,73.96958724904923,0.022621007103844,WT,,,41.99890315802323,LLLTLLLGVLLGLLLGFLILI,L4Y,L,Y,4
LLLYALLALLLGVLLGTLILI,7.0,19016.78959,1507.510792,19070.92251,20496.50481,17482.94147,G,17.44200016,15.24474781,2130.911073249179,0.1122139094677279,18989.72314,0.218159921741275,19.056408024146435,0.024480577707762,Mutant,void,,65.60264723950704,LLLAALLALLLGVLLGTLILI,A3Y,A,Y,3
LLLYALLALLLGTLLSFLILI,0.0,19281.51675,1459.020984,19953.94572,20283.06969,17607.53484,G,-77.62236554,-76.53953403,1891.888835735932,0.0998605780616682,18945.302265,0.2123109652284077,18.545497949852987,0.0212014957165395,WT,,,56.178363964297205,LLLVALLALLLGTLLSFLILI,V3Y,V,Y,3
LLLYVLLGLLLGFLLSTLILI,1.0,26683.63667,2674.42322,27521.26738,28838.98538,23690.65724,G,11019000000000.0,11106000000000.0,3640.417739567524,0.1386043215980868,26264.82131,1.1760819082660143,102.73150326994129,0.1630100350389942,WT,,,0.0,LLLAVLLGLLLGFLLSTLILI,A3Y,A,Y,3
LLLAYLLGLLLGFLLSTLILI,1.0,27868.30473,5142.879256,23650.61115,26356.72299,33597.58004,G,99999900.0,16080800000000.0,5120.059121657422,0.1707987204553255,29977.151515,1.6648894324412369,145.42915163544998,0.2843609847605563,WT,,,0.0,LLLAVLLGLLLGFLLSTLILI,V4Y,V,Y,4
LLLVYLLATLLGILLALLILI,0.0,27076.82982,5393.279559,28657.8544,21069.7348,31502.90026,G,99999900.0,99999900.0,7377.362046007265,0.2806540717461714,26286.31753,1.1789123445410994,102.97874368015894,0.3308665497272848,WT,,,0.0,LLLVFLLATLLGILLALLILI,F4Y,F,Y,4
LLLTYLLAVLLGLLLGFLILI,1.0,25175.75682,1532.668297,25765.0198,26326.34123,23435.90945,G,8803810000000.0,10518600000000.0,2043.843912195105,0.0821443517632753,24881.12534,0.9938887939800144,86.81681877009312,0.0816423507062717,WT,,,0.0,LLLTLLLAVLLGLLLGFLILI,L4Y,L,Y,4
