Sequence,Segments,Fluorescence,FluorStdDev,Rep1-Fluor,Rep2-Fluor,Rep3-Fluor,Sample,Average Percent GpA,LB-12H_M9-24H,LB-12H_M9-36H,LB-24H_M9-24H,LB-24H_M9-36H,LB-36H_M9-24H,LB-36H_M9-36H,std,Percent Error,mean,PercentGpA_transformed,Percent GpA,std_adjusted,Type,Mutant Type,mean_transformed,percent_wt,wt_seq,position,wt_aa,mut_aa,mut_position,Mutant Type_x,Mutant Type_y
LLLYALLALLLGTLLSFLILI,0.0,19281.516749739225,1459.0209835751923,19953.945717194896,20283.06969471774,17607.53483730504,G,9.735942859831765,-82.0091263513158,-77.62236553565434,-86.21845506205794,-82.85806565053741,-81.13856584737185,-76.53953403359553,1891.8888409775016,9.986057833300574,18945.30226601139,0.2223216167938272,20.16479693516211,0.022201165228960464,WT,,,58.71498529641698,LLLVALLALLLGTLLSFLILI,V3Y,V,Y,3,,
LLLYFLLAVLLGLLLGSLILI,0.0,18900.771811172985,2127.226088244874,17633.25511988413,21356.65581343051,17712.40450020432,G,6.259694188412131,99999900.0,99999900.0,99999900.0,99999900.0,99999900.0,99999900.0,2576.8748159302186,13.191383643444873,19534.53015681741,0.2955547868098562,26.80711999662532,0.03898776580465373,WT,,,58.04243074594402,LLLTFLLAVLLGLLLGSLILI,T3Y,T,Y,3,,
LLLYSLLALLLGTLLGFLILI,0.0,18460.568611819734,1749.5292302190528,19257.048699832947,19670.14296302164,16454.514172604613,G,-6.712322585107252,-37.65979032766971,-44.04618515947917,-39.17908209663841,-45.40983425171721,-30.737623887434744,-37.83315473612968,2273.792923482576,12.588592411802594,18062.32856781313,0.1125797597487028,10.21109879948012,0.01417220709295079,WT,,,71.91278143514104,LLLSSLLALLLGTLLGFLILI,S3Y,S,Y,3,,
LLLYLLLGALLGTLLSFLILI,1.0,23107.22497088202,2719.806974172467,24650.749492595485,24704.1119062781,19966.81351377247,G,61.65815576581815,14204736928466.938,14204736928466.938,21632229726632.35,21632229726632.35,17912838063425.535,17912838063425.535,3349.7758178448607,14.997566252976313,22335.462710025284,0.6436733553180601,58.381828495786216,0.0965353379165817,WT,,,52.85622886638868,LLLGLLLGALLGTLLSFLILI,G3Y,G,Y,3,,
LLLYLLLGALLGTLLSFLILI,1.0,23107.22497088202,2719.806974172467,24650.749492595485,24704.1119062781,19966.81351377247,G,61.65815576581815,14204736928466.938,14204736928466.938,21632229726632.35,21632229726632.35,17912838063425.535,17912838063425.535,3349.7758178448607,14.997566252976313,22335.462710025284,0.6436733553180601,58.381828495786216,0.0965353379165817,WT,,,54.45025239005387,LLLALLLGALLGTLLSFLILI,A3Y,A,Y,3,,
LLLAYLLGLLLGVLLGTLILI,0.0,26622.6850227904,2186.111322459042,27199.32784470646,28462.67162669608,24206.055596968647,G,125.863971481207,4075.9693343907607,6558.955858984602,4391.713903270049,7062.438758048573,4372.434684275807,7031.696322460959,3009.8820595276266,11.429484698750224,26334.363611832363,1.140683415752719,103.461146863157,0.13037423646463842,WT,,,27.61377181918359,LLLALLLGLLLGVLLGTLILI,L4Y,L,Y,4,,
LLLTYLLGVLLGLLLGFLILI,1.0,24655.047581072315,1607.0807186109134,26436.887022890536,24213.00934654537,23315.24637378104,G,102.97883038494888,58.90697704233608,64.27875448803606,2.761550358387718,6.235357416924129,32.899656777909975,37.39226869532533,634.8142859398507,2.671313206507428,23764.127860163204,0.8212373835464332,74.48706659116672,0.02193782268345193,WT,,,0.0,LLLTLLLGVLLGLLLGFLILI,L4Y,L,Y,4,,
LLLTYLLGVLLGLLLSFLILI,1.0,25550.419082884982,1307.4604973171972,25745.24932663749,26749.531567399903,24156.47635461755,G,116.43136379135072,11592920443701.398,11592920443701.398,13378179303356.695,13378179303356.695,18678040921433.49,18678040921433.49,1833.5669249495284,7.203734882367348,25453.00396100873,1.031142163274425,93.52564376587362,0.07428074770259703,WT,,,0.0,LLLTLLLGVLLGLLLSFLILI,L4Y,L,Y,4,,
LLLYVLLGLLLGFLLSTLILI,1.0,26683.63666680588,2674.4232201290165,27521.26738384744,28838.98537585473,23690.65724071548,G,122.1419036142193,11019028712085.244,11019028712085.244,15066620603192.422,15066620603192.422,11106004344828.523,11106004344828.523,3640.4177361304537,13.86043214762745,26264.821308285107,1.1320402347043543,102.67720154453444,0.15690566861503955,WT,,,0.0,LLLAVLLGLLLGFLLSTLILI,A3Y,A,Y,3,,
LLLYVLLGALLGTLLSFLILI,1.0,22836.030173608364,2384.639862967545,24798.362567803,23527.71960598857,20182.008347033523,G,61.546151187372914,19021865627853.73,19021865627853.73,18687569094768.145,18687569094768.145,21196690635959.16,21196690635959.16,2365.7751190992963,10.82493636950548,21854.86397651105,0.5839413410836515,52.96407400598302,0.06321127860754223,WT,,,0.0,LLLLVLLGALLGTLLSFLILI,L3Y,L,Y,3,,
LLLLALLLFVLTYLLSLLILI,2.0,28503.580526728125,1041.585060246117,27303.321720399465,29170.294733720224,29037.12512606469,L,181.22685470857888,10.586682141844898,-9.598645313831856,-9.874667489112063,-26.32519583076716,-9.784069029315123,-26.25113425898025,1041.5850602461182,3.654225332390829,28503.580526728125,0.2089633207759004,20.89420056267386,0.0076359906031980606,WT,,,33.30801525007134,LLLLALLLFVLTWLLSLLILI,W12Y,W,Y,12,,
LLLYALLLLLVTLLFSLLILI,2.0,29123.23930014774,1803.3416068053984,27350.084908241275,29064.30944817241,30955.323544029536,L,202.25576318506947,99999900.0,99999900.0,18227292857042.85,18227292857042.85,24286899999900.02,24286899999900.02,1803.3416068053984,6.192105171474692,29123.239300147743,0.3226780304124801,32.26451158783697,0.01998056300838386,WT,,,56.76475099835741,LLLAALLLLLVTLLFSLLILI,A3Y,A,Y,3,,
LLLYLLLTILVALLLSLLILI,3.0,27972.8494682556,1199.006714864523,26779.97817620588,29177.898836392385,27960.671392168537,L,167.72674994443116,99999900.0,99999900.0,18227292857042.85,18227292857042.85,26494799999900.008,26494799999900.008,1199.0067148645212,4.286323122802304,27972.8494682556,0.1115678980075558,11.15565176065415,0.004782160609922355,WT,,,22.97881231707105,LLLFLLLTILVALLLSLLILI,F3Y,F,Y,3,,
LLLLYLLLFILAVLLSTLILI,2.0,27634.406257857656,790.3154094191561,26740.295537679907,27923.27514124011,28239.64809465295,L,167.5305382131221,16465286666566.662,16465286666566.662,17012139999900.004,17012139999900.004,17487339955221.72,17487339955221.72,790.3154094191561,2.8598964712492614,27634.406257857656,0.0494595683110562,4.945452322432944,0.001414492448823014,WT,,,41.759155575994924,LLLLLLLLFILAVLLSTLILI,L4Y,L,Y,4,,
LLLLFVLLALLTILYSLLILI,2.0,27374.33684236572,3394.6488174600536,24865.452812119685,31236.99017675818,26020.56753821929,L,145.45934796475578,19288746153746.164,19288746153746.164,99999900.0,99999900.0,21928399999899.98,21928399999899.98,3394.648817460054,12.40084403508306,27374.33684236572,0.001733756402001,0.173357955146007,0.00021500042736041165,WT,,,0.0,LLLLFVLLALLTILLSLLILI,L14Y,L,Y,14,,
LLLYYLLVFLLATLLSLLILI,4.0,24996.075172890927,1350.8659507643877,24287.55137953308,26553.804702129582,24146.86943701012,R,111.2335967967649,6971390429319.067,6971390429319.067,5229943819418.21,5229943819418.21,6275349506762.43,6275349506762.43,1701.9602478430136,6.713757861176608,25350.33706956985,0.3869490556868234,36.17693062120182,0.02597882264492276,WT,,,0.0,LLLYILLVFLLATLLSLLILI,I4Y,I,Y,4,,
LLLYALLALLLGVLLGTLILI,7.0,19016.78959424018,1507.510791694097,19070.922506897696,20496.504810185004,17482.94146563784,G,6.110534088485998,-1.658680119651848,17.442000157224875,-6.670014842283785,11.457321753484475,-3.498572962410844,15.244747814145851,2130.9110764645125,11.221390964938944,18989.723137911424,0.2278425388595928,20.66555018604485,0.025567102069877848,Mutant,,,67.84769232697302,LLLAALLALLLGVLLGTLILI,A3Y,A,Y,3,void,void
LLLYALLTILLALLFSLLILI,9.0,28527.61266879449,527.8127029933908,27969.544768498567,28594.49946851224,29018.793769372674,L,181.68352075120583,3356874517062.8657,3356874517062.8657,3592896357529.24,3592896357529.24,3890009736219.241,3890009736219.241,527.812702993391,1.8501818190021544,28527.61266879449,0.2133735029184704,21.33517379119372,0.003947797757565571,Mutant,,,71.3364010665161,LLLVALLTILLALLFSLLILI,V3Y,V,Y,3,void,void
LLLYALLTILVALLLSLLILI,8.0,29179.01707593941,1080.5578639701846,28010.458842433563,29384.536323425426,30142.05606195924,L,196.17739671426023,5200910050390.028,5200910050390.028,3525720350125.5083,3525720350125.5083,4938732147157.041,4938732147157.041,1080.5578639701866,3.703201725945727,29179.01707593941,0.3329139115948295,33.2879952957221,0.012328473720093158,Mutant,,,74.70224894051908,LLLFALLTILVALLLSLLILI,F3Y,F,Y,3,void,void
LLLAALLLLLVTLLYSLLILI,9.0,28464.499943966643,839.7083391761205,27591.94410324016,29266.96746480004,28534.58826385974,L,176.84009309040528,44.22532330562577,24.79633968920692,-23.690853365854043,-33.9706650227567,21.883787994227824,5.464493062028147,839.7083391761203,2.95001964140988,28464.499943966646,0.2017915718847725,20.177098828455804,0.005952891005310526,Mutant,,,35.498692975669115,LLLAALLLLLVTLLFSLLILI,F14Y,F,Y,14,void,void
