Sequence,Mutant,Region,Mutant Type,CHARMM_IMM1,CHARMM_IMM1REF,CHARMM_VDW,Dimer,HBONDMonomer,IMM1Monomer,Monomer,MonomerSasa,SCWRL4_HBOND,VDWMonomer,Mutant_DimerSasa,Mutant_MonomerSasa,Mutant_Position_MonomerSasa,Mutant_Position_Sasa,WT_DimerSasa,WT_MonomerSasa,WT_Position_MonomerSasa,WT_Position_Sasa,Total,Interface,Position,WT_AA,SasaDifference,SasaPercDifference,Mutant_SASA_no_alanine,SASA_no_wt_position,DimerSasaDifference,Segment,PercentGpA_transformed,std_adjusted,Sample,wt_seq,Percent GpA
LLLTFLLGVLLGLLLGSLILI,LLLTFLLGVLLILLLGSLILI,GAS,clash,27.2266,-265.48,246784000000.0,246784000000.0,-60.2321,-282.18,-376.744,4130.51,-52.5198,-34.3319,3087.52,4051.37,56.4231,0.0,3087.52,4035.01,36.1056,0.0,-32.3478,1.10011e+17,11,G,130.2678,0.0,,,,,0.134018630213824,0.0130116614302381,G,LLLTFLLGVLLGLLLGSLILI,12.155626172404553
LLLTFLLAVLLGILLGLLILI,LLLTFLLAVLLIILLGLLILI,GAS,clash,17.4667,-262.726,223277000.0,223277000.0,-44.9923,-273.271,-361.678,4168.3,-52.0124,-43.4148,3119.63,4053.58,61.9683,0.0,3119.63,4033.1,40.9406,0.0,-28.6534,1.10011e+17,11,G,130.2678,0.0,,,,,0.132840845925994,0.0064922688280741,G,LLLTFLLAVLLGILLGLLILI,12.04879993868055
LLLTFLLAVLLGILLGLLILI,LLLTFLLAVLLGILLILLILI,GAS,clash,17.4705,-262.726,239315000.0,239315000.0,-44.9923,-268.977,-356.888,4192.05,-54.5074,-42.9191,3119.63,4051.26,59.132,0.0,3119.63,4033.1,39.1601,0.0,-28.6534,1.10011e+17,15,G,129.7204,0.0,,,,,0.2889168731681626,0.0247429032504935,G,LLLTFLLAVLLGILLGLLILI,26.205054472866458
LLLSYLLGVLLGTLLGFLILI,LLLSYLLGVLLITLLGFLILI,GAS,clash,14.9851,-264.285,1540160000.0,1540160000.0,-58.6887,-276.236,-348.969,4154.86,-54.7134,-14.0439,3327.28,4144.66,63.368,0.0,3327.28,4123.37,42.0652,0.0,-26.5145,1.10011e+17,11,G,130.2678,0.0,,,,,0.1497335437972108,0.0198817401524543,G,LLLSYLLGVLLGTLLGFLILI,13.580984829977131
LLLSYLLGVLLGLLLATLILI,LLLSYLLGVLLILLLATLILI,GAS,clash,14.8439,-262.325,6093740000.0,6093740000.0,-58.7839,-281.928,-376.522,4150.2,-55.4772,-35.8101,3203.07,4064.87,54.849,0.0,3203.07,4047.62,34.6202,0.0,-26.2402,1.10011e+17,11,G,130.2678,0.0,,,,,0.1467403903689343,0.0182642093107056,G,LLLSYLLGVLLGLLLATLILI,13.309502767425602
LLLSYLLGVLLGLLLATLILI,LLLSYLLIVLLGLLLATLILI,GAS,clash,15.6761,-262.288,34161700.0,34161400.0,-58.7839,-281.922,-376.728,4142.27,-56.2312,-36.0228,3203.15,4063.34,60.1152,0.217901,3203.07,4047.62,40.8023,0.0726336,-26.2402,1.10011e+17,7,G,109.9687,15.22636378,,,,,0.4426990796439196,0.0300774357810618,G,LLLSYLLGVLLGLLLATLILI,40.15325712875371
LLLTALLFLLLGYLLGSLILI,LLLTALLFLLLGYLLISLILI,GAS,clash,16.4379,-268.957,6058340.0,6058030.0,-60.326,-280.29,-367.167,4142.67,-58.1195,-26.551,3174.16,4192.66,60.8303,8.18466,3174.58,4176.7,41.3995,7.83405,-22.501,1.10011e+17,15,G,121.53574,6.309462506,,,,,0.1257103773729289,0.010697687616693,G,LLLTALLFLLLGYLLGSLILI,11.402059183109047
LLLTALLFLLLGYLLGSLILI,LLLTALLFLLLIYLLGSLILI,GAS,clash,16.439,-268.957,619887000000.0,619887000000.0,-60.326,-286.589,-374.044,4096.43,-53.4858,-27.1288,3173.63,4175.59,51.9778,1.67057,3174.58,4176.7,39.1287,1.16214,-22.501,1.10011e+17,11,G,128.59723,1.282412077,,,,,0.275616721278424,0.0240152248770777,G,LLLTALLFLLLGYLLGSLILI,24.99871715879364
LLLYLLLGALLGTLLSFLILI,LLLYLLLGALLITLLSFLILI,GAS,clash,14.8852,-265.304,50362500000.0,50362500000.0,-73.9921,-279.476,-370.424,4288.77,-51.6788,-16.9556,3417.52,4145.36,54.4839,7.58635,3418.96,4122.3,31.5453,5.84314,-18.6621,1.10011e+17,11,G,122.68145,5.823657113,,,,,0.0777665956899538,0.0080101570457967,G,LLLYLLLGALLGTLLSFLILI,7.053509384474353
LLLYLLLGALLGTLLSFLILI,LLLYLLLGALLGTLLIFLILI,GAS,clash,14.8871,-262.093,700545000.0,700545000.0,-58.7234,-269.047,-344.54,4263.62,-55.2402,-16.7699,3419.9,4112.56,59.1023,15.9864,3418.96,4122.3,70.3474,15.2333,-18.6621,1.10011e+17,15,S,113.734,12.32373628,,,,,0.1148725492982451,0.0031480210093928,G,LLLYLLLGALLGTLLSFLILI,10.419057145359089
LLLFYLLGVLLGLLLASLILI,LLLFYLLGVLLILLLASLILI,GAS,clash,13.5545,-254.016,558967000.0,558967000.0,-60.32,-286.324,-370.741,4268.61,-47.8134,-24.0967,3187.04,4227.12,54.4575,0.0,3187.04,4209.22,34.2449,0.0,-17.4846,1.10011e+17,11,G,130.2678,0.0,,,,,0.1362270167945321,0.0186962943860254,G,LLLFYLLGVLLGLLLASLILI,12.35592908309998
LLLTFLLGLLLGYLLASLILI,LLLTFLLGLLLIYLLASLILI,GAS,clash,19.08,-264.538,78151400.0,78151100.0,-60.2384,-288.612,-375.386,4162.38,-47.3912,-26.5354,3187.84,4142.5,57.5137,0.0,3187.84,4123.45,37.0337,0.0,-16.3299,1.10011e+17,11,G,130.2678,0.0,,,,,0.1476679814322015,0.010833136553243,G,LLLTFLLGLLLGYLLASLILI,13.393636221020447
LLLYLLLGALLGILLSTLILI,LLLYLLLIALLGILLSTLILI,GAS,clash,16.088,-261.441,217008000.0,217007000.0,-74.1632,-288.869,-396.267,4214.05,-54.3754,-33.2341,3483.04,4160.88,61.9439,25.8787,3489.55,4141.35,41.075,21.3356,-14.2325,1.10011e+17,7,G,103.7167,19.96884149,,,,,0.1263139150027947,0.0154931184021305,G,LLLYLLLGALLGILLSTLILI,11.456800660453824
LLLALLLGLLLGVLLSTLILI,LLLALLLILLLGVLLSTLILI,GAS,clash,26.9683,-269.444,28990400000.0,28990400000.0,-74.1192,-271.948,-391.048,4564.0,-51.9568,-44.9807,3611.41,4556.14,57.6879,0.0,3611.41,4542.45,38.6163,0.0,-16.0131,1.10011e+17,7,G,129.5954,0.0,,,,,0.0354491381468365,0.0007508438466137,G,LLLALLLGLLLGVLLSTLILI,3.2152729121269785
LLLALLLGLLLGVLLSTLILI,LLLALLLGLLLIVLLSTLILI,GAS,clash,26.3431,-269.464,15319500000.0,15319500000.0,-74.1192,-270.653,-389.705,4560.3,-53.7195,-44.9325,3611.01,4559.58,53.4774,2.08604,3611.41,4542.45,32.6347,2.21346,-16.0131,1.10011e+17,11,G,128.18176,1.601347378,,,,,0.2642687048706331,0.0374698834098642,G,LLLALLLGLLLGVLLSTLILI,23.9694405199313
LLLGYLLALLLGTLLSFLILI,LLLGYLLILLLGTLLSFLILI,GAS,clash,14.9216,-263.594,2920690.0,2920380.0,-74.0338,-280.064,-370.569,4175.39,-56.2574,-16.4712,3379.08,4117.73,58.8722,7.95178,3379.08,4117.73,58.8722,7.95178,-14.0,1.10011e+17,7,A,121.64362,6.135850501,,,,,0.1448458606174012,0.019003377312806,G,LLLGYLLALLLGTLLSFLILI,13.137666990598213
LLLGYLLALLLGTLLSFLILI,LLLIYLLALLLGTLLSFLILI,GAS,clash,28.1034,-272.606,5280.14,4979.13,-74.0304,-275.634,-364.314,4624.9,-56.4993,-14.6491,3667.66,4734.84,61.479,23.2698,3674.84,4713.4,41.3367,10.7292,-24.9317,1.10011e+17,3,G,129.5954,0.0,,,,,0.240213595752627,0.0177307286630049,G,LLLGYLLALLLGTLLSFLILI,21.787617638229285
LLLTLLLGLLLGVLLGSLILI,LLLTLLLILLLGVLLGSLILI,GAS,clash,19.185,-262.885,84519500.0,84519200.0,-60.2824,-283.754,-398.081,4085.47,-46.7415,-54.0451,3232.5,3951.08,54.9474,1.3487,3232.5,3941.92,38.1198,1.3487,-10.7178,1.10011e+17,7,G,128.2467,1.040700519,,,,,0.1081735009546499,0.0135540046510814,G,LLLTLLLGLLLGVLLGSLILI,9.811446641911266
LLLLYLLLAVLTALLFSLILI,LLLLYLLLAVLTILLFSLILI,Left,clash,20.3696,-274.081,422.795,119.412,-74.2439,-287.039,-382.831,4210.94,-49.671,-21.5484,3350.15,4125.93,50.3537,20.2799,3350.15,4125.93,50.3537,20.2799,-12.7239,1.10011e+16,12,A,118.927,8.392260172,,,,,0.068644226707298,0.0039671103012763,L,LLLLYLLLAVLTALLFSLILI,6.863722470366445
LLLLYLLLAVLTALLFSLILI,LLLLYLLLIVLTALLFSLILI,Left,clash,20.5237,-274.079,603885.0,603581.0,-74.2318,-287.912,-383.504,4206.85,-49.7888,-21.3602,3350.15,4125.93,62.0981,38.3197,3350.15,4125.93,62.0981,38.3197,-12.7239,1.10011e+16,8,A,118.927,8.392260172,,,,,0.2783059119971923,0.0032781372093867,L,LLLLYLLLAVLTALLFSLILI,27.827752360824043
LLLYWLLTVLALLLFSLLILI,LLLYWLLTVLAILLFSLLILI,Left,clash,39.9925,-280.598,59583500000.0,59583500000.0,-74.1508,-288.117,-374.103,4285.65,-49.6148,-11.8355,3648.83,4196.07,52.5852,20.5134,3618.08,4268.14,113.453,49.7409,-12.1449,1.10011e+17,11,L,109.7544,15.74709944,,,,,0.0906056542866561,0.0032744981061404,L,LLLYWLLTVLALLLFSLLILI,9.059641212382656
LLLYWLLTVLALLLFSLLILI,LLLYWLLIVLALLLFSLLILI,Left,clash,40.118,-281.368,59583500000.0,59583500000.0,-60.4452,-287.926,-372.076,4400.54,-45.1307,-23.705,3630.0,4234.92,64.6941,50.7023,3618.08,4268.14,93.7166,65.9125,-12.1449,1.10011e+17,7,T,78.8931,39.12353371,,,,,0.1458023989469781,0.0060782717838674,L,LLLYWLLTVLALLLFSLLILI,14.578752648098664
LLLFLLLTILVALLLSLLILI,LLLFLLLTILVILLLSLLILI,Left,clash,17.5851,-272.396,16461.5,16157.1,-74.1594,-283.663,-400.535,4285.17,-49.5613,-42.7122,3368.67,4119.16,45.9191,14.8409,3368.67,4119.16,45.9191,14.8409,-9.91551,1.10011e+17,11,A,115.4269,11.39260815,,,,,0.0161058318320528,0.0021291577322835,L,LLLFLLLTILVALLLSLLILI,1.6104188968575204
LLLFLLLTILVALLLSLLILI,LLLFLLLIILVALLLSLLILI,Left,clash,17.6806,-269.146,16333.6,16037.0,-60.3711,-280.251,-388.972,4287.15,-45.0575,-48.35,3385.38,4101.17,44.9609,19.4632,3368.67,4119.16,67.3699,21.2366,-9.91551,1.10011e+17,7,T,110.1322,15.0184343,,,,,0.0537615386640659,0.0019515850580098,L,LLLFLLLTILVALLLSLLILI,5.37560547580314
LLLFALLTVLLSLLYLLLILI,LLLFILLTVLLSLLYLLLILI,Left,clash,19.0563,-277.166,22834300000.0,22834300000.0,-74.3168,-279.912,-383.128,4314.35,-53.1649,-28.8989,3461.91,4233.92,56.4388,16.5353,3461.91,4233.92,56.4388,16.5353,-7.76537,1.10011e+17,4,A,121.9399,11.94098293,,,,,0.0096308137282819,0.0002573111666409,L,LLLFALLTVLLSLLYLLLILI,0.962983134424246
LLLYSLLLALLFALLTILILI,LLLYSLLLALLFILLTILILI,Right,clash,14.9079,-270.103,6024.83,5714.6,-58.9028,-281.254,-368.177,4297.71,-55.0357,-28.0205,3388.49,4264.35,44.2787,2.94885,3388.49,4264.35,44.2787,2.94885,-14.225,1.10011e+17,12,A,124.6439,3.988615181,,,,,0.0727922861931111,0.0038888414733355,R,LLLYSLLLALLFALLTILILI,6.805550882383307
LLLYSLLIALLFVLLTLLILI,LLLYSLLIILLFVLLTLLILI,Right,clash,15.1316,-272.34,1416580.0,1416270.0,-58.8796,-284.867,-370.249,4354.08,-55.3829,-26.5032,3478.85,4296.13,50.64,5.915,3478.85,4296.13,50.64,5.915,-10.2014,1.10011e+17,8,A,125.4146,4.503935137,,,,,0.014553894606405,0.000617913367337,R,LLLYSLLIALLFVLLTLLILI,1.3606836034517535
LLLYSLLIALLFVLLTLLILI,LLLYSLLIALLFILLTLLILI,Right,clash,15.0856,-269.72,40305.4,39995.2,-58.8983,-281.172,-365.845,4378.46,-55.6025,-25.7746,3492.89,4286.72,45.3437,10.685,3478.85,4296.13,72.7115,22.4826,-10.2014,1.10011e+17,12,V,119.137,8.230500223,,,,,0.4530958831572732,0.022783468346941,R,LLLYSLLIALLFVLLTLLILI,42.36117930469733
LLLTSLLLALLFVLLILLILI,LLLTILLLALLFVLLILLILI,Right,clash,25.8574,-274.848,14605500.0,14605300.0,-45.1106,-274.241,-372.727,4237.43,-45.1106,-53.3754,3292.88,4104.26,55.201,6.86907,3278.54,4109.92,65.0439,8.89237,-5.87644,1.10011e+17,4,S,131.60613,4.960505563,,,,,0.0160584257385614,0.0016513230040494,R,LLLTSLLLALLFVLLILLILI,1.5013463537170302
LLLYSLLFTLLAVLLALLILI,LLLYSLLFTLLIVLLALLILI,Right,clash,15.1605,-271.561,1124.27,815.797,-58.7649,-278.345,-362.892,4282.39,-52.07,-25.7825,3480.59,4245.28,48.3785,25.1279,3480.59,4245.28,48.3785,25.1279,-5.51293,1.10011e+17,11,A,105.1399,19.28941765,,,,,0.1264516870346973,0.0131179536175249,R,LLLYSLLFTLLAVLLALLILI,11.8223157326701
LLLYFLLGILLGVLLSLLILI,LLLYFLLGILLIVLLSLLILI,GAS,clash,33.7178,-275.94,63203300000.0,63203300000.0,-60.344,-278.728,-360.601,4721.79,-49.3708,-21.5283,3642.72,4649.99,53.4129,2.73506,3642.91,4629.75,31.6916,2.80769,-32.2999,1.10011e+17,11,G,127.53274,2.099567199,,,,,0.0871394109681179,0.008574928349936,G,LLLYFLLGILLGVLLSLLILI,7.903633270404153
LLLYLLLGILLGTLLAFLILI,LLLYLLLGILLITLLAFLILI,GAS,clash,23.3802,-276.96,10143800000000.0,10143800000000.0,-58.7109,-279.399,-357.204,4715.85,-54.4733,-19.0947,3699.52,4716.76,58.4187,0.0,3699.52,4694.57,36.8369,0.0,-28.6375,1.10011e+17,11,G,130.2678,0.0,,,,,0.146759548285364,0.0075409851033504,G,LLLYLLLGILLGTLLAFLILI,13.311240409945825
LLLLTLLVGLLFALLSILILI,LLLLTLLVILLFALLSILILI,GAS,clash,30.1246,-275.926,90296400.0,90296100.0,-60.4426,-277.252,-374.525,4616.58,-45.0501,-36.8303,3692.22,4635.56,50.6681,4.65911,3704.1,4627.46,35.0426,1.94782,-24.9465,1.10011e+17,8,G,126.67049,3.547646532,,,,,0.0918742514093268,0.0087127581451264,G,LLLLTLLVGLLFALLSILILI,8.333088117819702
LLLYLLLGALLGALLTFLILI,LLLYLLLGALLIALLTFLILI,GAS,clash,31.2224,-275.769,13794000000000.0,13794000000000.0,-58.7574,-275.345,-349.705,4697.29,-57.5595,-15.6031,3805.72,4767.04,54.2841,11.4078,3808.41,4744.81,31.2501,8.64772,-23.6808,1.10011e+17,11,G,118.86,8.757190956,,,,,0.0094496203282179,0.0010646534766815,G,LLLYLLLGALLGALLTFLILI,0.8570901821463613
LLLAYLLGVLLGLLLSFLILI,LLLAYLLGVLLILLLSFLILI,GAS,clash,26.6395,-274.221,11984300.0,11984000.0,-60.3304,-275.801,-357.573,4622.67,-51.0102,-21.4421,3683.53,4801.31,49.9673,0.0,3683.53,4783.62,29.6588,0.0,-22.7425,1.10011e+17,11,G,130.2678,0.0,,,,,0.1305971818699731,0.0129377483716136,G,LLLAYLLGVLLGLLLSFLILI,11.845297325066776
LLLAYLLGVLLGLLLSFLILI,LLLAYLLIVLLGLLLSFLILI,GAS,clash,27.4271,-274.185,200889000.0,200889000.0,-60.3304,-275.834,-357.829,4619.26,-48.8627,-21.6653,3683.53,4804.42,63.8568,0.0,3683.53,4783.62,42.5045,0.0,-22.7425,1.10011e+17,7,G,129.5954,0.0,,,,,0.402239997142236,0.0274796087787488,G,LLLAYLLGVLLGLLLSFLILI,36.48357716422733
LLLLALLILLTSLLFVLLILI,LLLLALLILLTILLFVLLILI,Left,clash,17.4215,-281.258,41055.5,40741.8,-58.9887,-279.359,-380.094,4660.07,-49.9222,-41.7457,3826.86,4678.29,53.1314,21.3052,3826.36,4677.8,58.9413,21.4149,-19.9071,1.10011e+17,11,S,108.9626,16.35492424,,,,,0.0476508569538023,0.0025667008516372,L,LLLLALLILLTSLLFVLLILI,4.764599636334131
LLLLALLLFVLTLLLSILILI,LLLLAILLFVLTLLLSILILI,Left,clash,27.1108,-284.1,7480630.0,7480320.0,-74.2451,-277.227,-383.756,4596.18,-49.9413,-32.2844,3629.96,4713.21,50.1715,31.0988,3593.3,4773.36,108.364,55.3969,-18.878,1.10011e+16,5,L,99.196,23.8680285,,,,,0.0671994627278659,0.0026514592407407,L,LLLLALLLFVLTLLLSILILI,6.719260809631472
LLLLALLLFVLTLLLSILILI,LLLLALLLFVLTLLLIILILI,Left,clash,26.7729,-286.12,7480970.0,7480660.0,-58.9351,-279.288,-379.318,4641.9,-49.9413,-41.0947,3600.17,4773.78,41.5892,13.3988,3593.3,4773.36,48.1166,17.2952,-18.878,1.10011e+16,15,S,116.3216,10.32898449,,,,,0.5683425034715139,0.0116462408557883,L,LLLLALLLFVLTLLLSILILI,56.828453011431634
LLLLLALLLILVTLLSFLILI,LLLLLALLLILVILLSFLILI,Left,clash,29.7868,-283.722,47411100.0,47410800.0,-60.4735,-277.766,-380.137,4658.04,-45.0994,-41.897,3717.35,4697.19,57.4934,19.6339,3708.19,4733.39,88.3249,28.8517,-10.8378,1.10011e+16,12,T,110.1881,15.12370785,,,,,0.1270009172983192,0.0040756060832676,L,LLLLLALLLILVTLLSFLILI,12.698796266357352
LLLLLALLLILVTLLSFLILI,LLLLLALLLILVTLLIFLILI,Left,clash,29.8465,-284.898,47410900.0,47410600.0,-58.9301,-278.892,-380.493,4645.4,-49.8571,-42.6708,3712.96,4736.6,43.4053,9.14682,3708.19,4733.39,49.5745,12.4666,-10.8378,1.10011e+16,15,S,120.57358,7.051180847,,,,,0.5150711011042913,0.0358657946405297,L,LLLLLALLLILVTLLSFLILI,51.50185616571375
LLLVALLIALLFTLLSLLILI,LLLVALLIALLFILLSLLILI,Right,clash,22.9069,-271.102,23133.3,22840.0,-60.4562,-274.106,-371.603,4611.69,-45.1027,-37.041,3865.8,4645.99,45.8436,8.86986,3859.43,4661.46,71.1033,15.2938,-5.63805,1.10011e+17,12,T,120.95214,6.832324259,,,,,0.1011618809700339,0.0050256464613502,R,LLLVALLIALLFTLLSLLILI,9.457902262785696
LLLVALLIALLFTLLSLLILI,LLLVALLIALLFTLLILLILI,Right,clash,22.9073,-272.282,666.004,367.02,-58.8866,-275.237,-368.021,4651.52,-49.6085,-33.8978,3864.7,4673.25,34.1019,16.9071,3859.43,4661.46,35.4203,18.4858,-5.63805,1.10011e+17,15,S,112.8133,13.03349358,,,,,0.4623699173438899,0.0143647899545814,R,LLLVALLIALLFTLLSLLILI,43.22823424750465
