Sequence,Design,Type,Clash Mutant,Mutant Type,Geometry,Interface,Seed,HBONDMonomer,HBONDOptimize,HBONDPreOptimize,IMM1REFMonomer,IMM1REFOptimize,IMM1REFPreOptimize,IMM1Monomer,IMM1Optimize,IMM1PreOptimize,Monomer,MonomerSasa,OptimizeSasa,PreBBOptimizeSasa,Total,TotalPreOptimize,VDWMonomer,VDWOptimize,VDWPreOptimize,endAxialRotation,endAxialRotationprime,endCrossingAngle,endXShift,endZShift,endZShiftprime,firstRepackEnergy,preOptimizeEnergy,preOptimizeAxialRotation,preOptimizeAxialRotationprime,preOptimizeCrossingAngle,preOptimizeXShift,preOptimizeZShift,preOptimizeZShiftprime,replicateNumber,Directory,endAxialRotationPrime,endZShiftPrime,preOptimizeAxialRotationPrime,preOptimizeZShiftPrime,PercentGpA,PercentStd,Sample,toxgreen_fluor,toxgreen_std,Segments,LB-0H_M9-30H,LB-0H_M9-36H,LB-12H_M9-30H,LB-12H_M9-36H,LB-36H_M9-30H,LB-36H_M9-36H,VDWDiff,HBONDDiff,IMM1Diff,interfaceSasa,vdwPerSasa,hbondPerSasa,imm1PerSasa,totalPerSasa
YVLLGLLLGFLLSTL,leu,WT,LLLYVLLGLLLIFLLSTLILI,clash,LLLYVLLGLLLGFLLSTLILI_0,000110011001100110000,1,-74.0812,-86.4739,-74.0812,,,,-247.155,-242.653,-235.245,-355.479,4610.22,3646.56,3688.67,-52.2115,-24.2769,-34.2426,-78.5637,-70.4301,-88.1964,,-45.6889,6.65429,5.67568,,-24.2345,-379.756,-92.7718,,-44.4465,7.5,4.20084,,0,LLLYVLLGLLLGFLLSTLILI,44.0461,4.83637,28.0376,3.1214,1.0360635158181757,0.0534135912047247,G,24963.02853859114,1048.34855450345,1,-94.49833387449743,,-93.97762014557397,,-96.12985916773106,,-44.321099999999994,-12.392700000000005,4.5020000000000095,963.6600000000003,-0.0459924662225266,-0.012860033621816824,0.004671772201813926,-0.05418041632941077
YLLLGALLGFLLSTL,ala,WT,LLLYLLLGALLGFLLITLILI,clash,LLLYLLLGALLGFLLSTLILI_0,000110011001100110000,1,-74.042,-90.4274,-86.6288,,,,-244.11,-227.982,-220.821,-350.961,4614.19,3654.7,3632.74,-48.0238,-32.7807,-32.8091,-80.5751,-76.2917,-88.2653,,-42.5165,6.49343,7.86183,,-33.9968,-383.742,-83.724,,-45.0,6.6055,6.12918,,0,LLLYLLLGALLGFLLSTLILI,60.1632,7.26427,52.3747,5.4148,1.1114370953979995,0.1690684634853983,G,26779.08787216341,3318.3067327016724,0,-96.13042759539212,-96.52894986817968,-95.93207621278668,-96.351026438728,-96.95479130036152,-97.26841341805267,-47.766000000000005,-16.385400000000004,16.128000000000014,959.4899999999998,-0.04978269705781198,-0.017077197261044938,0.01680892974392648,-0.050051381463068936
FYLLGVLLGLLLASL,ala,WT,LLLFYLLGVLLILLLASLILI,clash,LLLFYLLGVLLGLLLASLILI_0,000110011001100110000,1,-60.32,-71.2957,-70.3019,,,,-239.256,-231.705,-219.01,-339.298,4680.69,3596.19,3576.2,-47.3461,-31.619,-39.7219,-83.6429,-81.6044,-84.4887,,-40.2578,7.0348,7.31321,,-28.4053,-370.917,-75.759,,-41.8685,7.3305,4.64215,,0,LLLFYLLGVLLGLLLASLILI,60.2956,6.71764,50.2096,3.89529,0.915985816518316,0.0986695968589388,G,22069.86321746521,1936.5881774398288,0,-91.66609022283608,-91.33636853107342,-91.3797475423848,-91.03869702711113,-93.78272050234987,-93.53674088786644,-43.921,-10.975699999999996,7.550999999999988,1084.4999999999995,-0.040498847395112975,-0.010120516366989397,0.006962655601659743,-0.04365707699400647
AYLLGTLLGLLLGFL,leu,WT,LLLAYLLGTLLILLLGFLILI,clash,LLLAYLLGTLLGLLLGFLILI_0,000110011001100110000,1,-58.7043,-72.8709,-67.9054,,,,-239.922,-219.831,-217.013,-335.04,4526.09,3502.01,3433.66,-45.7428,-38.4449,-36.4137,-88.0808,-88.5667,-79.3487,,-35.8493,6.53337,6.03928,,-38.218,-373.485,-80.1891,,-39.6088,6.6695,5.29055,,0,LLLAYLLGTLLGLLLGFLILI,56.5702,5.38783,50.0903,4.5419,1.1386801607243464,0.1463825571168746,G,27435.4852906887,2873.0504483443965,0,10.847787495057142,-9.75063899514555,22.65880830877997,-0.1344156555407455,17.686231929925846,-4.1829569109034646,-51.6671,-14.166600000000003,20.091000000000008,1024.08,-0.050452210764784004,-0.01383348957112726,0.019618584485587072,-0.0446672134989454
ALLLGLLLGTLLSFL,leu,WT,LLLALLLGLLLITLLSFLILI,clash,LLLALLLGLLLGTLLSFLILI_1,000110011001100110000,1,-74.0307,-90.5454,-80.5523,,,,-237.459,-224.816,-222.16,-366.307,4524.66,3683.02,3527.6,-45.3082,-32.7171,-54.8169,-96.2527,-96.3114,-87.0739,,-40.8239,6.65379,7.23815,,-24.3603,-390.64,-76.1776,,-38.6839,6.9104,5.90699,,1,LLLALLLGLLLGTLLSFLILI,56.8671,6.59115,59.1137,5.2937,1.036054566267427,0.0500862138232033,G,24962.81290712576,983.042118568478,1,-96.4057724276761,-97.0444103391737,-96.46628151931364,-97.09416791351512,-96.46396779531446,-97.09226530201032,-41.43580000000001,-16.514700000000005,12.643,841.6399999999999,-0.04923221329784708,-0.01962204743120575,0.01502186207879854,-0.05383323035977378
SYLLGVLLGLLLGTL,ala,WT,LLLSYLLGVLLILLLGTLILI,clash,LLLSYLLGVLLGLLLGTLILI_0,000110011001100110000,1,-58.7288,-85.309,-82.1063,,,,-249.141,-222.825,-221.353,-358.264,4524.74,3512.78,3563.13,-44.36,-30.6645,-50.3941,-94.4898,-85.4686,-98.4834,,-41.451,6.49252,5.4055,,-30.6553,-388.928,-92.5815,,-40.3169,6.7382,5.75111,,0,LLLSYLLGVLLGLLLGTLILI,30.6148,4.36472,39.7325,4.8471,0.948457483182146,0.08395691113129,G,22852.239132891365,1647.8222947345412,0,1217.3860309993745,1310.2644608920286,1571.8484743848574,1689.7172369688203,1959.87471967648,2105.1001321502927,-44.0957,-26.580199999999998,26.316000000000003,1011.9599999999996,-0.04357454840112259,-0.026266057946954434,0.026004980434009263,-0.043835724732202874
TFLLGLLLGVLLAIL,leu,WT,LLLTFLLGLLLIVLLAILILI,clash,LLLTFLLGLLLGVLLAILILI_2,000110011001100110000,1,-44.9935,-57.8427,-56.3001,,,,-242.981,-229.715,-228.945,-346.411,4556.2,3546.43,3547.59,-43.8692,-41.6658,-58.4367,-102.722,-102.831,-84.3394,,-39.923,6.95915,5.50265,,-29.5888,-376.918,-75.4208,,-40.9997,7.4067,4.39057,,2,LLLTFLLGLLLGVLLAILILI,47.0499,4.7084,48.7219,3.6214,1.2277294454404166,0.093660607693891,G,29581.04857107834,1838.276747018003,1,-96.63634218241548,,-95.70795307517054,,-96.15561553329763,,-44.28529999999999,-12.849200000000003,13.265999999999991,1009.77,-0.04385681887954682,-0.012724877942501761,0.013137645206334108,-0.04344474484288501
ALLLGFLLGTLLGVL,leu,WT,LLLALLLGFLLITLLGVLILI,clash,LLLALLLGFLLGTLLGVLILI_0,000110011001100110000,1,-58.6797,-73.0889,-67.0194,,,,-232.75,-214.289,-209.484,-340.691,4439.35,3397.92,3396.18,-43.5706,-29.9398,-49.2612,-96.883,-94.1274,-80.3642,,-34.8096,7.0524,5.66287,,-30.3321,-370.631,-82.6456,,-35.0,7.5,4.82078,,0,LLLALLLGFLLGTLLGVLILI,52.6536,4.95268,43.881,3.979,1.1125742776789744,0.1024783925869566,G,26806.48726737575,2011.34341114466,0,-82.52094143116075,-85.8769281009408,-79.27983933902371,-83.25811898721388,-80.16831938939818,-83.97601049051764,-47.62179999999999,-14.409199999999998,18.461000000000013,1041.4300000000003,-0.04572731724647838,-0.013835975533641237,0.017726587480675616,-0.04183728143034096
ALLLGTLLGFLLSIL,leu,WT,LLLALLLGTLLIFLLSILILI,clash,LLLALLLGTLLGFLLSILILI_2,000110011001100110000,1,-74.0793,-84.3362,-84.2485,,,,-238.286,-221.449,-222.055,-362.898,4478.03,3621.55,3567.81,-43.2323,-30.9443,-50.5325,-100.346,-87.5388,-92.1451,,-35.9794,7.05335,7.55654,,-32.2458,-397.649,-91.43,,-36.5962,7.0472,6.73401,,2,LLLALLLGTLLGFLLSILILI,53.5909,6.8604,48.2927,5.9584,1.2611346853962473,0.0982354162398987,G,30385.918104280765,1928.0665143261776,1,-95.22201949405206,,-95.1233006506907,,-95.74689644000256,,-49.813500000000005,-10.256900000000002,16.83699999999999,856.4799999999996,-0.05816072762936675,-0.011975644498412114,0.01965836913880067,-0.05047671866243231
SYLLGVLLGTLLGFL,ala,WT,LLLSYLLGVLLITLLGFLILI,clash,LLLSYLLGVLLGTLLGFLILI_0,000110011001100110000,1,-58.6887,-83.6882,-81.1759,,,,-248.976,-223.862,-226.157,-339.766,4521.23,3614.85,3539.91,-42.8132,198.958,-32.1018,-75.0295,166.525,-76.0479,,-41.6651,6.82924,2.66484,,130.064,-140.808,-69.5064,,-45.0,6.5231,2.07724,,0,LLLSYLLGVLLGTLLGFLILI,35.2419,1.69346,38.1576,1.1496,0.7880524222900737,0.1152750512802575,G,18987.42191696766,2262.50343147794,1,624.9556964890348,687.4249004578804,639.372973095544,703.0845092474033,758.8950528292859,832.9057689363174,-42.9277,-24.999499999999998,25.114000000000004,906.3799999999997,-0.04736170259714471,-0.027581698625300653,0.027708025331538665,-0.047235375890906706
SYLLGLLLGTLLGFL,ala,WT,LLLSYLLGLLLITLLGFLILI,clash,LLLSYLLGLLLGTLLGFLILI_1,000110011001100110000,1,-58.7496,-83.5074,-67.2998,,,,-250.628,-228.819,-227.723,-346.331,4571.34,3619.11,3552.22,-42.7948,744.346,-36.9527,-76.7986,693.038,-77.9201,,-45.3331,6.44901,3.86979,,734.705,381.85,-69.5064,,-45.0,6.5231,2.07724,,1,LLLSYLLGLLLGTLLGFLILI,42.0873,3.0011,38.1576,1.1496,0.8335459355085516,0.0569342645093901,G,20083.54763844576,1117.4488095676925,0,2237.222871130571,3092.2887577129363,3618.645829352566,4979.101108237918,3047.636363664305,4199.189564336862,-39.84589999999999,-24.757800000000003,21.808999999999997,952.23,-0.041844827405143704,-0.025999810970038752,0.0229030801382019,-0.044941663253625704
TYLLGVLLGLLLGFL,leu,WT,LLLTYLLGVLLILLLGFLILI,clash,LLLTYLLGVLLGLLLGFLILI_0,000110011001100110000,1,-44.9134,-59.0906,-57.3899,,,,-248.28,-229.67,-226.723,-336.902,4591.86,3576.56,3512.19,-42.2293,-30.0874,-43.709,-90.3713,-82.8764,-65.1604,,-36.0875,6.50696,3.48684,,-28.7779,-366.99,-70.6256,,-41.2559,6.8843,2.57462,,0,LLLTYLLGVLLGLLLGFLILI,53.428,2.78826,40.5984,1.6836,0.8739578372964241,0.1881578307292747,G,21057.23645404853,3692.9737436543146,1,-92.20380698608096,-91.70807197659526,-91.28552087414276,-90.73139498418509,-92.09799809454792,-91.59553503564707,-46.6623,-14.1772,18.610000000000014,1015.2999999999997,-0.04595912538166061,-0.013963557569191374,0.018329557766177503,-0.041592928198562015
AYLLGVLLGLLLGSL,ala,WT,LLLAYLLGVLLILLLGSLILI,clash,LLLAYLLGVLLGLLLGSLILI_0,000110011001100110000,1,-60.2742,-72.7513,-73.5397,,,,-237.255,-216.316,-214.832,-348.662,4498.22,3471.45,3460.86,-41.9544,690.114,-51.1329,-101.549,629.824,-76.7902,,-36.218,6.67925,3.89936,,568.586,341.452,-71.2876,,-38.516,6.6243,3.34271,,0,LLLAYLLGVLLGLLLGSLILI,43.5618,3.05279,45.5524,2.526,1.114185639511397,0.1202060489892129,G,26845.31159698896,2359.284123589556,1,635.3339480178853,561.6920285790081,827.6590529822424,734.7562386478743,735.5217644368814,651.8462770859385,-50.41610000000001,-12.4771,20.938999999999993,1026.7700000000004,-0.04910164886001732,-0.012151796410101575,0.02039307732013984,-0.0408605627355688
SYLLGVLLGLLLATL,ala,WT,LLLSYLLGVLLILLLATLILI,clash,LLLSYLLGVLLGLLLATLILI_0,000110011001100110000,1,-58.7839,-84.2493,-81.7305,,,,-250.452,-225.01,-224.764,-362.713,4530.68,3562.42,3596.46,-41.3059,-37.0403,-53.4766,-94.7595,-93.2584,-86.6176,,-44.3024,6.70721,5.43474,,-35.826,-399.753,-84.8765,,-44.3391,6.8761,5.36995,,0,LLLSYLLGVLLGLLLATLILI,44.0155,4.59497,45.4702,4.552,1.0306914011618922,0.1126748049717276,G,24833.59221597122,2211.468397017981,0,-35.34097965656148,-42.42456351611911,-29.09582560321828,-36.86358426495726,-27.52444517612853,-35.46435313693569,-41.282900000000005,-25.465400000000002,25.442000000000007,968.2600000000002,-0.04263617210253444,-0.026300167310433144,0.02627600024786731,-0.04265992605291966
AYLLGLLLGFLLGTL,leu,WT,LLLAYLLGLLLIFLLGTLILI,clash,LLLAYLLGLLLGFLLGTLILI_0,000110011001100110000,1,-58.747,-70.6754,-65.9749,,,,-239.727,-220.524,-218.405,-334.591,4547.34,3517.12,3497.32,-39.4923,-30.3773,-36.1169,-82.8832,-80.5887,-86.2948,,-35.9131,6.92225,5.31043,,-30.3388,-364.968,-87.7841,,-35.7467,7.5,4.88679,,0,LLLAYLLGLLLGFLLGTLILI,43.4535,4.46224,38.6606,3.9667,1.114143502271102,0.1090653876856554,G,26844.29633766161,2140.6263640701136,1,1538.2245820513567,1623.094983450678,1854.1930116292235,1955.4325773919609,1410.152475324841,1488.3879310488107,-46.7663,-11.928399999999996,19.203000000000003,1030.2200000000003,-0.045394478849177834,-0.01157849779658713,0.018639708023528954,-0.03833385102211177
SYLLGLLLGFLLSTL,ala,WT,LLLSYLLGLLLIFLLSTLILI,clash,LLLSYLLGLLLGFLLSTLILI_0,000110011001100110000,1,-74.0925,-98.4699,-88.3347,,,,-253.036,-227.463,-226.628,-364.463,4573.56,3639.37,3606.58,-38.4161,-27.0865,-37.3337,-76.9463,-76.5862,-100.322,,-46.8224,6.87429,3.67453,,-27.0465,-391.549,-95.479,,-44.2015,7.2798,4.51072,,0,LLLSYLLGLLLGFLLSTLILI,15.7501,2.41078,27.325,3.42059,1.0871769040710502,0.1793333309863088,G,26194.56014852344,3519.775287068908,1,-76.14828850362696,-77.61754112717833,-75.97621884411218,-77.45607086631526,-81.52158310480205,-82.65984366553681,-39.61259999999999,-24.377399999999994,25.573000000000008,934.1900000000005,-0.04240315139318551,-0.026094691658013876,0.027374516961217732,-0.04112236268853229
ALLLGVLLGTLLGFL,leu,WT,LLLALLLIVLLGTLLGFLILI,clash,LLLALLLGVLLGTLLGFLILI_2,000110011001100110000,1,-58.6964,-70.6423,-70.1653,,,,-232.814,-215.406,-218.846,-340.529,4463.32,3551.41,3509.4,-38.0243,-34.1417,-49.0181,-92.5043,-85.6588,-97.3773,,-38.5586,6.76344,6.74396,,-32.988,-373.522,-92.5815,,-40.3169,6.7382,5.75111,,2,LLLALLLGVLLGTLLGFLILI,41.7582,5.87034,39.7325,4.8471,0.9535039402641506,0.1158297263954683,G,22973.829026010488,2273.390039906808,0,-93.84682183847283,-96.27006098163372,-93.53250711277036,-96.0795294012587,-93.46713109178091,-96.03989970662728,-43.486200000000004,-11.945900000000009,17.407999999999987,911.9099999999999,-0.04768694279040696,-0.013099867311467152,0.0190896031406608,-0.041697426281102304
ALLLGLLLGVLLGSL,ala,WT,LLLALLLILLLGVLLGSLILI,clash,LLLALLLGLLLGVLLGSLILI_0,000110011001100110000,1,-60.3054,-74.7228,-74.3348,,,,-230.664,-212.406,-206.801,-360.936,4476.15,3539.98,3459.41,-37.4398,-32.1866,-69.9665,-111.247,-111.987,-88.5747,,-34.2163,6.52682,7.49496,,-32.0526,-393.123,-81.7407,,-35.0,6.5862,6.60334,,0,LLLALLLGLLLGVLLGSLILI,57.1018,6.85149,58.0906,5.9747,1.042691447820561,0.2057030932936745,G,25122.72266271962,4037.3346118922864,1,-94.50663083323326,-95.29957790635936,-93.03118966880596,-94.03711109653766,-93.52439012774158,-94.45911993362792,-41.2805,-14.417400000000008,18.25799999999998,936.1699999999996,-0.044095089567065836,-0.015400408045547298,0.01950286806883364,-0.03999252272557336
TLLLGLLLGVLLGSL,ala,WT,LLLTLLLGLLLIVLLGSLILI,clash,LLLTLLLGLLLGVLLGSLILI_2,000110011001100110000,1,-60.2824,-73.4993,-70.248,,,,-237.615,-219.99,-216.566,-367.141,4504.78,3612.98,3502.76,-37.2941,5380.56,-69.2438,-110.946,5300.24,-89.7889,,-42.311,6.5789,6.22118,,-16.3759,-384.335,-91.396,,-35.8075,7.4513,5.01216,,2,LLLTLLLGLLLGVLLGSLILI,46.3174,5.41594,35.576,4.0458,0.9090597279285144,0.210188212776299,G,21902.985275617568,4125.364052005791,1,-95.45395243095302,-95.62425982487292,-94.7817451652192,-94.97723528454227,-94.70353075405532,-94.90195099945603,-41.702200000000005,-13.216900000000003,17.625,891.7999999999997,-0.046761830006727984,-0.01482047544292443,0.01976339986544069,-0.04181890558421172
AFLLGTLLGVLLGLL,ala,WT,LLLAFLLITLLGVLLGLLILI,clash,LLLAFLLGTLLGVLLGLLILI_2,000110011001100110000,1,-58.726,-70.7876,-72.9945,,,,-233.786,-210.431,-210.515,-339.341,4514.32,3503.21,3464.44,-37.15,-17.4619,-46.8292,-95.2717,-73.2927,-97.4527,,-37.6883,7.43224,6.29671,,-29.9298,-369.21,-91.396,,-35.8075,7.4513,5.01216,,2,LLLAFLLGTLLGVLLGLLILI,38.3615,5.37213,35.576,4.0458,1.3299063548579249,0.244265207184603,G,32042.91028784085,4794.193221172257,0,-89.65747235905032,,-84.6698079294242,,-85.97296812794379,,-48.442499999999995,-12.061599999999999,23.35499999999999,1011.1099999999997,-0.047910217483755485,-0.011929068053920942,0.02309837703118355,-0.03674179861736113
AYLLGVLLGLLLAFL,leu,WT,LLLAYLLGVLLILLLAFLILI,clash,LLLAYLLGVLLGLLLAFLILI_1,000110011001100110000,1,-44.9245,-56.53,-58.5939,,,,-240.721,-223.075,-217.561,-332.295,4558.34,3583.78,3568.79,-35.5533,-23.7324,-46.65,-88.2437,-79.8732,-98.9406,,-33.7392,6.87798,8.31734,,-23.9546,-357.322,-91.43,,-36.5962,7.0472,6.73401,,1,LLLAYLLGVLLGLLLAFLILI,51.6759,7.59247,48.2927,5.9584,1.120879346277354,0.0917568498201317,G,27006.59050553616,1800.911691454492,0,-70.26577537035278,-76.62848942297038,-68.14289120186265,-74.95987319316606,-65.9041201635496,-73.20016828566662,-41.593700000000005,-11.6055,17.646000000000015,974.56,-0.04267946560499098,-0.011908450993268756,0.018106632736824838,-0.03648138647184371
YLLLGALLGALLTFL,leu,WT,LLLYLLLGALLIALLTFLILI,clash,LLLYLLLGALLGALLTFLILI_0,000110011001100110000,1,-58.7574,-66.9161,-66.9258,,,,-242.063,-224.871,-218.148,-337.181,4598.7,3792.53,3670.42,-34.3203,-24.1876,-36.3602,-79.7139,-76.2947,-66.7136,,-42.2511,6.41222,6.49675,,-24.0426,-361.368,-68.1028,,-40.6526,6.5,5.40184,,0,LLLYLLLGALLGALLTFLILI,73.9978,6.10672,64.3439,4.867,1.1246958250012489,0.1739303256987258,G,27098.545164508385,3413.730502314813,0,-94.0854779895051,-94.31445364650082,-93.65302924600638,-93.89874678594444,-95.25202017515078,-95.43583414995184,-43.353699999999996,-8.158700000000003,17.19199999999998,806.1699999999996,-0.05377736705657618,-0.010120322016448153,0.02132552687398438,-0.042572038155724
YFLLGVLLGTLLGLL,ala,WT,LLLYFLLGVLLITLLGLLILI,clash,LLLYFLLGVLLGTLLGLLILI_0,000110011001100110000,1,-58.6992,-72.4578,-68.1971,,,,-244.372,-214.784,-213.212,-334.454,4667.69,3447.13,3634.25,-33.5794,-22.505,-31.3834,-80.7917,-75.5507,-85.1222,,-42.2893,7.06462,3.55531,,-25.1112,-356.959,-83.9549,,-45.0,7.4713,3.02575,,0,LLLYFLLGVLLGTLLGLLILI,31.7554,2.53164,29.1297,1.9627,1.0719838542132274,0.0310012021741564,G,25828.49713079437,608.460595126643,0,-92.26325584034592,-93.92818540941352,-92.80338867671406,-94.35208290027508,-94.9267601715191,-96.01850972754772,-49.408300000000004,-13.758600000000008,29.588000000000022,1220.5599999999995,-0.04048002556203712,-0.01127236678246052,0.024241331847676503,-0.027511470144851554
YVLLGALLGILLTLL,leu,WT,LLLYVLLIALLGILLTLLILI,clash,LLLYVLLGALLGILLTLLILI_0,000110011001100110000,1,-58.7202,-67.581,-66.8813,,,,-243.993,-222.276,-219.4,-355.39,4577.17,3713.97,3707.28,-33.5505,-28.7808,-52.6768,-99.0838,-97.8896,-79.0724,,-46.8199,6.65198,6.05056,,-29.2053,-384.171,-72.8097,,-43.7016,6.839,5.63706,,0,LLLYVLLGALLGILLTLLILI,56.9607,5.40497,60.8563,5.0499,0.953808510676055,0.1021938767810482,G,22981.16737908615,2005.759219544127,0,-94.85195138904848,-94.5352815831864,-94.77014632773692,-94.44844448064102,-95.24384047546826,-94.951276782484,-46.407,-8.860800000000005,21.716999999999985,863.2000000000003,-0.053761584800741405,-0.010265060240963858,0.02515871177015753,-0.038867585727525474
TFLLGLLLGYLLASL,ala,WT,LLLTFLLGLLLIYLLASLILI,clash,LLLTFLLGLLLGYLLASLILI_0,000110011001100110000,1,-60.2384,-74.2859,-65.4148,,,,-245.296,-221.269,-225.505,-347.233,4569.18,3569.29,3589.42,-33.2748,-23.6209,-41.6995,-84.9532,-79.9344,-70.355,,-41.7323,6.98929,3.771,,-23.5442,-370.854,-75.8727,,-43.5756,7.3804,3.8938,,0,LLLTFLLGLLLGYLLASLILI,49.7611,3.01742,44.54,3.0619,1.231156146588345,0.0840129033933076,G,29663.61188621728,1648.9212548823175,0,-96.20386825415414,-97.73616510405913,-95.60437552982071,-97.37865576558744,-95.8348506808431,-97.51610033402284,-43.253699999999995,-14.0475,24.026999999999987,999.8900000000003,-0.043258458430427325,-0.014049045394993444,0.02402964326075866,-0.03327846063066936
YFLLGTLLGALLGLL,ala,WT,LLLYFLLGTLLIALLGLLILI,clash,LLLYFLLGTLLGALLGLLILI_0,000110011001100110000,1,-58.7237,-67.8755,-71.9354,,,,-241.707,-230.743,-225.614,-330.996,4639.13,3885.36,3689.04,-33.0203,52026.4,-30.565,-65.3975,51992.9,-35.6956,,-49.953,6.92846,2.73903,,13876.1,51695.4,-43.2635,,-42.5139,7.006,1.51898,,0,LLLYFLLGTLLGALLGLLILI,80.6273,2.44844,63.1811,0.966697,0.8132706398342039,0.0717244690839302,G,19595.03242984004,1407.7361546235431,0,-80.2851109718008,-83.16735498668355,-78.83414795071512,-81.92851740426296,-84.95978217448358,-87.15860651217689,-34.832499999999996,-9.151800000000001,10.963999999999999,753.77,-0.046211045809729755,-0.012141369383233614,0.014545551030155085,-0.04380686416280828
LFLLGTLLGALLAYL,ala,WT,LLLLFLLITLLGALLAYLILI,clash,LLLLFLLGTLLGALLAYLILI_2,000110011001100110000,1,-58.6697,-70.2396,-72.8251,,,,-237.958,-219.934,-214.287,-332.505,4628.65,3771.91,3587.74,-31.6894,761.722,-35.8778,-74.0215,716.33,-62.2783,,-49.6354,6.50671,3.29938,,739.35,429.217,-56.669,,-44.397,6.6005,2.46401,,2,LLLLFLLGTLLGALLAYLILI,55.2418,2.62801,55.2864,1.79331,1.1525240018728395,0.1628936858792974,G,27769.04032509313,3197.114372541684,1,-88.73229579309243,,-86.75261061881962,,-90.8693776339476,,-38.1437,-11.569899999999997,18.024,856.7399999999998,-0.04452190863038963,-0.013504563811658146,0.021037887807269423,-0.03698835119172679
YLLLGALLGILLSTL,ala,WT,LLLYLLLGALLIILLSTLILI,clash,LLLYLLLGALLGILLSTLILI_2,000110011001100110000,1,-74.098,-87.8849,-84.2539,,,,-243.131,-225.831,-222.402,-366.528,4545.06,3683.22,3700.64,-29.8955,-20.4119,-49.2984,-82.7067,-80.284,-72.4414,,-43.0112,6.54645,5.79642,,-16.732,-383.164,-63.07,,-42.249,7.1117,4.92693,,2,LLLYLLLGALLGILLSTLILI,62.446,5.23311,66.418,4.4232,0.7516594976922882,0.075409967656349,G,18110.566780691945,1480.07143512557,0,-89.91127878640418,-92.639736411904,-91.01572558077592,-93.4454896241792,-92.73446667460088,-94.69940349714815,-33.4083,-13.786900000000003,17.30000000000001,861.8400000000006,-0.038763923698134195,-0.015997052817228248,0.020073331476840248,-0.034687993130975564
STLLGALLGLLLAVL,ala,WT,LLLSTLLGALLILLLAVLILI,clash,LLLSTLLGALLGLLLAVLILI_2,000110011001100110000,1,-44.8908,-71.6597,-73.6306,,,,-251.685,-216.924,-214.575,-365.853,4457.29,3562.07,3534.97,-28.3075,34.4964,-69.2765,-105.577,-43.1512,-74.5802,,-36.9936,6.68774,6.1161,,24.7585,-331.356,-68.8242,,-35.7825,6.5843,5.41959,,2,LLLSTLLGALLGLLLAVLILI,62.4375,5.55266,63.6738,4.8747,0.9142891795702252,0.0912106640106731,G,22028.98425985168,1790.1917024690074,1,-92.90685133481486,-94.05832712682609,-92.07788915358854,-93.36393563193823,-90.94038632716746,-92.41109085087818,-36.3005,-26.768900000000002,34.760999999999996,895.2199999999998,-0.04054925046357321,-0.02990203525390408,0.038829561448582475,-0.031620718929425175
LVLLIGLLFGLLFAL,leu,WT,LLLLVLLIILLFGLLFALILI,clash,LLLLVLLIGLLFGLLFALILI_0,000110011001100110000,1,-44.9897,-44.9897,-44.9897,,,,-239.544,-227.902,-219.076,-328.247,4619.78,3816.55,3647.49,-27.8482,-19.394,-43.7135,-83.2038,-83.575,-31.7523,,-41.9175,7.19067,3.25543,,-19.3734,-347.641,-36.3206,,-40.8966,7.2598,1.71823,,0,LLLLVLLIGLLFGLLFALILI,88.8339,3.08794,72.3714,1.3038,0.9102103626100748,0.0759034993901958,G,21930.70879447002,1489.7579824291588,1,-94.45836446569892,-95.1222669981922,-93.8485580291242,-94.585516978819,-95.02327076383284,-95.6194960339672,-39.4903,0.0,11.642000000000024,803.2299999999996,-0.049164373840618524,0.0,0.01449398055351522,-0.03467026878976136
YLLLGALLGVLLSTL,leu,WT,LLLYLLLGALLIVLLSTLILI,clash,LLLYLLLGALLGVLLSTLILI_0,000110011001100110000,1,-74.1216,-85.0683,-75.197,,,,-241.69,-218.574,-218.122,-363.156,4543.33,3750.11,3730.98,-24.5391,-8.50714,-47.344,-84.0526,-78.3436,-78.3477,,-51.5901,6.2866,5.97871,,-8.28905,-371.663,-68.8165,,-43.3499,7.0847,6.2212,,0,LLLYLLLGALLGVLLSTLILI,57.2338,5.33721,69.6202,5.7655,0.8428830201770091,0.2177016175794687,G,20308.516385488827,4272.829648123144,0,-85.94633346170836,-91.0040651166099,-86.84438775804291,-91.57892136138858,-88.81034482854554,-92.8373560724723,-36.7086,-10.946699999999993,23.115999999999985,793.2199999999998,-0.04627795567434004,-0.013800332820655046,0.029141978265802667,-0.030936058092332526
VTLLLGLLFGLLFAL,leu,WT,LLLVTLLLGLLFILLFALILI,clash,LLLVTLLLGLLFGLLFALILI_0,000110011001100110000,1,-44.9466,-50.1607,-49.5476,,,,-238.801,-223.434,-219.588,-329.508,4604.05,3637.21,3558.24,-22.7865,-17.4787,-45.7606,-78.7002,-77.8516,-31.5201,,-39.75,7.02676,2.53921,,-17.3662,-346.987,-33.3677,,-39.8132,7.0315,1.53831,,0,LLLVTLLLGLLFGLLFALILI,83.7867,2.29601,74.3197,1.15311,0.8330505977064301,0.2273774113504676,G,20071.61291483627,4462.736452498793,0,-91.32542859652918,,-89.7472932706973,,-90.80939411370514,,-32.9396,-5.214100000000002,15.36699999999999,966.8400000000001,-0.034069339290885764,-0.005392929543668033,0.01589404658475031,-0.023568015390343797
ALLLGLLLGTLLGFL,ala,WT,LLLALLLGLLLITLLGFLILI,clash,LLLALLLGLLLGTLLGFLILI_2,000110011001100110000,1,-58.691,-65.563,-67.028,,,,-234.168,-211.277,-209.011,-346.902,4518.35,3596.78,3443.88,-21.7615,85305.6,-54.0432,-91.8235,85234.7,-73.8671,,-35.7724,7.04094,3.06231,,80394.6,84958.7,-60.7383,,-35.0,7.1924,3.24234,,2,LLLALLLGLLLGTLLGFLILI,40.6092,2.17145,56.5303,2.5903,0.8092512387332291,0.0693695739630062,G,19498.18853674058,1361.516628210299,1,-91.57510489328936,-89.82100590067724,-91.2841073441154,-89.46942142414179,-91.61123170203804,-89.86465446465608,-37.7803,-6.872,22.89100000000002,921.5700000000002,-0.04099558362359885,-0.0074568399578979335,0.024839133218312246,-0.023613507384137936
TFLLALLLGYLLGSL,ala,WT,LLLTFLLALLLIYLLGSLILI,clash,LLLTFLLALLLGYLLGSLILI_0,000110011001100110000,1,-60.2601,-63.9199,-61.5111,,,,-244.905,-225.599,-226.604,-346.916,4558.97,3668.58,3571.28,-20.1244,-17.9348,-41.7503,-77.5217,-76.7358,-78.363,,-45.0715,7.22746,3.56887,,-17.765,-364.851,-75.8727,,-43.5756,7.3804,3.8938,,0,LLLTFLLALLLGYLLGSLILI,39.366,2.65936,44.54,3.0619,0.949728993425309,0.13591835155224,G,22882.875040810468,2667.6694857716902,1,-96.1408091229162,,-95.72816416782145,,-96.16535290231153,,-35.77139999999999,-3.659799999999997,19.30600000000001,890.3900000000003,-0.04017497950336367,-0.004110333674008014,0.021682633452756662,-0.022601781241927688
TALLFLLLGVLLASL,ala,WT,LLLTALLFLLLIVLLASLILI,clash,LLLTALLFLLLGVLLASLILI_2,000110011001100110000,1,-60.3462,-60.3462,-60.3462,,,,-240.448,-227.776,-226.56,-355.85,4565.71,3649.38,3532.84,-16.1501,813.015,-55.0555,-83.8775,744.071,-66.3945,,-44.8469,8.15907,5.37461,,790.193,442.07,-60.5958,,-40.2827,7.5,3.71154,,2,LLLTALLFLLLGVLLASLILI,66.0403,4.86522,60.1642,3.114,0.8197424357000297,0.1079198890631077,G,19750.964592706445,2118.143662551448,1,-92.07085335792048,-92.64904292785975,-91.87641027865332,-92.46877854466844,-93.80202080003151,-94.25397447044344,-28.821999999999996,0.0,12.671999999999997,916.3299999999999,-0.03145373391682036,0.0,0.013829079043576002,-0.01762476400423428
TALLFLLLGYLLGSL,ala,WT,LLLTALLFLLLGYLLISLILI,clash,LLLTALLFLLLGYLLGSLILI_0,000110011001100110000,1,-60.326,-68.1953,-70.5599,,,,-243.454,-231.03,-224.657,-345.34,4574.29,3786.1,3533.11,-15.8473,38373.9,-41.5592,-61.9617,38323.8,-45.8399,,-49.3682,7.55735,3.7073,,36917.0,38028.6,-54.4566,,-40.6917,7.0594,2.21113,,0,LLLTALLFLLLGYLLGSLILI,76.5283,3.35522,55.8714,1.5492,1.0902176615987655,0.1162041563337594,G,26267.8244955396,2280.738976240116,0,-95.43662865743394,,-95.10519531892116,,-96.53895087570096,,-20.402500000000003,-7.869300000000003,12.424000000000007,788.19,-0.02588525609307401,-0.00998401400677502,0.01576269681168247,-0.020105938923356045
VGLLLILLGALLATL,leu,WT,LLLVGLLLILLIALLATLILI,clash,LLLVGLLLILLGALLATLILI_1,000110011001100110000,1,-58.7586,-63.525,-62.1411,,,,-233.286,-219.812,-222.965,-359.091,4487.44,3772.72,3751.97,-15.0755,-14.1932,-67.0469,-90.8296,-88.1784,-49.2642,,-50.0632,7.19607,1.51058,,-5.3878,-364.547,-40.5762,,-43.055,7.4828,0.898083,,1,LLLVGLLLILLGALLATLILI,56.4515,0.857355,61.5678,0.3216,0.9554958050193876,0.1172668973806196,G,23021.821234941464,2301.5973947511657,0,-82.61950457240178,-84.05881577593156,-81.73394966302835,-83.24659531825495,-85.00056406890145,-86.24269529998114,-23.782700000000006,-4.766399999999997,13.47399999999999,714.7199999999998,-0.03327554846653236,-0.006668905305574209,0.018852137900156694,-0.021092875531676745
TVLLALLLGFLLGSL,ala,WT,LLLTVLLALLLGFLLISLILI,clash,LLLTVLLALLLGFLLGSLILI_2,000110011001100110000,1,-60.3442,-60.3442,-60.3442,,,,-238.886,-229.305,-220.036,-354.868,4500.03,4001.16,3568.39,-9.60802,273882.0,-55.6382,-74.8271,273807.0,-57.7114,,-46.594,9.86837,4.07698,,148316.0,273400.0,-52.4326,,-37.48,7.3254,1.60297,,2,LLLTVLLALLLGFLLGSLILI,66.0761,3.56812,53.6154,0.907201,0.7769629407095923,0.069986458157335,G,18720.230725533205,1373.6242141732926,1,-90.01055203010327,-91.93577656837844,-89.06290383213047,-91.17076464519155,-88.79455198009252,-90.954131123535,-19.188900000000004,0.0,9.580999999999989,498.8699999999999,-0.038464730290456446,0.0,0.019205404213522542,-0.019259566620562475
