Sequence	Interface	InterfaceSequence	Total	Dimer	Monomer	VDWDimer	VDWMonomer	VDWDiff	HBONDDimer	HBONDMonomer	HBONDDiff	IMM1Monomer	IMM1Dimer	IMM1Diff	Baseline	Baseline-Monomer	MonomerSasa	DimerSasa	InterfaceSasa	SequenceProbability	SequenceNumber	acceptCycleNumber	xShift	crossingAngle	axialRotation	zShift	angleDistDensity	axialRotationDensity	zShiftDensity	repackLevels	interfaceLevels	backboneLength
angleDistDensity	axialRotationDensity	zShiftDensity	repackLevels	interfaceLevels	backboneLength
LLLFLLATLLGTLLATLLILI	031032002100230033121	L-LF--AT-LGT--AT--I-I	-17.072	-384.386	-367.314	-49.7587	-11.8761	0	-96.2192	-86.4523	0	-268.986	-238.408	0	370.222	0	4599.68	0	0	3.98888e-05	0	21	8.9504	-41.048	19.2754	2.91029	0	0	0	0	25	4	2	21
LLLFLLATLLGTLLAVLLILI	031032002100230033121	L-LF--AT-LGT--AV--I-I	-17.2375	-377.098	-359.861	-56.8892	-18.895	0	-82.4181	-72.6552	0	-268.31	-237.791	0	366.625	0	4614.74	0	0	0.000228454	0	20	8.9504	-41.048	19.2754	2.91029	0	0	0	0	25	4	2	21
LLLFLLATLLGTLLSTLLILI	031032002100230033121	L-LF--AT-LGT--ST--I-I	-18.0548	-400.101	-382.046	-48.1685	-9.2407	0	-111.494	-101.786	0	-271.019	-240.439	0	385.278	0	4594.9	0	0	4.07256e-05	0	24	8.9504	-41.048	19.2754	2.91029	0	0	0	0	25	4	2	21
LLLFLLATLLGYLLATLLILI	031032002100230033121	L-LF--AT-LGY--AT--I-I	-19.8532	-372.243	-352.39	-47.3933	-7.03342	0	-82.4379	-72.6517	0	-272.705	-242.412	0	359.142	0	4689.04	3832.09	0	8.88432e-05	0	25	8.93662	-40.5433	18.0097	2.95129	0	0	0	0	25	4	2	21
LLLFLLATLLGYLLAVLLILI	031032002100230033121	L-LF--AT-LGY--AV--I-I	-19.9859	-364.934	-344.948	-54.7791	-14.0549	0	-68.6241	-58.8547	0	-272.038	-241.531	0	355.605	0	4691.33	0	0	0.00033922	0	19	8.9504	-41.048	19.2754	2.91029	0	0	0	0	25	4	2	21
LLLFLLATLLGYLLSTLLILI	031032002100230033121	L-LF--AT-LGY--ST--I-I	-20.9847	-388.121	-367.136	-46.1381	-4.45088	0	-97.804	-87.978	0	-274.707	-244.179	0	373.989	0	4665.92	0	0	9.07071e-05	0	25	8.9504	-41.048	19.2754	2.91029	0	0	0	0	25	4	2	21
LLLFLLAVLLGTLLSTLLILI	031032002100230033121	L-LF--AV-LGT--ST--I-I	-18.6801	-392.668	-373.988	-54.6313	-15.716	0	-97.785	-87.9891	0	-270.283	-240.252	0	381.975	0	4628.13	3838.8	0	0.000233247	0	25	8.82214	-40.3047	17.4903	2.97244	0	0	0	0	25	4	2	21
LLLFLLTFLLGTLLAVLLILI	031032002100230033121	L-LF--TF-LGT--AV--I-I	-14.3682	-367.737	-353.369	-53.1321	-7.55466	0	-71.1802	-72.5759	0	-273.238	-243.424	0	358.059	0	4641.18	3835.05	0	0.000156563	0	19	8.93662	-40.5433	18.0097	2.95129	0	0	0	0	25	4	2	21
LLLFLLTFLLGTLLGVLLILI	031032002100230033121	L-LF--TF-LGT--GV--I-I	-13.8902	-362.981	-349.091	-49.5541	-4.47089	0	-71.1802	-72.563	0	-272.057	-242.247	0	353.844	0	4639.83	3883.42	0	4.65309e-05	0	18	8.93662	-40.5433	18.0097	2.95129	0	0	0	0	25	4	2	21
LLLFLLTFLLGTLLSVLLILI	031032002100230033121	L-LF--TF-LGT--SV--I-I	-15.3655	-383.517	-368.152	-51.6077	-4.96411	0	-86.4547	-87.9098	0	-275.278	-245.455	0	373.189	0	4639.74	3816.37	0	7.99237e-05	0	17	8.93662	-40.5433	18.0097	2.95129	0	0	0	0	25	4	2	21
LLLFLLTTLLGFLLATLLILI	031032002100230033121	L-LF--TT-LGF--AT--I-I	-18.0339	-377.728	-359.694	-49.4187	0.63976	0	-84.9651	-86.3727	0	-273.962	-243.345	0	362.006	0	4661.62	0	0	2.73364e-05	0	1	8.9504	-41.048	19.2754	2.91029	0	0	0	0	25	4	2	21
LLLFLLTTLLGFLLSTLLILI	031032002100230033121	L-LF--TT-LGF--ST--I-I	-19.0254	-393.53	-374.505	-47.9039	3.20915	0	-100.251	-101.719	0	-275.995	-245.375	0	376.843	0	4665.43	0	0	1.39549e-05	0	0	8.9504	-41.048	19.2754	2.91029	0	0	0	0	25	4	2	21
LLLFLLTTLLGTLLATLLILI	031032002100230033121	L-LF--TT-LGT--AT--I-I	-14.9	-393.807	-378.907	-53.5228	-6.59017	0	-98.7591	-100.17	0	-272.146	-241.525	0	375.623	0	4590.21	0	0	9.20511e-06	0	62	8.9504	-41.048	19.2754	2.91029	0	0	0	0	25	4	2	21
LLLFLLTTLLGTLLAVLLILI	031032002100230033121	L-LF--TT-LGT--AV--I-I	-15.0688	-386.518	-371.45	-60.6532	-13.6091	0	-84.9579	-86.3732	0	-271.467	-240.907	0	372.025	0	4603.84	0	0	7.02935e-05	0	49	8.9504	-41.048	19.2754	2.91029	0	0	0	0	25	4	2	21
LLLFLLTTLLGTLLGTLLILI	031032002100230033121	L-LF--TT-LGT--GT--I-I	-14.4538	-389.112	-374.658	-50.0057	-3.53666	0	-98.7591	-100.157	0	-270.964	-240.347	0	371.439	0	4589.05	0	0	2.73578e-06	0	34	8.9504	-41.048	19.2754	2.91029	0	0	0	0	25	4	2	21
LLLFLLTTLLGTLLSTLLILI	031032002100230033121	L-LF--TT-LGT--ST--I-I	-15.8916	-409.521	-393.63	-51.9326	-3.9548	0	-114.034	-115.504	0	-274.171	-243.555	0	390.678	0	4593.95	0	0	4.69911e-06	0	77	8.9504	-41.048	19.2754	2.91029	0	0	0	0	25	4	2	21
LLLFLLTTLLGTLLSVLLILI	031032002100230033121	L-LF--TT-LGT--SV--I-I	-16.0465	-402.278	-386.231	-59.1074	-11.0185	0	-100.232	-101.707	0	-273.506	-242.938	0	387.146	0	4607.75	0	0	3.58841e-05	0	16	8.9504	-41.048	19.2754	2.91029	0	0	0	0	25	4	2	21
LLLFLLTTLLGTLLSYLLILI	031032002100230033121	L-LF--TT-LGT--SY--I-I	-16.164	-395.645	-379.481	-48.1315	0.114736	0	-100.232	-101.704	0	-277.892	-247.281	0	380.4	0	4664.57	0	0	1.39549e-05	0	36	8.9504	-41.048	19.2754	2.91029	0	0	0	0	25	4	2	21
LLLFLLTTLLGYLLATLLILI	031032002100230033121	L-LF--TT-LGY--AT--I-I	-17.6881	-381.69	-364.002	-51.4604	-1.75632	0	-84.9651	-86.3696	0	-275.876	-245.265	0	364.551	0	4667.73	0	0	2.73364e-05	0	41	8.9504	-41.048	19.2754	2.91029	0	0	0	0	25	4	2	21
LLLFLLTTLLGYLLAVLLILI	031032002100230033121	L-LF--TT-LGY--AV--I-I	-17.8467	-374.407	-356.56	-58.5961	-8.77782	0	-71.164	-72.5726	0	-275.21	-244.647	0	361.014	0	4679.82	0	0	0.000156563	0	14	8.9504	-41.048	19.2754	2.91029	0	0	0	0	25	4	2	21
LLLFLLTTLLGYLLSTLLILI	031032002100230033121	L-LF--TT-LGY--ST--I-I	-18.8111	-397.594	-378.783	-49.955	0.826217	0	-100.344	-101.696	0	-277.913	-247.295	0	379.398	0	4662.8	0	0	1.39549e-05	0	76	8.9504	-41.048	19.2754	2.91029	0	0	0	0	25	4	2	21
LLLFLLTTLLGYLLSVLLILI	031032002100230033121	L-LF--TT-LGY--SV--I-I	-18.9731	-390.355	-371.382	-57.1351	-6.23997	0	-86.5427	-87.8989	0	-277.243	-246.677	0	375.926	0	4681.17	0	0	7.99237e-05	0	39	8.9504	-41.048	19.2754	2.91029	0	0	0	0	25	4	2	21
LLLFLLTTLLGYLLSYLLILI	031032002100230033121	L-LF--TT-LGY--SY--I-I	-19.0315	-383.635	-364.604	-46.0716	4.92505	0	-86.5427	-87.8957	0	-281.633	-251.021	0	370.083	0	4733.82	0	0	1.55407e-05	0	29	8.9504	-41.048	19.2754	2.91029	0	0	0	0	25	4	2	21
LLLFLLTVLLGTLLATLLILI	031032002100230033121	L-LF--TV-LGT--AT--I-I	-14.4683	-385.398	-370.93	-59.0416	-13.1072	0	-85.0162	-86.373	0	-271.45	-241.34	0	372.346	0	4607.64	3857.48	0	7.02935e-05	0	29	8.82214	-40.3047	17.4903	2.97244	0	0	0	0	25	4	2	21
LLLFLLTVLLGTLLAYLLILI	031032002100230033121	L-LF--TV-LGT--AY--I-I	-14.6083	-371.21	-356.602	-54.9296	-8.75749	0	-71.215	-72.5728	0	-275.271	-245.065	0	361.816	0	4682.38	3910.38	0	0.000156563	0	28	8.82214	-40.3047	17.4903	2.97244	0	0	0	0	25	4	2	21
LLLFLLTVLLGTLLSTLLILI	031032002100230033121	L-LF--TV-LGT--ST--I-I	-15.3572	-401.125	-385.768	-57.4632	-10.4736	0	-100.291	-101.707	0	-273.587	-243.371	0	387.402	0	4619.81	3838.74	0	3.58841e-05	0	26	8.82214	-40.3047	17.4903	2.97244	0	0	0	0	25	4	2	21
LLLFLLTVLLGTLLSYLLILI	031032002100230033121	L-LF--TV-LGT--SY--I-I	-15.6713	-387.257	-371.585	-53.6713	-6.41386	0	-86.4896	-87.9068	0	-277.265	-247.096	0	377.124	0	4680.99	3889.82	0	7.99237e-05	0	27	8.82214	-40.3047	17.4903	2.97244	0	0	0	0	25	4	2	21
LLLVLLTTLLGTLLATLLILI	031032002100230033121	L-LV--TT-LGT--AT--I-I	-11.4956	-403.906	-392.41	-65.894	-22.1647	0	-99.1346	-100.137	0	-270.108	-238.877	0	388.53	0	4471.41	3888.42	0	1.18351e-05	0	5	8.93662	-40.5433	18.0097	2.95129	0	0	0	0	25	4	2	21
LLLVLLTTLLGTLLSTLLILI	031032002100230033121	L-LV--TT-LGT--ST--I-I	-12.2226	-419.35	-407.128	-63.9115	-19.5293	0	-114.376	-115.471	0	-272.128	-241.063	0	403.586	0	4460.39	0	0	6.04171e-06	0	46	8.9504	-41.048	19.2754	2.91029	0	0	0	0	25	4	2	21
LLLVLLTTLLGTLLSYLLILI	031032002100230033121	L-LV--TT-LGT--SY--I-I	-12.471	-405.475	-393.004	-60.1114	-15.4598	0	-100.575	-101.671	0	-275.874	-244.789	0	393.308	0	4531.53	0	0	1.79421e-05	0	45	8.9504	-41.048	19.2754	2.91029	0	0	0	0	25	4	2	21
LLLVLLTTLLGYLLATLLILI	031032002100230033121	L-LV--TT-LGY--AT--I-I	-14.3845	-391.911	-377.526	-63.5532	-17.3407	0	-85.3203	-86.3363	0	-273.849	-243.037	0	377.459	0	4540.83	3855.64	0	3.51468e-05	0	4	8.93662	-40.5433	18.0097	2.95129	0	0	0	0	25	4	2	21
LLLVLLTTLLGYLLSTLLILI	031032002100230033121	L-LV--TT-LGY--ST--I-I	-15.1654	-407.481	-392.315	-61.9919	-14.7582	0	-100.686	-101.663	0	-275.895	-244.803	0	392.306	0	4535.83	0	0	1.79421e-05	0	5	8.9504	-41.048	19.2754	2.91029	0	0	0	0	25	4	2	21
LLLVLLTVLLGTLLATLLILI	031032002100230033121	L-LV--TV-LGT--AT--I-I	-11.0141	-395.545	-384.531	-71.3176	-28.6552	0	-85.3791	-86.3397	0	-269.536	-238.848	0	385.042	0	4482.99	3879.52	0	4.51887e-05	0	30	8.82214	-40.3047	17.4903	2.97244	0	0	0	0	25	4	2	21
LLLVLLTVLLGTLLSTLLILI	031032002100230033121	L-LV--TV-LGT--ST--I-I	-12.0477	-411.272	-399.224	-69.7393	-26.0217	0	-100.654	-101.674	0	-271.529	-240.879	0	400.098	0	4490.34	3860.78	0	2.30684e-05	0	31	8.82214	-40.3047	17.4903	2.97244	0	0	0	0	25	4	2	21
LLLWLLAFLLGTLLSTLLILI	031032002100230033121	L-LW--AF-LGT--ST--I-I	-21.7401	-397.34	-375.6	-52.9382	-10.1999	0	-97.7222	-87.9889	0	-277.411	-246.679	0	385.565	0	4629.6	3795.91	0	5.18326e-05	0	8	8.82214	-40.3047	17.4903	2.97244	0	0	0	0	25	4	2	21
LLLWLLATLLGTLLATLLILI	031032002100230033121	L-LW--AT-LGT--AT--I-I	-16.2641	-398.502	-382.238	-59.446	-22.4302	0	-96.2381	-86.4523	0	-273.355	-242.818	0	383.858	0	4549.04	3894.63	0	1.13968e-05	0	16	8.82214	-40.3047	17.4903	2.97244	0	0	0	0	25	4	2	21
LLLWLLATLLGTLLSTLLILI	031032002100230033121	L-LW--AT-LGT--ST--I-I	-16.103	-413.032	-396.929	-58.0368	-19.7948	0	-111.513	-101.786	0	-275.348	-243.483	0	398.914	0	4547.8	3890.92	0	1.16359e-05	0	17	8.82214	-40.3047	17.4903	2.97244	0	0	0	0	25	4	2	21
LLLWLLATLLGYLLATLLILI	031032002100230033121	L-LW--AT-LGY--AT--I-I	-19.0541	-386.602	-367.548	-57.7403	-17.7978	0	-82.4379	-72.6517	0	-277.098	-246.424	0	372.793	0	4609.74	3845.32	0	2.53838e-05	0	44	8.93662	-40.5433	18.0097	2.95129	0	0	0	0	25	4	2	21
LLLWLLATLLGYLLSTLLILI	031032002100230033121	L-LW--AT-LGY--ST--I-I	-20.1937	-402.512	-382.318	-56.2409	-15.2153	0	-97.8166	-87.978	0	-279.125	-248.454	0	387.64	0	4612.63	3825.54	0	2.59163e-05	0	43	8.93662	-40.5433	18.0097	2.95129	0	0	0	0	25	4	2	21
LLLWLLTFLLGTLLSTLLILI	031032002100230033121	L-LW--TF-LGT--ST--I-I	-16.8649	-404.545	-387.68	-63.3184	-4.64702	0	-95.797	-101.867	0	-281.166	-245.429	0	391.43	0	4654.35	3955.05	0	7.97425e-06	0	9	8.82214	-40.3047	17.4903	2.97244	0	0	0	0	25	4	2	21
LLLWLLTTLLGTLLATLLILI	031032002100230033121	L-LW--TT-LGT--AT--I-I	-9.70774	-403.697	-393.989	-61.2438	-17.2973	0	-98.976	-100.184	0	-276.507	-243.477	0	389.571	0	4537.05	3955.49	0	2.63003e-06	0	13	8.82214	-40.3047	17.4903	2.97244	0	0	0	0	25	4	2	21
LLLWLLTTLLGTLLSTLLILI	031032002100230033121	L-LW--TT-LGT--ST--I-I	-11.0278	-419.756	-408.728	-61.6801	-14.6619	0	-114.437	-115.518	0	-278.547	-243.639	0	404.626	0	4533.39	3961.5	0	1.3426e-06	0	12	8.82214	-40.3047	17.4903	2.97244	0	0	0	0	25	4	2	21
LLLWLLTTLLGYLLATLLILI	031032002100230033121	L-LW--TT-LGY--AT--I-I	-12.6613	-391.927	-379.266	-57.4372	-12.6737	0	-84.9895	-86.3839	0	-280.208	-249.5	0	378.513	0	4617.27	3846.2	0	7.81039e-06	0	45	8.93662	-40.5433	18.0097	2.95129	0	0	0	0	25	4	2	21
LLLWLLTTLLGYLLSTLLILI	031032002100230033121	L-LW--TT-LGY--ST--I-I	-13.7924	-407.86	-394.068	-59.7349	-10.0912	0	-100.747	-101.71	0	-282.267	-247.378	0	393.36	0	4604.35	3921.31	0	3.98712e-06	0	11	8.82214	-40.3047	17.4903	2.97244	0	0	0	0	25	4	2	21
LLLYLLAFLLGTLLSTLLILI	031032002100230033121	L-LY--AF-LGT--ST--I-I	-19.8971	-386.958	-367.061	-45.7058	-0.981761	0	-97.7951	-87.9889	0	-278.091	-243.457	0	374.796	0	4648.15	3936.54	0	9.07071e-05	0	7	8.82214	-40.3047	17.4903	2.97244	0	0	0	0	25	4	2	21
LLLYLLATLLGFLLSTLLILI	031032002100230033121	L-LY--AT-LGF--ST--I-I	-24.2541	-391.003	-366.749	-45.1721	-0.793644	0	-101.386	-88.0006	0	-277.955	-244.445	0	374.221	0	4659.13	3799.63	0	9.07071e-05	0	55	8.93662	-40.5433	18.0097	2.95129	0	0	0	0	25	4	2	21
LLLYLLATLLGTLLSTLLILI	031032002100230033121	L-LY--AT-LGT--ST--I-I	-18.416	-404.466	-386.05	-48.5023	-7.96403	0	-113.337	-101.786	0	-276.3	-242.627	0	388.065	0	4596.11	3858.36	0	2.03628e-05	0	54	8.93662	-40.5433	18.0097	2.95129	0	0	0	0	25	4	2	21
LLLYLLATLLGYLLSTLLILI	031032002100230033121	L-LY--AT-LGY--ST--I-I	-23.5951	-394.798	-371.203	-46.9545	-3.17296	0	-101.478	-87.978	0	-280.052	-246.365	0	376.77	0	4665.14	3804	0	2.26768e-05	0	56	8.93662	-40.5433	18.0097	2.95129	0	0	0	0	25	4	2	21
LLLYLLGTLLGTLLSTLLILI	031032002100230033121	L-LY--GT-LGT--ST--I-I	-19.3487	-401.121	-381.772	-44.4037	-4.9548	0	-115.469	-101.786	0	-275.031	-241.248	0	383.889	0	4579.55	3862.22	0	6.05189e-06	0	52	8.93662	-40.5433	18.0097	2.95129	0	0	0	0	25	4	2	21
LLLYLLTFLLGTLLSVLLILI	031032002100230033121	L-LY--TF-LGT--SV--I-I	-16.6552	-387.978	-371.323	-60.2254	-3.15758	0	-81.8684	-87.9277	0	-280.238	-245.884	0	376.8	0	4662.33	3911.13	0	7.99237e-05	0	16	8.93662	-40.5433	18.0097	2.95129	0	0	0	0	25	4	2	21
LLLYLLTFLLGYLLSTLLILI	031032002100230033121	L-LY--TF-LGY--ST--I-I	-20.4451	-384.55	-364.105	-52.2902	8.74381	0	-81.888	-87.9165	0	-284.933	-250.372	0	369.388	0	4718.72	3889.68	0	1.55407e-05	0	4	8.82214	-40.3047	17.4903	2.97244	0	0	0	0	25	4	2	21
LLLYLLTTLLGTLLATLLILI	031032002100230033121	L-LY--TT-LGT--AT--I-I	-12.3506	-395.229	-382.879	-53.4323	-5.27389	0	-98.9941	-100.188	0	-277.417	-242.803	0	378.392	0	4588.66	3946.68	0	4.60255e-06	0	37	8.82214	-40.3047	17.4903	2.97244	0	0	0	0	25	4	2	21
LLLYLLTTLLGTLLGTLLILI	031032002100230033121	L-LY--TT-LGT--GT--I-I	-11.6806	-390.34	-378.659	-50.1198	-2.22038	0	-98.9752	-100.175	0	-276.263	-241.245	0	374.209	0	4570.17	0	0	1.36789e-06	0	33	8.9504	-41.048	19.2754	2.91029	0	0	0	0	25	4	2	21
LLLYLLTTLLGTLLSTLLILI	031032002100230033121	L-LY--TT-LGT--ST--I-I	-13.2579	-410.749	-397.491	-52.0467	-2.58746	0	-114.25	-115.522	0	-279.382	-244.453	0	393.447	0	4580.48	0	0	2.34956e-06	0	32	8.9504	-41.048	19.2754	2.91029	0	0	0	0	25	4	2	21
LLLYLLTTLLGTLLSVLLILI	031032002100230033121	L-LY--TT-LGT--SV--I-I	-13.4927	-403.658	-390.165	-59.1111	-9.70219	0	-100.461	-101.725	0	-278.738	-244.086	0	389.915	0	4606.31	3924.84	0	1.79421e-05	0	15	8.93662	-40.5433	18.0097	2.95129	0	0	0	0	25	4	2	21
LLLYLLTTLLGYLLATLLILI	031032002100230033121	L-LY--TT-LGY--AT--I-I	-15.2086	-383.146	-367.938	-51.4034	-0.438797	0	-85.2001	-86.3875	0	-281.111	-246.543	0	367.313	0	4659.69	3907.54	0	6.83409e-06	0	2	8.82214	-40.3047	17.4903	2.97244	0	0	0	0	25	4	2	21
LLLYLLTTLLGYLLSTLLILI	031032002100230033121	L-LY--TT-LGY--ST--I-I	-16.2024	-398.974	-382.771	-49.7157	2.14374	0	-100.562	-101.714	0	-283.201	-248.696	0	382.16	0	4668.52	3890.81	0	3.48873e-06	0	50	8.93662	-40.5433	18.0097	2.95129	0	0	0	0	25	4	2	21
LLLYLLVFLLGTLLSTLLILI	031032002100230033121	L-LY--VF-LGT--ST--I-I	-19.874	-390.562	-370.688	-51.8016	-2.30828	0	-92.8728	-87.9889	0	-280.391	-245.888	0	376.939	0	4674.69	3914.62	0	7.99237e-05	0	6	8.82214	-40.3047	17.4903	2.97244	0	0	0	0	25	4	2	21
LLLYLLVFLLGYLLSTLLILI	031032002100230033121	L-LY--VF-LGY--ST--I-I	-23.5126	-379.428	-355.915	-50.6627	2.52575	0	-79.1321	-74.1806	0	-284.26	-249.633	0	365.998	0	4742.98	3881.61	0	5.93373e-05	0	5	8.82214	-40.3047	17.4903	2.97244	0	0	0	0	25	4	2	21
