,Sequence,Segments,0H,12H,18H,30H
0,SIFLTNLFALGMGVFIIL,4.18,-86.3971468608816,-82.92155443076948,-84.96552601145886,-85.31845273746023
1,TNIFSFVVGAAVIFAVCL,4.18,-37.543599445731886,-13.90265101627976,-29.307475869346238,-24.880898700363066
2,SSTIAFISGAAMIFLIML,4.18,8.0400450526102,38.49590215241926,10.646270877477438,16.632198009135703
3,TNIFSFVVIAAVGFAVCL,4.18,-47.46609163785083,-30.068055034569934,-41.987742677863174,-37.798619699211685
4,SSTIAFISIAAMMFLIML,4.18,50.116027029417396,87.83987895232927,52.47829844612353,55.48208205724903
6,SIILTNIMAFGIGVYIIL,4.18,-85.11305041807394,-81.34515598210307,-83.27106979119608,-82.84214470197576
7,TILLSHIVALGIGIYVIL,4.18,-73.34130301327333,-65.27318381012213,-67.58945384957514,-68.60908380947413
8,GLICSHIVVLLIGIYIIL,4.18,-12.747985642400414,18.818284645078478,11.638519656485894,16.571548386455383
9,VLGAAGTALLCAGLLLSLF,P,-65.52510885668677,-67.72277774763782,-54.633067841041715,-49.99510002577073
10,SNAVTFVLIAAVMVYVLL,4.18,2.12790089846339,49.08935345871741,24.379165949700308,33.041449180519436
11,SHACTFILIAAVMVYIML,4.18,-49.42617511405374,-31.59730226126844,-38.58367601802551,-34.333031855588295
12,SHACTFILGAAVMVYIIL,4.18,31.119368469794857,73.83442978964422,60.54724347235027,70.86914274211067
13,SNLITHLLGAGIGVYIIL,4.18,-76.19489120258142,-65.96003033498731,-69.81477767470885,-70.17528869955706
15,SHACSFVLIAAVMVFVLL,4.18,-80.04616122501088,-73.50388105235537,-77.59130329935965,-77.50930440787326
16,THACTFFLIAAVMVYVKL,4.18,48.533982649243626,106.35955289966832,67.6496427295237,111.34839634019467
17,TLLFSHLVAFGIIIYVGL,4.18,-85.56064527967786,-79.17279214483877,-79.94912591530664,-79.7405082060876
18,SHACSFVLIAAVMVFSLL,4.18,-63.25580275675584,-47.83086479455968,-58.988770104491664,-57.97957035144504
19,TILLSHIVALGIIIYVGL,4.18,-52.50536511062959,-40.8820915007623,-39.48066697697219,-41.72610988327099
20,CAVVVGVGLIVGFAVGL,P,176.9099920633181,127.93030115555904,257.3214435568288,273.949039355063
21,SLIVSHILAIGLGIFIIL,4.18,-93.61157242188504,-91.75902074139968,-91.98548363925565,-92.34432973531153
22,TILLSHLVAFGIIVYVGL,4.18,-74.5412385075356,-64.8947645810645,-68.97339591699205,-68.22143684223056
23,SIFLTNLFALGMIVFIGL,4.18,-44.41416859663591,-28.800299860420118,-39.04469226475922,-38.073342411996336
24,SNLLSFILIAGVGVYIGL,4.18,75.87117552459577,129.87460600006992,106.88853990086096,104.01369300601195
25,THACTFFLGAAVMVYVIL,4.18,-83.9718953966366,-76.16660181750092,-79.91802748500486,-77.53173077654026
26,SNLLSFILGAGVIVYIGL,4.18,-33.929312115574334,-9.90586592943044,-18.665669362270894,-18.991170957464703
27,SNAVTFVLGAAVIVYVLL,4.18,-42.99869602323045,-17.093291106520194,-31.017734296978926,-25.3191215653915
28,SILLSHILAFGIGVYIIL,4.18,-70.09844422601272,-59.616484952701484,-61.78745511463652,-61.29232265334653
29,SHACSFVLGAAVIVFSLL,4.18,-68.43413954583593,-57.87999137912734,-65.5592786977831,-64.93987084714115
30,SILASHLLTLGLGIYIIL,4.18,-7.055272719696447,29.16472280476424,22.313331642449445,22.652247312392138
31,TNLVSLILITGVGLWLSL,4.18,-94.47614847359868,-91.35270585699496,-93.00659192690415,-92.6923865507907
33,SLIVSHILAIGLIIFIGL,4.18,-79.30886129543524,-74.96821981489886,-74.94688778316491,-75.00822006137545
34,SLLLSHLLAIGLGIFIIL,4.18,-90.61299352047074,-87.74153430168138,-87.81799787312094,-88.22522697800294
35,SHAISFILIAAVMVFIML,4.18,-90.07168586109223,-87.96882062709935,-88.73708148016402,-89.19135750748822
36,SLLASHALTLGLGIYIIL,4.18,50.24652719405186,93.55084019600439,96.87845273695397,94.76633839357945
37,SIILTNIMAFGIIVYIGL,4.18,-81.88862217671543,-77.21531833237306,-79.39766278520113,-78.5335414229657
38,SNAVTFVLGAAVMVYVIL,4.18,-63.50089076464669,-46.652903810074285,-55.150783309356314,-48.817371827217336
39,SIILSHIVALGIGVYIIL,4.18,-61.17694781382902,-53.091169079531255,-53.663463275220245,-52.9504930244438
40,SNLITHLLIAGIGVYIGL,4.18,63.19711222344222,112.8901464528226,94.3803592402772,96.73587389104077
41,SLLASHLLTLGVGIYIIL,4.18,-53.25316732081101,-35.72073101910716,-38.778042216106186,-38.1084426352213
42,SHACSFVLGAAVIVFVLL,4.18,-80.23573589798671,-73.66028102057946,-78.5578256016634,-77.59581047628484
43,TNVLSLLLGAGFILWLSL,4.18,-83.10099449640138,-75.7693837731533,-78.11981284393657,-77.19794315449192
44,SNAVTFVLGAAVMVYVLL,4.18,-65.68561726378623,-49.37612579141067,-56.588218147505074,-51.953554999523234
45,TNVLSLLLIAGIGLWLSL,4.18,-95.85981878241434,-93.22710471714012,-94.28678539383269,-93.91283242023668
46,SILLTHLLALGIGIYIIL,4.18,-86.92717732015012,-80.76045104833521,-81.09314878247422,-81.57712312572386
47,SLLLSHLLAIGLIIFIGL,4.18,-72.47906374489617,-62.42298045411733,-65.62935624708601,-63.9964407612654
48,TNLITLLLGTGIIVFISL,4.18,-59.159107493723084,-49.38524374977582,-50.97339104319871,-52.2829840082505
49,SLLASHLLTLGLGIYIIL,4.18,-20.194125441683084,8.987305754334159,2.5256744281636307,1.4448622913088751
50,THACTFFLGAAVMVYVKL,4.18,-26.25364242724131,-5.633664192585253,-16.15432316974505,2.871469531836383
51,LALGLGACLLAGTSLSVLWVY,P,-93.4916290616177,-94.99207049092674,-92.48092530632483,-92.14220770337684
53,SLLLSHFLAIGLGIYIIL,4.18,-20.185698468868125,0.18162378877046953,5.024437222715136,-2.093421791811211
54,TNVLSLLLGAGIILWLSL,4.18,-88.79591831818871,-83.38331836543026,-85.69690897833195,-84.63305328096351
55,SLIVSHILIIGLGIFIGL,4.18,-80.23872810753758,-74.32192158626646,-75.05225812358,-76.79466660238728
56,SLFLSHVLALGLGIYIIL,4.18,-75.24748083486215,-68.69787008365272,-69.0660686971716,-70.16142747633296
58,TNLITLLLGTGIGVFIIL,4.18,-80.20162552664362,-66.67494904348914,-77.04504685992592,-77.26207318507973
59,SHACSFVLGAAVMVFSIL,4.18,-82.57118821795208,-76.19557172131908,-80.14765663616794,-79.44562839115324
60,SHACTFILGAAVIVYIML,4.18,-67.26007584742317,-54.474145262804065,-57.54074944361298,-57.3478816433987
61,TNIFSFVVGAAVLFAVCL,4.18,-26.847683291810164,-4.41333220148943,-20.83390839411723,-13.600043868000933
62,SLLISHILALGIIVYIGL,4.18,-56.994576540160814,-43.814882479081376,-47.05244446822702,-46.35470753358426
63,SILLSHLVAFGIGVYIIL,4.18,-89.47871009330647,-85.58774894461999,-86.72818257921607,-86.45111543107812
64,TNVLSLLLIAGFGLWLSL,4.18,-93.24177713632315,-89.25623657853944,-91.17667155233755,-90.53066189789591
65,SNLLSFILLAGVGVYIGL,4.18,377.6680703079343,513.7726236874929,479.5656112815025,473.1595976909108
66,SLLISHILALGLGVYIIL,4.18,-76.14699182911421,-69.77088341049556,-69.67712175341148,-70.64879759917876
67,SLFLSHILAVGLIIYIGL,4.18,-19.858218795209233,8.718167834762863,-1.7762554991173862,-1.7135997278642185
68,TNVLSLLLGAGFGLWLIL,4.18,130.0207784647894,243.44592352075443,189.3916281247375,207.08863558549933
69,SLLISHILALGLIVYIGL,4.18,-7.626978443482428,27.20946174997915,11.413738958511278,13.035101662831957
70,SIFLTNLFILGMGVFIGL,4.18,-92.96794196811648,-90.99108245255042,-92.0616920457015,-92.65717406341227
71,SLFISHVLALGLGIYIIL,4.18,-79.14610698041017,-72.88899079263628,-74.02961303508866,-75.55217025197584
72,SHACTFILGAAVMVYIML,4.18,-76.32350524979245,-66.9009805537934,-69.06421290252362,-67.27234739586282
73,SLFISHVLALGLIIYIGL,4.18,-41.63676537568104,-17.407191635782816,-23.29973283597245,-28.610844276329484
74,SNLITHLLGAGIIVYIGL,4.18,-31.21879364347379,-3.965708448894198,-16.319525164840023,-15.430245296902918
75,GLICSHIVVLLIIIYIGL,4.18,-45.534188004737835,-28.018385408705726,-32.94519623818618,-32.05091631731
76,SLLLSHILALGLIIYIGL,4.18,-37.2240403535899,-12.064365665969794,-15.965424873956765,-20.16704982532373
77,SLVLSHILIVGLGVYIGL,4.18,-39.968550220131576,-32.623876063260354,-30.168776647727658,-33.22543991916201
78,SILASHLLTLGLIIYIGL,4.18,148.84039962305263,233.53840818930135,207.908020137669,214.20372941067657
79,SLLLSHILVLGLGVYIIL,4.18,-45.94827783083501,-26.79536362591499,-29.875430377408996,-32.41758594942652
80,SLLASHALTLGLIIYIGL,4.18,698.7747887457314,1006.2151699502803,936.1614801459777,1024.5701552062444
81,SHAISFILGAAVIVFIML,4.18,-84.18412665256065,-78.77203584458421,-81.68018828374312,-82.37266245981878
82,SLLISHILALGLIIYIGL,4.18,62.731194693339035,168.36642976095263,164.58740988711804,163.83377510229374
83,SLLLSHLLAIGLGIYIIL,4.18,-75.72824196704833,-65.45118464713626,-67.06536866218252,-66.88380142301013
84,SLLLSHILALGIGVYIIL,4.18,-77.59499798676009,-69.66931391801637,-70.592989985752,-71.07017632286642
85,SLLIIHILALGLGVYIGL,4.18,-10.10696035167815,8.7594773358896,9.905721041416497,14.079672673420635
87,SLVLSHILIVGLGIYIGL,4.18,-12.650972381102992,9.731358439440442,5.970902714830675,3.9702846142082375
88,SLLISIILALGLGVYIGL,4.18,-0.44254635885586957,26.822983906610666,19.780057703639482,23.505471869206023
89,SLFLSHILAVGLGIYIIL,4.18,-72.56720261318985,-65.62589188514937,-66.50497435221334,-66.82019786392216
90,SLLLSHLLAIGLIVYIGL,4.18,-18.632914673053573,14.813988735870584,2.2967236908306115,4.476753753444099
91,SLFLSHILIVGLGIYIGL,4.18,339.42489263006365,509.52623860050704,406.8588027640386,432.36091733261
92,THACTFFLGAAVIVYVKL,4.18,-52.774612236676674,-33.058155069861314,-38.363108454976505,-18.726542478092075
93,SLLLSHLLTLGLGIYIIL,4.18,-21.8262376822366,4.751400475163698,-0.1471895776555023,-0.8701072652731404
94,SLLISHILALGLGVYILL,4.18,-68.96500784004706,-62.25745075649575,-61.99241717635176,-62.66732638343721
95,SNLITHLLGAGIGVYIGL,4.18,-51.026111731795986,-30.36174892577777,-38.96152445673995,-35.99979858308721
96,SILLSHLLALGLGVYIIL,4.18,-75.13877517257667,-66.66454179744065,-68.21017996612365,-68.28594641380495
97,SLLLTHLLTLGLGIYIIL,4.18,-10.74352956122937,23.16763986864599,19.89720877082696,15.089162970015074
98,SIFLTNLFALGMGVFIGL,4.18,37.506070665913875,88.65161307430958,51.377167160032954,53.70194757451559
99,SILLTHLLALGIIIYIGL,4.18,-74.31198789081607,-64.46225933508288,-63.05941142548067,-65.81389721845716
100,SILLSHILAFGIIVYIGL,4.18,-77.10353859190691,-71.37754727707575,-71.5344371677524,-72.49568112185962
101,SLLLSHLLTLGLIIYIGL,4.18,68.74934769082591,128.65399102194866,106.98689524953879,106.91533384884717
102,SLLLSHILALGLGIYIIL,4.18,262.5558588363234,365.0368300451438,374.71676660541965,340.8277262059291
103,SLLISHILALGLGIYIIL,4.18,-74.6313753467211,-68.5392115946277,-68.02685692904608,-69.34669152998647
104,SLLLTHLLTLGLIIYIGL,4.18,-20.759568147538598,8.280691073431488,-6.228521924290104,-2.8655390490776154
105,SLILSHILIVGLGIYIGL,4.18,-29.93292594056,-7.991196174886937,-11.348216802128324,-18.675052259598974
106,SLLLSHLLIIGLGIYIGL,4.18,87.15317737883801,156.99518622690138,149.40468021521747,156.02765489397433
107,SLLLSHFLAIGLIIYIGL,4.18,84.41210807778975,147.27947712440803,121.79950111272679,120.95688036324337
108,SLVLSHILALGLIVYIGL,4.18,-34.616359263666986,-10.101813964779199,-17.630613032830684,-17.739016052755666
109,SHACSFVLGAAVMVFSLL,4.18,-47.27267593891483,-22.563768051095384,-40.98166726847104,-31.43828212334214
110,TNVLSLLLGAGIGLWLIL,4.18,1493.505352931628,2542.7166381015163,2098.541286897248,2346.5179937140624
111,SLLLSHFLIIGLGIYIGL,4.18,46.345554425133514,84.17616972773416,86.56030078918226,71.73119451796724
112,SLLISHILALGLLVYIGL,4.18,-32.85825482869964,-6.614196439754457,-11.699041626884227,-11.063865698119308
113,TNFISLLLGTGVGLWLIL,4.18,-85.57194100699247,-79.10141882574978,-79.19469327292849,-77.87907185548194
114,SLILSHILAVGLIIYIGL,4.18,9947.757558215331,12836.647973210407,13571.619379472173,13220.270609741643
115,SLLISHILALGIGVYIIL,4.18,-78.1991798813028,-73.63562117905437,-72.36097286887578,-74.1881700449079
116,IIVAMTAVGGSICVMLVVICL,P,-84.95199993858017,-87.97464202148763,-81.03264784806194,-79.45084063205076
117,SNLLSFILGAGVLVYIGL,4.18,-24.40493761657186,10.01269216935296,-1.312306880439888,-8.726493053197256
118,SLIVSHILIVGLGIYIGL,4.18,-57.528152251156094,-46.388441157467234,-49.93794134748084,-52.393566362787446
119,SNLLSFILAAGVGVYIGL,4.18,-10.385913390114121,15.985986762695406,9.617711352990796,7.348195677653978
120,SLLISAILALGLGVYIGL,4.18,-16.570703401683293,23.44400947533188,2.0200187433776473,11.5197840544011
121,SILLSHLVAFGIIVYIGL,4.18,-67.16584448359181,-57.07679703708061,-59.69223624509111,-59.334178138286234
122,SLLLSHLLIIGLGIFIGL,4.18,-96.04853088928024,-95.27316528351889,-94.75109824887274,-95.25711555246426
123,SLIISHILAVGLIIYIGL,4.18,-41.12878213707364,-21.979434384899374,-23.594173059274674,-23.485824087934642
124,SLIVSHILAVGLIIYIGL,4.18,-46.65973219657106,-29.257549230042056,-29.063659435239536,-25.88125619957929
125,SLLLTHLLALGLGIYIIL,4.18,-68.49758483742153,-57.505311130438976,-59.52752323188203,-61.11983543606727
126,SLLLSHLLAIGLGVYIIL,4.18,-76.72255057799495,-66.17993456171908,-69.72371658349937,-69.20371381285698
127,SLLLSHILALGIIVYIGL,4.18,-63.53797411838724,-52.51868347912381,-52.78510353330776,-51.96042835306365
128,TNLVSLILGTGVGLWLIL,4.18,35.3985065537955,160.637813038047,85.87803846853144,93.85750493121245
129,SLVLSHILAVGLIIYIGL,4.18,-24.190260354108844,2.600717399629502,-1.3900916141417217,-7.151252956168699
130,TNIFSFVVAAAVGFAVCL,4.19,-74.31618103489322,-64.92975709398375,-71.44517321730486,-67.16287291025105
131,SHACSFVLGAAVMVFVLL,4.18,-92.07038660432086,-89.47108599920084,-91.0107206349505,-89.42496828950378
132,SLLLSHILVLGLIVYIGL,4.18,134.8402539678231,221.1748413566154,201.33499255199555,184.96932597278033
133,SLLISHILALGLAVYIGL,4.18,-48.45880926735663,-32.411684676969664,-35.083931217433644,-31.820333382504696
135,TLLFSHLVAFGIGIYVIL,4.18,-95.52950815784583,-93.21604408696,-93.99322883420409,-93.83400267129458
136,SLLLSHLLAIGLIIYIGL,4.18,239.9576006154673,361.79733495854714,362.5661032880076,373.78468329559996
137,SLLLSHILALGLGVYIIL,4.18,-72.33391425828863,-63.31705498264607,-62.98430262182839,-64.73659213679024
138,SLLLSHILALGLIVYIGL,4.18,-32.35726969109916,-3.252846933417544,-10.05912095767916,-14.94347823701497
139,LLLALTVLLLSGLLWLT,14,-84.2256608519203,-79.33722073557121,-85.32062568238798,-87.23440540899733
140,SLLLSHLLALGLIIYIGL,4.18,-30.267462272650963,-5.749531985948136,-10.35159179375594,-14.813943841004196
141,SLVLSHILAVGLGVYIIL,4.18,-83.49112778001636,-79.2082687360379,-79.52216513447426,-79.98533470710308
142,SLLLSHLLIIGLGVYIGL,4.18,71.90471858102818,138.18637999793648,111.23878666716915,126.27808733681285
143,TNIFSFVVGAAVGFAVIL,4.18,450.58641895485493,683.2113216611526,550.2681269196271,598.233195904738
144,SLLLSHLLALGLGIYIIL,4.18,-81.58906507591604,-75.62532947693184,-76.45525898815339,-77.29535354767734
145,SLIVSHILAVGLGIYIIL,4.18,-52.29883128916049,-37.60415576636327,-39.0859544825135,-40.9758327302771
146,TNLVSLILGTGVILWLSL,4.18,-86.5639193359483,-81.21783626738548,-83.38235584914898,-81.87366090349451
147,SLLLTHLLALGLIIYIGL,4.18,125.1873388204388,209.0029384368377,192.63370213014542,174.12498909897172
148,SLVLSHILAVGLGIYIIL,4.18,-84.2976149168311,-79.6954675877064,-80.2992075712921,-80.26587152799193
149,LLLWLLGALASLLLVLT,13,-83.33650669253704,-80.59428139344364,-83.85773116502111,-85.79156792716891
150,SLVLSHILALGLGVYIIL,4.18,-80.29602838927353,-73.73831069284613,-74.34712347167053,-74.13919932142792
151,SLLLTHILALGIIVYIGL,4.18,-54.057811345243955,-35.14015314876819,-42.42471399863898,-41.423688358548326
152,SLILSHILAVGLGIYIIL,4.18,-30.36321640259138,-7.414739615672765,-7.835322638254984,-9.37454793026039
153,SLLISHLLAMGLIIYIGL,4.18,-51.13738204035872,-27.870912055025205,-36.693034948438424,-36.429136493422114
154,TNIFSFVVAIAVGIAICL,4.19,-71.01089198181619,-67.40451463907232,-66.51133468067574,-64.74537631732295
155,SLVLSHILAVGLIVYIGL,4.18,-28.670571101820823,-10.484979134928578,-10.606974062914713,-12.388821216667772
156,SLLLSHVIALGLIVYIGL,4.18,-38.91327765926206,-3.8906327961661824,-21.322800879929208,-15.29555670929565
157,TNVLSLLLGAGIGAWLIL,4.18,1873.6744817938763,3050.480111025384,2483.7726892953333,2795.9460023080615
158,SLIISHILIVGLGIYIGL,4.18,-71.57924699437962,-61.83929625341613,-62.38956304647374,-65.15419351247269
159,TNVLSLLLGAGVILWLSL,4.18,-88.573221336943,-82.16922416618614,-84.76930168411818,-82.06158210620082
160,SLIISHILAVGLGIYIIL,4.18,-92.66961750329939,-90.49491191628128,-90.19201145462189,-90.93233789203774
161,SLLILHILALGLGVYIGL,4.18,-69.40319087554717,-58.85053250916585,-62.39014655674738,-60.51951412456377
163,SLLISLILALGLGVYIGL,4.18,-5.157729450086572,26.83398177343831,14.199060303908388,14.087679528940694
164,SLLASHLLTLGVIIYIGL,4.18,-43.80656492098575,-19.907857530516008,-29.96275276695511,-26.715490566035484
165,LLLLLLTGLLLSILTIL,13,-89.10939234249423,-89.32563753406063,-90.59821784408564,-93.8861003835941
166,TNIFSFVVAIAVGFAVCL,4.19,-53.543967307535745,-44.853214241753165,-48.23092809826356,-38.977127472091574
167,SIILSHIVILGIGVYIGL,4.18,-89.76142212460395,-87.75468116752168,-88.38533750516136,-88.00942867400042
168,TNVLSLLLGAGVGLWLIL,4.18,190.15370794596876,344.01106821149784,325.7292137460355,371.60616353015683
169,LLLYLLFGLLAILLSVT,13,-82.61376724194056,-80.8898284592663,-82.33029295395576,-84.05931693408597
170,TNIFSHVVAIAVGIAVCL,4.19,-90.54743803365186,-85.26668099038936,-86.77667921841413,-87.3425746538251
171,TNVLSLLLIAGVGLWLSL,4.18,-95.56556874465761,-92.13387371841816,-93.7367164193716,-93.54911742678529
173,LLLWLLVALGTILLLTL,14,-60.05635818050836,-53.405068615066995,-66.04401569430009,-73.13304271572845
174,LLLILLFGALTFLLVFL,13,-88.34842341243002,-88.38798366375035,-89.27989453396276,-91.26611323634447
175,SLLLTHILILGIGVYIGL,4.18,-74.57163147938208,-64.93436076107662,-68.90596711393253,-68.97086442631154
176,LLLYLLFGLLAILLIVT,13,-87.80498022976131,-85.19467433910204,-88.93927819402822,-91.84333235591241
177,LLLALLGTLTALLSVLT,14,-89.80885668076307,-91.33620785684678,-90.89463629456192,-91.60558384933228
178,SNLLSHLLGAGLGIYICL,4.19,-84.02465819005023,-80.89207765228203,-80.26459804442628,-82.02911674618632
180,TNIFSHVVGIAVGIAICL,4.19,-94.60273348082227,-92.71104935563582,-94.0762668717694,-93.06219935231697
181,SHAISFILGAAVMVFIIL,4.18,-94.79891441571412,-93.00978349156598,-93.84009838260387,-93.53451738864155
182,TNLLSFLLAIGLGIYVCL,4.19,-59.07599993315925,-38.27537180223885,-52.20566610623257,-46.43777509599848
183,LLLALTVLLLSGLLSLT,14,-86.39671745642472,-83.08679347914217,-84.66678282200978,-87.8042052485434
184,SIILSHIVALGIIVYIGL,4.18,-53.070105318018875,-43.266967002531715,-45.253051267682174,-41.76219950087506
185,SILASHLLILGLGIYIGL,4.18,175.66306060870295,256.6466200843672,266.10131709201653,272.3905092649784
186,SLLLTHILALGIGVYIIL,4.18,-69.83732752074052,-61.26581603333878,-63.64376917899298,-64.23411098933161
187,LLLILLFGALAALLVFL,13,-82.58594305622083,-84.59379352851792,-85.07133486723801,-87.7311641245896
188,SLLASHLLTLGLIIYIGL,4.18,271.15552553900574,349.28214426360023,400.3300690246642,370.5542948137352
189,SLLISHLLALGLGVYIIL,4.18,-83.13569419803198,-77.98438261759006,-78.46384050794377,-78.4237658261791
190,SNIFSHVVGIAVGIAVGL,4.19,-37.2497823481898,-24.492567268626487,-23.142186662962832,-26.884610937888944
191,SILLTHLLILGIGIYIGL,4.18,170.65277368448656,300.61058579709237,263.02186670193936,274.2156289655752
192,LLLYLLASLLGILVTVL,13,-86.58648062341638,-82.8939752193311,-86.5695337363709,-87.09533473838003
193,TNIFSFVVGAAVGFAVLL,4.18,963.8213388747848,1335.8704091304778,1120.7541265500047,1251.19317256679
194,SLLASHALILGLGIYIGL,4.18,69.55195093446858,132.0420154632932,124.00878438420975,129.57414843614526
195,LLLWLLYATLFLTLTVL,13,-86.82829393888429,-81.67594176456817,-87.80766759876866,-89.21072035833795
196,TNLLSHLLGAGLGIYVCL,4.19,-88.59395716686429,-82.15560400283555,-86.8819855331251,-85.27091462409594
197,TNLLSHLLAIGLGIYVCL,4.19,-85.55851321593404,-82.4691758180491,-82.60764001849887,-81.32114968517956
198,TNIFSFVVAAAVGIAICL,4.19,-61.54701599123244,-56.34521327715909,-56.22814978384909,-57.21661669894171
199,TNFISLLLGTGVILWLSL,4.18,-93.81938036584562,-91.58803426331671,-92.57074432931897,-91.41455365249021
200,LLLGLLFLLIGLLAILT,13,-94.74145545938063,-94.34341098013104,-94.25361664785157,-95.3518279292823
201,SLLIAHILALGLGVYIGL,4.18,-52.73408156901704,-40.62933084285243,-42.8820803410034,-43.41787143023561
202,LLLYLLYATLFLTLTVL,13,-83.19650142268247,-82.19491848211233,-82.74503898518482,-89.55561846678177
203,SNLLSIILGAGVGVYIGL,4.18,2567.2339208441063,3951.903052230668,3447.1918143975595,3518.4687032576185
204,LLLGLLFALIALLASLT,13,-77.80105321826812,-81.27095889273002,-80.56240184336995,-82.48023734299284
205,LLLALLWTLLTGLLTVL,14,-87.58681590563522,-85.59078952602442,-88.58095379784668,-87.4101684746355
206,SLLLTHLLILGLGIYIGL,4.18,-89.7921088220009,-85.22684877864233,-86.47461040880458,-86.82888789207922
207,LLLALLYGLGTSLLILT,13,-87.07446368520205,-82.93693645808125,-87.32963302360763,-88.26797299595214
208,TNIFSFVVAIAVGIAVGL,4.19,-38.68636946825264,-31.02701579917484,-24.916287308954228,-29.29477161048009
209,LLLWLLVALGIILLATL,14,-68.07396585339217,-64.8699770243235,-71.98412042372246,-76.41562214753867
210,LLLALVALLLVTLLTYL,14,-89.19655644789482,-86.62406014167927,-90.8771481390534,-91.63899781266322
211,TILLSHIVILGIGIYVGL,4.18,272.7755431351333,432.0990243812398,352.4548604728831,346.5925735464823
212,TNIFSHVVGIAVGIAVGL,4.19,-6.881813758967763,7.8362796076070715,21.446575508741823,18.13116112817996
214,SHACSFVLGAAVMVFVIL,4.18,-93.3675837634464,-89.68395758644621,-91.97050315073037,-91.26495183971026
215,TNLLSHLLGAGLGIYICL,4.19,-88.60096015385719,-84.20852127666106,-83.45007087186603,-84.1882130501165
216,LLLWLVAGLLATLLFLT,14,-87.66035164598152,-85.05887364481491,-87.31731960561474,-89.17480761431314
217,LLLTLTVLLLSGLLFLT,14,-89.25692354354852,-85.28875860501292,-87.52831836116438,-89.98602885867338
218,TNLISLLLGTGVGLWLIL,4.18,-86.21010773013555,-71.17930507413661,-81.03183817575827,-80.62546368004745
219,TLIFSFVVAAAVGFAVCL,4.19,-60.852335160932846,-43.93157180617113,-57.8534798240702,-52.84484911798442
220,LLLALLFALLGTLLTTL,14,-89.12098155002268,-85.83059714115493,-89.13051384543257,-89.89698319232485
221,SNIFSFVVAIAVGIAICL,4.19,-76.36636395348093,-70.86887516155973,-73.9717824156639,-69.65909684368
222,LLLWLAGTLLFVLLAIL,14,-82.11869504578138,-77.00762199498355,-81.96377112642486,-85.74304128911903
224,LLLWLLVALGTILLWTL,14,-78.07680426064883,-72.94040772752582,-78.47466719524078,-82.30260770031576
225,LLLYLTASLLSALLILL,14,-54.9926111018941,-41.60316854418063,-50.62986585061974,-65.31998277130614
227,SNIFSFVVAIAVGIAVCL,4.19,-42.77383653405315,-41.086669797123434,-35.98634027843804,-33.93522773368446
228,LLLLLLTALLGLILYAL,13,-67.29830253999646,-78.61199053701434,-67.8531659390307,-76.013014064122
229,LLLALVASLLVTLLAYL,14,-81.63583662783373,-78.42453620545162,-83.98468935055683,-85.56269217745225
230,LLLWLLYGLGTSLLILT,13,-77.72647632041739,-70.6918221114432,-80.26026716459465,-81.74415919423026
231,LLLLALLFILGTLLSVL,13,-89.80762318732764,-82.12286104444689,-89.38820463586435,-91.67267485219077
232,LLLLLLTLLAGWLVYGL,14,-48.52173027872767,-27.742316694915896,-49.13760588145716,-57.251385398919055
233,LLLALLFALLGTLLWTL,14,-89.4002427097594,-84.69858245856696,-89.47051311178521,-87.95860406498956
234,TNIFSHVVGAAVGIAICL,4.19,-72.6043322474021,-73.13992488197346,-75.82317797920484,-68.26628767226278
236,LLLWLVAGLLFALLFLT,14,-89.88964489957276,-88.48072514850752,-91.00221181027437,-90.86331498104049
238,LLLWLLAGLFSLLAVLL,13,-86.22619482070274,-82.30347505021035,-87.83667978592207,-89.03151076445778
241,LLLALLGTLLGTLLWAL,13,-85.45655451642746,-78.65464314738948,-83.52010258255255,-82.88580165423377
244,SLFLSHLLIVGLGIYIGL,4.18,40.413010062227514,69.83201571037904,68.64109559482894,79.49544076857129
245,TNLLSHLLAAGLGIYICL,4.19,-94.4349640256014,-93.3466861091409,-92.67789214885431,-91.89843189041324
246,LLLALLGLLLGTLLTIL,13,-75.40151114021634,-62.00776375109629,-75.90595828210368,-75.934124305129
247,LLLALLGSLTFLLAVLT,14,-82.03780785254382,-77.01100161883865,-82.34047839989822,-86.73236217833245
248,LLLWLLFGALTALLVFL,13,-78.72883500979094,-76.63138276962135,-82.75713462822839,-84.3492646330206
249,SLFLSHVLALGLIIYIGL,4.18,-54.98348093235362,-28.34429422570297,-36.99655887455542,-42.72852773015979
252,SNLLSFLLAIGLGFYICL,4.19,-78.1955332874514,-77.56660435626172,-77.23225746320603,-75.53322116720446
253,SNIFSHVVGIAVGIAVCL,4.19,-92.51597291045948,-89.8536901943526,-91.83798668332341,-91.44170882906691
256,LLLALLGLLLGVLLWAL,13,-90.06648199431014,-85.65469611861981,-89.30211578917483,-91.99642989890103
257,LLLALLFALLGTLLSTL,14,-85.84258657585147,-83.71820582948087,-87.71806636899863,-85.82613365836508
259,LLLLLLVTALTVTLSLL,13,-88.64950385080918,-88.13846239910713,-88.94970740695194,-90.88471012953609
261,TNIFSHVVGAAVGIAVCL,4.19,-67.0823909862046,-72.9627819954583,-64.05737137587664,-58.46706262238693
262,SLLISHILILGLGVYIGL,4.18,-95.33981301958153,-93.70820816851678,-94.06629044444308,-94.0202124406276
263,LLLTLLTAILGTLLGVL,14,-56.7925743103529,-51.02356182094017,-61.44883282775343,-62.6774976263582
264,LLLWLLVALGTILLATL,14,20.981211890298248,63.143468604190076,-2.000241157011717,-3.734605663895594
265,LLLWLLLTALVSLLVTL,14,-88.61917341306159,-86.44624609652115,-89.74703847713327,-89.03598025040779
266,LLLTLLGTLLGVLLWAL,13,-91.58594489903386,-89.57858798788851,-90.83666581239422,-89.83998473842719
267,LLLWLLGLLASLLLVLT,13,-88.73074437079707,-84.7669404952096,-88.91744530433442,-92.36474052322153
268,TLIFSFVVAIAVGFAICL,4.19,-36.95347064306647,-30.186082177524288,-38.33813825882505,-37.44703739038979
269,LLLYLLAGLLAILLSVT,13,-79.32097517882086,-70.381525174258,-78.30622965531504,-83.71669449110158
270,LLLGLLFILIALLASLT,13,-88.80163379531855,-85.49089792721549,-90.21501420809255,-91.51407293479545
271,SLIFSFVVAIAVGIAVGL,4.19,-74.36749581132382,-71.05962601056773,-67.83079578042185,-71.19333970377517
272,TLLLSFLLAAGLGFYICL,4.19,-85.30043045338407,-81.18048297297213,-81.78509429308369,-82.39239352073888
274,LLLLLTAAGISLLLVLL,13,-85.46261425100103,-77.31541067152683,-82.78018103443792,-87.32573524939023
275,LLLWLLVALGTSLLATL,14,-24.742510168542626,6.414172438189788,-26.214761661827303,-32.81712310432456
276,LLLALLLTLLTGLLTVL,14,-88.65391011351771,-84.25625606568975,-88.75422904400622,-91.23407230290749
277,SNLLLFILGAGVGVYIGL,4.18,-88.2581319851793,-84.20776199720478,-86.26912578332832,-86.33203519223191
279,LLLLFLLSTLTALLFYL,13,-91.0583396007946,-90.298196834745,-90.83000791991627,-92.04300273368636
281,LLLALLGTLTFLLSVLT,14,-91.8527937511118,-90.10653200056615,-92.41505076626919,-92.46002432613287
284,LLLLALLGTLSTLIALL,14,-87.09640172426286,-81.94797749685604,-84.24936561873061,-86.51229924535478
285,LLLFLGVTLLTILLSLL,13,-57.014815746517144,-54.81879476262562,-56.92774327529817,-61.54749528731234
286,TNLLSFLLAIGLGIYICL,4.19,-69.26911759013524,-65.8639460798186,-64.7321651440198,-61.33403464582942
287,SNLLSFILGAGVGVYIIL,4.18,-90.27073456345234,-86.59306878041676,-87.49328791688066,-87.56366983266959
288,SLLLSHVIALGLGVYIIL,4.18,-76.44120158724357,-71.23254158624064,-69.37567448759249,-70.9776941627603
289,LLLGLLFTLIALLLALT,13,-86.09636441468471,-88.87473083086341,-87.95593628494683,-89.42086514304204
290,LLLFLLAVLTGTLFTLL,13,-86.10677854333957,-84.1180908984692,-87.1202528079323,-89.26661151860637
291,TNLLSFLLAIGLGFYVCL,4.19,-72.10348955267959,-61.12222793492085,-67.58149150530876,-72.30478800594187
292,LLLGLLFLLVGLLLALW,14,-75.44627254980541,-62.68164479040009,-71.9719721614281,-80.03793865157735
295,SNIFSFVVAAAVGIAVGL,4.19,-15.275528905388672,40.68178317354462,-5.480851665959306,21.667821877681174
297,TNIFSLVVGAAVGFAVCL,4.18,-95.99737617731327,-94.23825381971672,-94.91609082496831,-94.62231434884524
298,LLLWLLSALGTILLATL,14,-61.5775940670804,-50.071825328417454,-66.50149881643577,-62.25218780861728
300,SNLLSHLLGAGLGIYVCL,4.19,-6.7643937424172975,7.6837132963227095,-3.325581591553152,6.214684804656959
301,LLLALVTGLLASLLATL,13,-84.15946538761122,-65.14388672225108,-83.02950658595606,-83.7012191952995
303,LLLALLYGLGSSLLILT,13,-75.07657989958719,-64.01476489796967,-73.13136248130263,-77.83328562277354
304,SLLLSHVIILGLGVYIGL,4.18,-85.77538461690986,-83.2538725039773,-83.79118519520433,-84.48355285130084
306,SNLLSFLLAAGLGIYICL,4.19,-56.06744716214722,-43.74791285129274,-45.53853339688904,-45.18694474549044
307,SNIFSFVVAIAVGFAICL,4.19,-80.84663324194622,-78.41086452732954,-78.83116269955241,-76.33744775312267
308,LLLFLTVSLLSALLILL,14,-89.15588567021774,-86.24272471852804,-88.73976833440094,-90.89686347169783
309,LLLLLLFALIGALVFLL,14,-67.81793247607789,-70.58705767876256,-68.43117823973782,-78.51936587063975
310,LLLALLGTLSGFLVALL,13,-46.16671015347514,-22.11025692594426,-47.609623062753094,-49.18845364084141
311,SILLSHLLALGLIVYIGL,4.18,-32.54144257127534,-11.46886586656704,-20.34337837395102,-16.81305082364152
314,LLLALLWFLLAVLLGLL,14,-83.88855242651398,-80.57178493676737,-85.08651850281265,-85.60061309361069
315,LLLGLLFFLIGLLAILT,13,-78.50280087242768,-73.89017272269683,-82.35564615422369,-85.08023364940685
316,TNLLSFLLAIGLGFYICL,4.19,-87.81433461773986,-80.52275106564528,-85.2076188253443,-83.02890300867296
317,SLLISHLLALGLIVYIGL,4.18,-24.21922965649993,-4.2775978257967955,3.6067364033971074,0.9049279246801323
318,TNIFSFVVAAAVGIAVCL,4.19,-27.296439870150675,-7.311058455888647,-9.7486282758612,-18.428152791243456
321,LLLLLLASLLGALLTVL,13,-88.23553385833101,-85.22593008908676,-89.08139090043825,-89.40942624281656
322,LLLGLLFVLIALLFSLT,13,-87.88769866216676,-87.30098669012769,-87.97055707566666,-90.19518689924112
324,LLLYLLGLLLGTLLTIL,13,-64.44046284071727,-59.06748935763461,-66.07759449278672,-72.86694570020754
325,TLIFSFVVAIAVGIAICL,4.19,-37.40163544288757,-17.693668348651617,-26.578077401117273,-37.29148568510934
326,SNLLSFILGAGAGVYIGL,4.18,-48.351366004433046,-20.044388670739284,-41.904639533538116,-51.25945373716948
327,TNIFSHVVAAAVGIAVGL,4.19,244.18684146294706,271.97152037254534,363.4609870237774,267.2426817532556
328,SILLSHLLILGLGVYIGL,4.18,-71.71641202156358,-60.591808478696585,-61.92147458257987,-63.72171400409605
331,LLLGLLFLLVGLLFALW,14,-77.77556356969033,-60.273223206443575,-72.75610111118361,-81.18191896177007
333,SNIFSHVVGIAVGIAICL,4.19,-90.95173859391164,-91.23351200340754,-88.47323660861505,-87.29164533921666
336,SNIFSFVVAAAVGIAICL,4.19,-68.23772430589817,-58.28168630925315,-61.918469172290216,-61.45626552693187
343,TILLSHLVAFGIGVYVIL,4.18,-94.48145437303587,-91.87495259584917,-93.13954010237546,-92.82867536825914
344,TNIFSHVVAIAVGIAICL,4.19,-94.86363836053447,-94.48765249040238,-94.11351243844723,-94.00085017837695
346,TLIFSFVVAIAVGIAVGL,4.19,-43.48616052880204,5.795636435357836,-31.736451114574688,-18.463262842349458
347,SNLLSFLLAIGLGFYVCL,4.19,-26.11123932782548,-18.196025051813283,-7.532168722586907,-25.665364409780995
351,LLLALLGSLTFLLSVLT,14,-79.4298313792089,-81.73876987865543,-81.53912920482244,-83.94190769543385
355,LLLLALLAILFTLLAVL,13,-93.25468759111838,-91.08527547443033,-92.41288794156061,-93.1416037387418
357,LLLLSLLAVLTTLLFLL,13,-93.59212645979083,-91.43980873069863,-94.28611408115175,-95.36418842070358
359,LLLFLGVVLLTILLWLL,13,-81.44684382237969,-63.61924014802959,-78.66806690981149,-77.61504099313231
363,LLLFLLLTLLGALLTVL,13,-89.3294780335173,-84.42036252495218,-87.67528121811051,-89.79681440886739
368,LLLLSLLTTLTALLFYL,13,-86.80477882035534,-76.84413597066846,-86.42961078498227,-86.40216265517681
372,LLLGLLFVLISLLASLT,13,-84.25312186316647,-76.94707660011188,-85.0162011622772,-87.13919657137996
375,SNIFSHVVAAAVGIAICL,4.19,-90.99067889317534,-87.8483107789096,-88.05643115338735,-88.26739118761475
380,SLLISHILLLGLGVYIGL,4.18,-57.654942158118935,-48.33387763183577,-45.76229373140444,-46.44883548320195
386,LLLGLLTLLVGLLTALW,14,-77.49164932502705,-73.34768738396721,-73.76295912031601,-80.65285942851924
388,LLLLLLGTVIGLLVWLL,14,-86.79922237746386,-82.3186335949979,-83.82873739503991,-87.2996209228749
390,GLICSHIVILLIGIYIGL,4.18,-78.9845658232471,-71.74885062516289,-74.7550076106065,-72.69886149111655
392,LLLGLLFTLISLLLALT,13,-75.13563633053677,-67.77201308329914,-74.77983118579222,-79.47775872613222
394,LLLGLLLFLFGLLSTLT,13,-84.59902452241761,-80.45338025701038,-83.73765517774656,-86.23011119344206
396,SLLISHLLAMGLGIYIIL,4.18,-94.48841122387674,-92.70801286611152,-92.67874892939854,-92.74622296339898
397,LLLALLTFLLAVLLGLL,14,-90.23506836980204,-84.8005898414798,-91.82928668345774,-93.39113063677424
401,TNLLSFLLAAGLGIYVCL,4.19,-35.17892584041839,-5.0335229356713045,19.491963282820905,-42.91624069908577
405,TLIFSFVVAIAVGFAVCL,4.19,-17.816660264510592,-11.50648934197909,-8.283221300611944,-25.105173842986524
406,LLLALLVGLLFALLWLL,14,-89.66018937150317,-86.88827672275058,-90.62998417093716,-92.56422051312711
407,LLLALLGLLSGFLVSLL,13,-75.95225811581815,-69.95823733370347,-77.00517755326818,-78.68534127283846
410,TNLLSFLLAIGLGIYVGL,4.19,-47.852249669065,-38.856010197010846,-46.65594475481986,-45.900794330516305
411,SNLLSFLLAAGLGIYVCL,4.19,-9.502878968020385,-5.048269296423498,-14.70691587889521,-11.96680486146449
415,LLLLLLGTLLFALLYTL,13,-87.71201298833354,-89.09685492508704,-88.56247707742732,-90.18464128666884
416,TNIFSFVVAIAVGFAICL,4.19,918.1684861316377,992.4273707369932,1022.3729825823423,1137.4009343523282
418,TLLLSFLLAIGLGIYICL,4.19,-77.99611285413015,-64.99063357605164,-67.07730506771942,-68.99963965590473
420,LLLLLLGTAIAVLVTLL,14,-86.39481614306914,-80.95803753990857,-83.67885747606876,-87.91364222969858
422,LLLGLLLFLFGLLSILT,13,-85.07486486928755,-82.39521321773496,-82.94253595459229,-89.15624399275512
424,LLLSLLLSLLTVGLFLT,14,-77.18668861562706,-66.40991881427249,-77.02084814739617,-83.7873047793395
426,SNLLSFLLAIGLGIYVGL,4.19,-15.20670930160019,25.10573750346939,2.0726398038083746,-6.000097208111358
431,TNVLSLLLIAGIGAWLQL,4.18,-86.95060202433531,-79.79520040295345,-84.10814385575837,-80.06752099205737
432,SNLLSHLLAAGLGIYICL,4.19,-91.9533744183578,-91.36512570107233,-90.58699511439703,-90.9129472380574
434,LLLWLAGTLLFILLTIL,14,-42.80153086971216,-49.25385591380716,-45.37716254598575,-45.28619918670485
435,TNLLSFLLAAGLGIYICL,4.19,-78.76730854525248,-77.20261270134445,-72.12146176178096,-72.12495630225315
436,LLLLLSTFLLGLLVFVL,14,-78.96530587896048,-75.46574179190468,-72.85310695328145,-75.89192751644828
438,LLLYLLFGLLAILLTVT,13,-83.85630968322735,-78.91494471606109,-85.3188789986267,-86.85630291895747
440,LLLLLFTILLGVLITVL,14,-75.44659445462025,-72.27112762318426,-76.65858358510259,-82.84768773836933
442,LLLALLGALSGFLVALL,13,-67.44527404326564,-53.173432106081044,-66.86547184266185,-72.65660155901126
443,LLLGLLLGALTGLLWWL,14,-83.306941547492,-75.6137764653073,-83.1243205606545,-82.93320050204002
444,LLLWLLAGLFTLLAVLL,13,-80.09728382288029,-71.84791164109598,-79.68727006010526,-79.8628563222632
446,LLLALVASLLVTLLTYL,14,-81.46649486487904,-75.94536024910205,-85.909233695022,-85.76266882305733
450,LLLALLGTLLGTLLTFL,14,-85.32087100612885,-79.88513530807164,-83.59346205980326,-87.97689116559417
451,LLLALYFIILGIGLLLL,13,-65.61223697717121,-67.85495880191861,-63.36164417539523,-75.90687150428877
452,SNLLSLILGAGVGVYIGL,4.18,126.64094532009776,210.06587782571634,170.95670629152963,201.81810238120516
454,TLIFSFVVAAAVGFAICL,4.19,-38.26544308536811,-12.539707177885814,-33.697097419758016,-21.500967355363848
455,SNIFSFVVAAAVGIAVCL,4.19,-51.36054051014584,-38.42517284394086,-43.97707735755235,-38.31990270097102
457,LLLSLAGTLLFVLLTIL,14,-90.2693404675088,-90.2853109563649,-88.98904080881046,-90.18438026645143
458,LLLLLLIGLSTVLLWLL,14,-79.92933945172838,-72.71435583395441,-76.47880114422293,-81.90578779229067
462,LLLILLYGALTALLVFL,13,-84.62390329184908,-78.81208366387501,-87.19845294918996,-88.76582671113906
463,TNLLSHLLAIGLGIYICL,4.19,-93.08244856700573,-90.23142512488855,-91.21142337823015,-90.60288926131874
464,TNIFSIVVGAAVGFAVCL,4.18,-89.22702746154437,-85.28441897785801,-87.05693068998616,-84.63275964275839
467,SLIFSFVVAAAVGFAICL,4.19,-42.38463622482037,-43.108910756510674,-33.510873329142996,-38.39745886083888
472,LLLLLISALLGALLFFL,14,-78.54573947934759,-71.29824835499741,-80.0362558608452,-82.35862019855176
474,LLLLLISALLGALLSFL,14,123.29661616603677,270.1789349811192,84.72353897852358,51.25236550884663
475,TNIFAFVVGAAVGFAVCL,4.18,-93.19696974127602,-90.20409841339419,-91.74089552750611,-90.62987128819384
477,SLVLSHILILGLGVYIGL,4.18,-95.50441022737151,-94.54550141918357,-94.58203729484464,-94.44656787807583
479,TLLLSFLLAAGLGIYVCL,4.19,-76.19044627509875,-72.25455262356449,-75.78913097644406,-74.04483319768738
481,LLLALLSTLLTGLLTVL,14,-90.02697224359234,-85.73972189680968,-89.21195287143236,-91.33310640832539
482,SNLLSFLLAAGLGIYIGL,4.19,-15.073153470553324,0.4570028263177191,inf,11.739420124646161
484,TNIFSFVVAAAVGIAVGL,4.19,-7.926103884531267,2.2178535729834947,-4.567948102935518,7.3837426922315
487,SLIFSFVVAIAVGIAICL,4.19,-45.40236560607622,-28.50196761007246,-44.94099518637555,-36.593591922466956
488,SLLLSHILILGLGVYIGL,4.18,-89.05236891176793,-84.94283282975307,-85.49085863848556,-85.83417188498143
489,LLLALVASLLVSLLTYL,14,-85.63551537181355,-87.11640966355631,-86.83179780362718,-85.95241452767523
490,LLLALLGTLTILLAVLT,14,-82.95040737958278,-79.3683467860226,-83.51707178044234,-84.699015695825
492,LLLAILLFLLFGTLSTL,13,-76.86444116446455,-77.52725452911297,-81.25264518023337,-86.2056898229064
493,LLLAFLTFLLATLIFLL,13,-92.31908317863903,-89.4547655643561,-92.20376598775127,-94.06204546699499
494,SNLLSFLLAIGLGIYICL,4.19,-49.90166120910438,-35.754792682788725,-30.203947113661645,-26.644976789504387
495,LLLALLATLLGTLLTIL,14,-73.23918817211396,-61.305911474852216,-76.72810709645057,-78.75308033649748
497,LLLILLFGALSALLVFL,13,-71.82273715977784,-66.40617431542971,-74.55428911191851,-75.70697239632923
500,LLLGLLWYLIGLLAILT,13,-90.15088784541219,-89.72431836276672,-90.26786736871432,-89.51267348417775
501,LLLTLLVGLLLVLLALL,14,-81.53112101930412,-80.3736395696541,-84.17836935689196,-87.73736782990636
502,LLLGLLTSLLAVLLYLL,14,-71.00510465495546,-73.00156261291464,-76.17359310657731,-76.50927820729618
504,SLIFSFVVAAAVGIAVGL,4.19,-38.24034044594234,-46.468177201553715,-19.6886596249619,-15.904057892410195
505,SSTIAFISGAAMMFLIIL,4.18,-17.4667152871981,5.52732132326062,-10.685426676705852,-3.6203881202711328
507,SNLLSHLLAIGLGIYVGL,4.19,-87.54099524473065,-85.1938874237696,-84.50125124947128,-84.87209464080912
508,LLLALVLGLLASLLATL,13,-77.24884499709465,-63.538614466095666,-77.10797523035804,-75.85251470913758
509,LLLGLLLGALTGLLWYL,14,-82.84422280054059,-76.77277498410632,-80.42049045607763,-83.46049204862642
513,LLLVLLTTLLGILTGLL,14,39862.97991378752,55253.04664448887,31374.278631084788,28822.306392044226
514,LLLALLFLLLGTLLSTL,14,-83.27314068335424,-77.4163474265065,-82.58653738003169,-86.23230659441714
517,TNIFSFVVLAAVGFAVCL,4.18,-50.39706705614192,-27.626178190604158,-40.549354686704575,-41.773316684022106
521,TLLLSFLLAIGLGIYVGL,4.19,-76.3183234375072,-66.9931470950396,-66.44340710481534,-70.71844258869888
530,LLLALLTTLLTFLLGLL,14,-84.26524820624998,-72.96960417425446,-82.74024477343971,-85.98387972677358
531,SLIFSFVVAIAVGFAICL,4.19,-53.68354965276132,-60.51568148902668,-53.22393228034724,-36.83469654044504
532,LLLLLLFALIGALATLL,14,-78.76727165607896,-82.3952701915532,-83.3284113969896,-86.04373659424083
534,SNLLSFILGAGLGVYIGL,4.18,-27.53705698558029,-11.467365139110548,-7.940565623890655,-0.2305399309547325
536,SLFLSHLLAVGLGIYIIL,4.18,-84.63246324738623,-79.81434222870382,-78.283302079348,-82.5698901804244
545,LLLALLIVLLITLLWLT,14,-87.54592992391508,-83.63356769536759,-86.8849679771225,-90.70316097677954
546,LLLYLLYFATVFLLGIL,13,714.1091344990103,1847.6128257484781,819.9357040264011,512.0533560543337
547,SNLLSHLLAIGLGIYVCL,4.19,-73.28532366249196,-70.79868958347517,-68.72053044339636,-65.44550313704836
553,LLLALTVLLLSGLLFLT,14,-78.97691034714579,-74.43664917671653,-77.53972542491105,-83.1703837449296
554,LLLALLALLLGTLLTIL,14,-50.609435280097806,-27.727439501484813,-55.825960134108065,-65.46608112081753
559,LLLALLGLLTFLLAVLT,14,-88.81250408631972,-88.30499970397075,-89.1935517709369,-92.10126595696548
561,SLLASHLLILGLGIYIGL,4.18,-51.515629424773444,-37.530048339047305,-34.51888120290943,-41.59667763507429
565,LLLFLGVALLTILLSLL,13,-85.76935982251973,-76.24112627782333,-82.9897284782916,-81.784976350043
567,LLLGLLLGALTGLLWLL,14,-71.11627924544194,-59.18335683746713,-70.10420317477954,-76.05195838619328
568,LLLALLGSLLGTLLTIL,13,-88.72851494552324,-84.79003913307949,-88.20365547342885,-86.90865894615587
569,LLLGLLFLLVGLLTALW,14,-72.98009787800396,-61.68297331866353,-68.32130666251038,-78.55270466444732
576,LLLYVLVGVLSGLLATL,14,-73.82910026013461,-59.568549715674166,-72.51772251343954,-73.64143638224158
577,LLLILLYATLFLTLLVL,13,-71.9973541377662,-71.78845214922457,-63.29040402726643,-78.2770348802937
579,TLLLSFLLAAGLGFYVCL,4.19,-80.74078740685465,-77.87145544028222,-77.0068820928925,-76.45039708598048
584,LLLVLLTLLLGILTGLL,14,9742.84147865831,12671.848114370874,11267.626800833068,8869.280171908205
586,LLLLLLTFLLGTLITVL,13,-65.11639066018076,-38.218515416458146,-66.19138500087361,-75.54390001609082
587,LLLYLLTAILGTLLGVL,14,-88.55840533964262,-89.0981079157755,-89.74112287565767,-90.11260856271086
589,SLIFSFVVAIAVGFAVCL,4.19,-39.58326564766738,-26.25851582926309,-36.89754160416805,-33.95681822650069
593,LLLWLLVALGTILLTTL,14,-69.40151441688378,-64.51876230234807,-70.03999263760082,-77.40840898798605
596,SLLLSFLLAIGLGIYICL,4.19,-88.09469507502597,-82.39207437667793,-85.39252118447695,-86.90841090700798
597,LLLALLGTLTILLSVLT,14,-79.28063813919279,-74.60114293370681,-80.42211476224995,-81.38833634770081
599,SLLLSFLLAAGLGFYICL,4.19,-62.804024040531594,-70.5530928209177,-61.93355794751283,-67.51423328073354
601,LLLLLLGTAILVLVTLL,14,-22.354281154233234,-5.752035009289476,-29.296240193912016,-38.43492407237502
602,SLLLSHLLTLGLGIYIGL,4.18,-91.09465354566919,-87.6042496918737,-88.3372071598605,-87.87502226475212
607,TNIFSHVVGAAVGIAVGL,4.19,442.5457533806958,619.3785829012397,703.1329894358502,477.84368255913296
608,LLLGLLSTLIGLLLALT,13,-82.85875646180654,-78.23159762716152,-79.97072182771367,-82.78408837026907
610,TLLLSFLLAIGLGFYICL,4.19,-85.98419773473643,-83.958928806042,-79.66107719986769,-78.66127673401245
611,LLLLLLSTLVGALVSLL,13,2485.3886645214275,3566.6288082918018,2043.9915214499117,1789.0058909812396
615,SNIFSHVVAIAVGIAVGL,4.19,-75.76232761356269,-68.49157056259484,-68.01381564887183,-70.666223743757
623,LIIFGMAIVIGT,0,-58.17414592726864,-29.990494859473642,-42.50296979880179,-34.327354665664124
624,LLLALLIVLLTTLLWLT,14,-88.02315675554688,-82.80963766568355,-86.70769813614889,-89.8752282808781
626,LLLALLGILLGVLLWAL,13,-75.51789754596449,-59.45085132891504,-71.97240536101471,-69.27715938789031
628,TNVLSLLLGAGIGLWLSL,4.18,-96.51123955098933,-94.22422134714049,-94.8265958090267,-94.10626120633012
634,SLIFSFVVAAAVGFAVCL,4.19,-16.634892912173335,-22.862877695891832,2.0330900251346753,-37.432228956084316
638,LLLGLLLTLIGLLLALT,13,-87.45442705115792,-86.02557060673887,-88.32159616851499,-90.6662089700054
639,SILASHLLTLGLGIYIGL,4.18,-90.05288999384626,-86.48100235738914,-87.5287040531412,-86.76837940396885
643,LLLLLLWVLVGFLLTTL,13,-84.29833859385928,-85.96221078139877,-86.78003190012946,-85.73966894927267
648,LLLVLLTLLLGILTFLL,14,-75.97262245500937,-70.12266894641009,-72.93054969502518,-83.51566626721689
649,SIILTNIMAFGIGVYIGL,4.18,1550.2319151464374,2026.058888221707,1878.8719557304244,2019.3488898920489
659,SILLSHILAFGIGVYIGL,4.18,-95.0805188474385,-93.03069583515978,-93.29412178729167,-93.4540986430352
660,LLLFLTFAGISLLLVLL,13,-70.78195947975868,-65.18453044108303,-71.11428505754634,-80.39208154907558
661,LLLYVLVGVLLALLATL,14,-80.71528100704185,-73.72135491768984,-81.22680068205487,-82.6862539550556
664,TNIFSFVVGAAVGAAVCL,4.18,-66.61726320889706,-54.54325010723057,-57.43137172463345,-56.54194059142149
671,LLLALLFGLLTTLLTVL,14,-85.27439096331578,-79.45529753178133,-87.61568652393235,-89.13068989339601
675,SNIFSFVVAIAVGIAVGL,4.19,-64.29658967768191,-65.62538186326798,-55.783295420596126,-61.484144559296475
676,LLLALLTTLLAVLLGLL,14,-88.21531397241496,-80.56323978692531,-88.52226770493496,-89.40360296670461
677,LLLALLGLLSGFLVALL,13,3.1357121180836534,31.831947692233477,-4.310471146884582,-28.45234810061043
679,TLIFSFVVAIAVGIAIGL,4.19,-44.33618983401413,-27.931955851487345,-40.07857795417296,-19.4532610323893
686,LLLGLLLFLFGLLTILT,13,-72.88030795947171,-76.53908337663759,-67.52004782102983,-75.76785125489663
687,SNIFSHVVAAAVGIAVGL,4.19,300.1563882982234,459.41263119759856,537.3493398368951,438.23186917935806
689,LLLGLLTALLSYLLSTL,14,-88.9222281249397,-85.08683165287329,-87.36512842211937,-85.56740594100344
691,SLIFSFVVAIAVGIAVCL,4.19,-22.22920962890589,-4.160878297897912,-5.268609113923798,-30.502252564630133
694,LLLLLAAGFLTTILVLL,14,-75.97296570247846,-81.36588311351842,-72.9670845948972,-81.6214049908911
697,SNLLSFLLAAGLGFYVCL,4.19,-72.82295067313613,-76.52157175217953,-76.90305514827858,-74.899338899788
708,LLLYVLVGVLLGLLATL,14,-84.55770171466092,-79.33423039768417,-84.93972897925613,-86.02453984434753
710,LLLTLYFTILGIGLLLL,13,-27.394104813554893,-28.351245863240713,-38.32602194936926,-49.67333483837573
711,LLLALYFTILGIGLTLL,13,-53.41536266624178,-51.07293394666805,-59.04366246984413,-62.60055625620522
713,SLLLSFLLAAGLGIYVCL,4.19,-59.595232689456424,-57.06983820106919,-44.81495196768151,-58.795105309466656
714,SNLLSFLLAAGLGIYVGL,4.19,24.307087506560254,87.48619955758346,26.57548189099926,30.145350804124206
716,LLLLLTVVLTSFLLTAL,13,-86.09157324332625,-86.0543803768853,-86.60825268998465,-89.60167907125279
725,TLLLSFLLAAGLGFYIGL,4.19,-77.23271063180916,-66.6310016201219,-59.91216301411223,-68.32045815210829
728,LLLALLTGLLFALLTLL,14,-85.87613577311656,-79.83305705796384,-85.49575187138215,-89.11429710074404
730,LLLLLALGFLTYILVLL,14,-75.64672933954894,-74.4469388983043,-79.49151003119745,-85.22793485932337
743,LLLGLVLGLLFTLLSIL,13,-92.39259881916958,-88.39467314243963,-92.9130660620908,-93.64063021311404
745,LLLALLSALLGTLLSTL,14,-85.02657663372443,-80.52076722308243,-87.28408972122915,-85.50285245023478
748,TNLLSFLLAAGLGFYVGL,4.19,-91.2189666769553,-91.29138859386721,-90.53505623962737,-89.39481632517156
749,LLLYLLLALLITTLVLT,14,-82.68131830425675,-78.04354662418149,-83.92342135820104,-88.7084753086795
754,SLLLSHILILGIGVYIGL,4.18,-91.24950504057321,-87.57946378971481,-88.78367097602117,-88.4262770553942
757,TNIFSFVVAIAVGIAVCL,4.19,-21.322637251657813,-8.55999831676013,9.853619064354715,-30.4262838076795
758,SNIFSFVVAIAVGFAVGL,4.19,-82.15326665289373,-75.908614234918,-76.64086965196287,-76.76571825493728
761,LLLGLLIVLIALLASLT,13,-86.90371583784844,-80.92557195761154,-87.02689344083893,-88.21702254861003
762,TNLLSFLLAAGLGFYVCL,4.19,-83.97309460011155,-82.72508638940302,-81.73898047949467,-78.69333713149113
764,LLLLLLVFALIVTLSLL,13,-75.30249020119825,-43.51085556554603,-73.76334385654167,-80.35740106533648
766,SLFLSHLLAVGLIIYIGL,4.18,-48.07395584609174,-25.435193980793485,-33.04342690600225,-54.90357148392121
767,LLLGLLSSLLGVLLYLL,14,-85.20854662623898,-74.22402150897202,-79.7770562792017,-83.07522002146102
769,LLLALLGTLLGTLLTIL,13,-79.17514520634059,-73.6481504649112,-79.41192806392144,-84.13440315139677
773,TLLLSFLLAIGLGIYVCL,4.19,-71.79671737492723,-65.93106068278904,-60.25980235927268,-71.22783195079508
777,SILISHILALGLGVYIGL,4.18,-47.06278969009588,-23.29996530206955,-29.239674460895525,-30.66770040028684
778,SLLISHLLILGLGVYIGL,4.18,-94.85131683124942,-93.00004351984718,-92.90169462193852,-92.77491695671837
779,TLLLSFLLAAGLGIYICL,4.19,-73.49978347494014,-54.91807699434451,-69.1066377416082,-67.84410187124247
780,TNLLSHLLGAGLGIYVGL,4.19,-52.794581057413566,-38.07667530179113,-38.37932747037856,-2.72336869474155
782,LLLALLLWLLTGLLTVL,14,-88.55322646438488,-85.34442476571243,-87.38637015163133,-88.90893490211225
785,LLLTVLVGVLLGLLATL,14,-82.71251573577327,-82.31170408839417,-83.35436637065125,-81.29013513417136
787,LLLFLVGTLLAYLLSLT,14,-83.54953935211121,-79.90820966571292,-86.08043672352231,-85.41269532364362
796,LLLVLLAVLLTTLLSVL,13,-81.61167343507381,-80.19477582287212,-82.96168421629923,-82.91943651262396
798,TNLLSFLLAIGLGIYIGL,4.19,-50.35398158996433,-40.34876552444802,-41.107889728156266,-17.93712644701566
802,SNIFSFVVAIAVGFAVCL,4.19,-69.23841899492388,-60.888737628464206,-65.31764070547335,-59.55177091156194
804,SNLLSFLLAIGLGFYIGL,4.19,-71.04864176777791,-70.05879650822027,-60.08309044116277,-65.9524994097496
808,SLLISHILALGLGVYIGL,4.18,-91.21874844054342,-88.25512715657727,-90.09821862832551,-88.6610655115302
813,LLLALLIGLGTSLLILT,13,-54.879400310218486,-62.04498515911319,-68.46860206598518,-61.59290061340123
815,LLLGLLTTLLGVLLYLL,14,-59.113470066292386,-43.6416368739452,-64.3736241741641,-54.87286302903714
818,SILLSHLLALGLGVYIGL,4.18,-93.3334074645465,-90.7066737312238,-91.07218461844033,-90.90194468746623
819,SNILSFILGAGVGVYIGL,4.18,3573.5703786493864,5001.422919627842,4570.906932297831,4369.312290330311
820,SLLLSFLLAAGLGIYICL,4.19,-61.340720927597694,-58.43925135360081,-55.20959654126797,-43.896506889355
827,LLLGLLFTLIGLLTALT,13,-70.1294104305437,-61.007829207251376,-68.6644308164484,-75.66165404394756
829,TNLLSFLLAIGLGFYIGL,4.19,-80.65700590038986,-78.4091405795547,-76.6008000466916,-72.58179083796044
830,LLLALTVLLLSGLLALT,14,-84.64439802005835,-67.98395497355591,-82.67971977506457,-83.45469147324128
831,LLLALLGILWGFLIYLL,13,-91.27863288221678,-88.09356259040568,-91.58489604644686,-92.61500891798487
834,LLLTLLFTLIGLLLALT,13,-78.81989941963997,-66.5676714656678,-81.16066924585735,-83.10040333071052
836,SNLLSFILGAGVGVYIGL,4.18,332.04773351085595,485.39210957758536,375.1182095656197,427.79798636824535
837,LLLGLLFVLIALLASLT,13,-44.63751321431234,-13.101683091376689,-56.455319477156976,-65.56676215138431
840,SNLLSFIFGAGVGVYIGL,4.18,5.639791006731362,34.85625658781253,37.97356622422255,37.48981403280627
846,TNLLSFLLGAGLGIYVGL,4.19,-87.12588968085275,-84.61556198608463,-83.49429275668531,-83.04884335386271
852,SNLLAFILGAGVGVYIGL,4.18,4334.929848966877,6215.154538854646,5232.833256792573,5188.427558895112
856,SLIVSHILAVGLGIYIGL,4.18,-94.76058263978162,-93.55784517534454,-93.24069363960344,-93.21027617287197
857,LLLILLAALLTLALTLL,14,-90.37762698704184,-84.05902396628598,-89.24195969891566,-91.12643153844746
859,LLLWVLVGVLLGLLATL,14,-81.81902962768153,-79.26090281392986,-87.439238613573,-88.33093207602431
864,SNLLSFILGAGVGVYFGL,4.18,2752.9217325237005,3645.2222273282773,3382.0286367302883,3699.872344347798
868,TNLLSHLLAIGLGIYVGL,4.19,-88.47342685764323,-86.65517934782551,-85.36633094991895,-86.13056308462984
871,SNLLSHLLGAGLGIYIGL,4.19,-25.475432548550902,-21.723385098691576,-8.09748619824779,-6.070909268772845
872,SNLLSHLLGAGLGIYVGL,4.19,-27.152719497204973,-21.54714543708586,-5.5289546211509855,-5.465370249607467
873,LLLGLLFYLIGLLLALT,13,-28.000673712423474,-14.407365524110544,-35.009758634308604,-35.356445583166845
879,SLLLSFLLAIGLGIYIGL,4.19,-69.19922866112633,-66.06497671750961,-57.412197822353974,-56.74108674144964
882,TNIFSFVVGAAVAFAVCL,4.18,-95.18064441979472,-93.44350677333797,-93.89325847096931,-93.76188990831264
889,TLIFSFVVAIAVGIAVCL,4.19,-18.288868482824782,-12.43600776033334,-22.408077419966002,-17.804215009934467
891,LLLVLLSLLLGILTGLL,14,138412.68294472765,172575.68602981756,148335.7290160508,103026.7032612531
894,SNLLSFLLAAGLGFYIGL,4.19,-45.561008700926436,-30.61024521817216,-19.15249449008549,-40.38193179025068
900,LLLLLTVVLTSFLLSAL,13,-87.1631035349287,-82.74134741588746,-86.60776721183738,-89.13352266815576
903,SLFLSHVLALGLGIYIGL,4.18,-95.93041354937995,-93.99448886605803,-94.89269063858113,-94.6206597334008
920,LLLALLITLTFLLAVLT,14,-92.33560839760155,-91.85148976019018,-91.52722908394111,-93.01457370749723
924,SNLLSFILGAIVGVYIGL,4.18,-89.44449860585824,-83.6390089929539,-84.89267086425095,-85.1848173919136
925,SNLLSHLLAIGLGIYICL,4.19,-84.59340283407874,-81.33190702457297,-83.24850942221174,-81.11122105443658
933,TNIFSFVVAIAVGFAIGL,4.19,-78.39852512177029,-74.87353649000667,-68.1230467398858,-73.41424577429245
935,LLLALYTTILGIGLLLL,13,-72.88788270528947,-75.93266369478428,-79.13089958981601,-82.99431345791109
941,LLLLLAGILAGILVTLL,13,-92.82409323130977,-91.62937277653509,-91.64393813665248,-93.80912765837289
942,SNLLSFILGAGVAVYIGL,4.18,-94.40172895303591,-92.08943540119627,-92.74954739239351,-92.49652651490374
958,LLLLLLATLVGALVSLL,13,137.364763836521,255.3923703836612,138.05637947176598,82.10833493040639
964,LLLASLLIFLVGLLTTL,14,-80.18345143815966,-80.00910017573021,-83.10447629318048,-87.83909862161232
966,TNIFSFVVAAAVGFAICL,4.19,-76.70138781035142,-77.59455520223541,-75.43557653639172,-74.51949961862158
967,LLLLALLLILGTLLSVL,13,-69.2727055219132,-74.4503646811413,-78.86173098108404,-80.5011474483119
970,TLLLSFLLAIGLGIYIGL,4.19,-69.70178636914221,-40.05314261088513,-51.53448982571018,-34.61025730218175
972,TNIFSFVVAIAVGFAVGL,4.19,-78.82950074384533,-64.11243321703145,-69.15080783697367,-69.11865408523437
979,TLIFSFVVAAAVGIAICL,4.19,-6.069491521360786,5.953304000499415,-5.727234165180393,-35.07624964113184
983,LLLLLFTILLGALITVL,14,97.46467865423095,86.5410838289078,144.39914969947887,30.857942035510504
989,SNLLSAILGAGVGVYIGL,4.18,2488.8550788047683,3088.5235068108896,3103.9653750434472,3270.7239309204474
998,TNIFSHVVGIAVGFAVGL,4.19,-77.64306041812785,-71.91137990567935,-68.90911848526066,-64.14957473963932
1007,SNLLSFILGAGVGVYILL,4.18,-90.88185850393621,-87.16385318111489,-88.40214821691713,-88.29437462995791
1009,LLLLLLTYLAGWLVTGL,14,-93.26483972604083,-90.58971753535006,-92.1353754797442,-92.08137011109535
1010,SNLLSFILGAGVGAYIGL,4.18,9676.284814902254,13515.778276974492,12692.899765139162,14119.04937917611
1016,SNLLSFLLAIGLGIYVCL,4.19,-25.957627997396536,5.255190778603064,-24.24504459872544,-0.6122876921469955
1018,TLLLSFLLAAGLGIYIGL,4.19,-42.353818503627835,-50.96562842166764,-33.773807013687694,-46.722180170922826
1021,LLLLLLGALLFALLTTL,13,-81.07017465500252,-69.05050029864347,-84.30820001745842,-89.27002534611502
1023,LLLLLLTLLAGWLVWGL,14,-70.0132752251223,-64.26091758183925,-70.02910277523127,-72.62218504686275
1027,LLLYVLVGVLLGLLTTL,14,-88.69503956351316,-89.78201724125142,-90.31601806391394,-92.71378560464694
1042,SNLLSFLLAAGLGFYICL,4.19,-69.87380710191519,-69.84735123600888,-63.5539512946358,-73.10603310970478
1043,LLLALYATILGIGLLLL,13,-69.93822264285558,-56.20720107414853,-69.61622399650605,-75.62959598415053
1044,LLLLLAGFLISVLVTLL,14,-83.27340603075154,-70.89973520005627,-83.99014310637297,-80.97452642870479
1046,LLLTLLVGLLTVLLALL,14,-86.19776276992475,-81.46055751645345,-87.21537380719178,-89.68468809069915
1065,TNLLSFLLAAGLGIYIGL,4.19,1504.13411774735,1980.222831270197,1914.6812985713336,inf
1066,SLLISHILALGLGLYIGL,4.18,-45.354584446765514,-29.243241122988533,-22.037934614623662,-20.654339041297195
1076,LLLFLVGLLLAYLLSLT,14,-91.18246131263341,-88.52409265337448,-90.09301166056116,-92.97772270976539
1079,SNLLSFALGAGVGVYIGL,4.18,244.73149874679075,281.1038943512678,266.58001457693257,264.3024580319049
1082,LLLALLFTLLTFLLGLL,14,-89.51526352706759,-84.07037709005986,-88.28829705438544,-90.28996399926123
1084,LLLLLISYLLGALLFFL,14,5415.440835642072,5723.825979998593,5882.122871292158,3266.0587349705766
1087,SNALSFILGAGVGVYIGL,4.18,76.36263549374574,148.2065541333775,134.97670934262703,150.10113039259994
1098,SNIFSHVVGAAVGIAVGL,4.19,inf,inf,inf,inf
1101,SNLASFILGAGVGVYIGL,4.18,-63.21751239258935,-53.20432114260832,-53.644292021577456,-51.58512108287485
1105,LLLYVLVGVLLGLLALL,14,-43.596808583064295,-39.11950628959024,-48.61613305302481,-40.52848489972047
1108,LLLALLTAILGTLLAVL,13,-89.69403685983136,-86.68855836121972,-89.12622386488735,-89.01801622188363
1112,TNIFSHVVAAAVGIAVCL,4.19,-77.5260348108533,-74.80404065062714,-65.2335535043549,-63.11687844993376
1115,LLLILLWTALVSLLVTL,14,-72.60285500887211,-34.06272494257825,-64.48173703920476,-65.27482193107485
1118,LLLGLLAWLLFVLLSLL,14,-36.04424962536535,-4.935802812952163,-29.77642039555294,-36.718666169038976
1119,LLLALLTLLLGILTGLL,14,-39.81990063335359,-12.01515217293346,-38.51127402267105,-39.19730992217591
1121,LLLALSSTLLSGLLTFL,13,-20.768948555380774,65.71806828758564,-25.850897500395465,-11.430722396107006
1126,TNIFSHVVAIAVGIAVGL,4.19,-69.27048254608941,-52.66240589067307,-63.33950718254734,-60.15557691938902
1129,LLLGLLLGALTWLLWTL,14,-88.44537075326309,-81.89823314061053,-87.22096623551124,-87.44382202107606
1134,LLLALVASLLVTLLWYL,14,-85.07702450987539,-81.71151398453314,-85.31493075511128,-85.98234055860662
1136,LLLVLLTILLGILTGLL,14,178789.32249593778,117780.42292886745,130411.10889402044,169675.78542885464
1142,TNIFSFVVGAAVGFAVAL,4.18,-66.86322239988233,-48.47433427087432,-60.332330637807,-56.80468153503453
1143,SNLLSFILGFGVGVYIGL,4.18,681.3694386826514,969.1223450774704,866.6830623068046,951.0279995348368
1144,SNLLSFIIGAGVGVYIGL,4.18,682.1250170673254,997.7663846623226,851.9744386575926,989.485886197563
1145,LNLLSFILGAGVGVYIGL,4.18,1264.160004868026,1283.9711821511603,1434.4780448088677,1553.0468997428293
1146,ANLLSFILGAGVGVYIGL,4.18,1345.0590600684523,2052.655924462759,1949.6771747387616,1873.0298390273856
1147,SNLLSFILGAGVGIYIGL,4.18,476.217684358954,711.2622661802575,736.2876033563174,776.8696728731622
1148,TNIFSFVVGIAVGIAVGL,4.19,969.925890841094,1226.4535521827622,1303.9225167712696,1296.2180063409958
1149,INLLSFILGAGVGVYIGL,4.18,552.474994729482,761.4987741175665,729.9776485982293,744.1807008115934
1150,SNLLSFILGAGIGVYIGL,4.18,130.4162457919259,249.14221529784544,191.31643429805857,217.47110634129342
1151,TNIFSFVVGAFVGFAVCL,4.18,54.04040598037738,136.38651432911703,93.27156221466254,101.99259839043727
1152,TNIFSFVVGAAVGFAVCL,4.19,-25.622899401436193,-1.465709533491993,-20.714414258826142,-8.478919319183682
1153,LLLLLISALLGALLAFL,14,489.69393584425853,648.1294436244425,472.14847749811344,486.1384320309309
1154,SALLSFILGAGVGVYIGL,4.18,301.91537941490003,400.17345234608933,367.88933172609137,473.9682255088384
1155,SNLLSFFLGAGVGVYIGL,4.18,27.139987394157643,74.3358474191943,59.940488433978835,75.15490190277639
1156,SNLLSFILGAGVGVAIGL,4.18,159.6754408639733,323.0041023027426,217.41817678088717,260.20589755593573
1157,SNLLSFILGAGVGVLIGL,4.18,23.853993008077133,95.54161560659121,65.57248856053634,78.62905070572847
1158,SNLLSFILGAAVGVYIGL,4.18,22.534150301302446,94.91444123229955,66.16409186185601,46.6836350528464
1159,SNLLSFILGAGVGVIIGL,4.18,46.359918356448226,118.05330310707156,77.5413398336286,83.12868225226141
1160,TLIFSHVVGIAVGIAVGL,4.19,166.47983281877688,265.9661583840403,261.0693145585822,241.02310271402533
1161,SLLISHIFALGLGVYIGL,4.18,19.654546339951416,77.96393743446798,69.03381333145518,57.13944362249202
1162,SNFLSFILGAGVGVYIGL,4.18,-46.19992285288792,-23.031067369285083,-32.65153156262499,-27.70914545314622
1163,LLLILLLTALVILLVTL,14,inf,inf,633.7171142711765,inf
1164,SNLISFILGAGVGVYIGL,4.18,-41.39215287222001,-16.037685640164664,-24.818182525302763,-21.21821834068657
1165,TNIFSFVVGIAVGIAIGL,4.19,208.99840611932552,287.79396825742947,324.5566036152575,263.04162402005085
1166,SNLLSFLLGAGVGVYIGL,4.18,-11.859415213658913,12.607529059725211,14.350520493164598,17.693873213176555
1167,SLLLSHILALGLGIYIGL,4.18,-17.171277042134495,67.52352998652287,16.326078934981595,33.86715353296861
1168,SLIFSFVVGAAVGIAIGL,4.19,inf,inf,inf,inf
1169,SNLLSFILGALVGVYIGL,4.18,-61.70842244193199,-50.79920858576216,-50.40665267306076,-42.790383001529506
1170,TNIFSFVVGAAVGLAVCL,4.18,-88.62083098629637,-82.69664035995133,-85.19510465202083,-84.23651275732585
1171,SNLLSFIAGAGVGVYIGL,4.18,-63.37066700480626,-50.329651591490176,-48.36032780160606,-46.124985998801314
1172,SLILSHILAVGLGIYIGL,4.18,-59.5798450262374,-50.945487642441975,-49.04306494138225,-44.97111537993765
1173,LLLLLSTFLLGSLVGVL,14,81.6529152157342,51.80521024696322,115.84199268138147,54.177157176071425
1174,SLLASHALTLGLGIYIGL,4.18,-87.58761498693275,-86.30073430905504,-84.41075704193551,-82.84711308122692
1175,SNLFSFILGAGVGVYIGL,4.18,-71.96552976546847,-62.481825846469796,-65.63763183090154,-64.50902895052735
1176,SLIFSHVVGIAVGIAVGL,4.19,46.481100006371804,65.98886173520181,164.26645538181407,82.84887524169265
1177,LLLLLLSILFGAFTTIL,14,210.99714217366318,356.469732981912,318.0257684164372,250.47896536594737
1178,SLLASHLLTLGLGIYIGL,4.18,-75.49958283622775,-63.7428403244121,-71.56227315584778,-65.16012461722485
1179,SNIFSFVVGIAVGIAVGL,4.19,173.71155666829407,203.0901304859819,189.2119726642941,269.1249427263075
1180,SNLLSFILGAGVGVYLGL,4.18,92.44335410893116,122.14840322398706,71.21447374243341,173.9916130803978
1181,SLLLSHVIALGLGVYIGL,4.18,-29.45874627414385,-1.696576220551891,-17.123633069419135,-4.472246089304175
1182,LLLLLSTFLLGALVGVL,14,136.06309313171016,88.31577428795488,113.1323884464925,150.68801248662987
1183,SNIFSFVVGAAVGIAIGL,4.19,inf,inf,inf,inf
1184,SLLLSHILALGLGVYIGL,4.18,-91.78570269103842,-89.33682304401727,-89.12886850758106,-88.39003107518884
1185,LLLLLLAYLVGALVSLL,13,86.98113270645344,162.23075165281844,124.11791812503617,31.53525814341921
1186,TNVLSLLLGAGIGAWLQL,4.18,-94.76189320772492,-92.00376766538376,-92.84275270849727,-91.43141200304734
1187,SLIFSHVVGAAVGIAVGL,4.19,-25.35974778009195,19.84308490026003,2.134843874088737,42.387584824760076
1188,SLLLTHLLTLGLGIYIGL,4.18,-88.34690528322425,-83.1917843747539,-84.28259415366767,-83.95550061731336
1190,SLLLSHFLAIGLGIYIGL,4.18,-95.20447193384163,-92.70116612332492,-93.32282763024864,-92.62530820508907
1191,SLLLSHILILGLGIYIGL,4.18,-95.76446878137858,-94.44956840117376,-94.36714394441994,-94.69290653202566
1192,SLIFSFVVGIAVGIAVGL,4.19,-6.535944644290844,-14.031845455984925,4.996953417795555,31.444228307230027
1193,SLLLSHILVLGLGVYIGL,4.18,-93.679672907836,-90.89911280622853,-91.59747559335356,-90.96540981020428
1194,SLLLSHLLILGLGIYIGL,4.18,-95.62910088812815,-94.39135819326302,-93.94256066797246,-93.71576498181169
1195,TNIFSAVVGAAVGFAVCL,4.18,-83.79217468925624,-76.61376620088686,-79.04859742570393,-75.15354701332136
1196,SLLASHLLILGVGIYIGL,4.18,-92.87435883639665,-89.6230184603617,-90.44657403701721,-89.56842039795616
1197,LLLVLLTLLLGILTALL,14,11.913122133974092,-6.150165340025801,27.93303197720478,-13.325868198202423
1199,SLLASHLLTLGVGIYIGL,4.18,-90.15184748181912,-85.69271641038986,-88.28308911864386,-86.1707955328312
1200,TNLLSFLLGAGLGIYIGL,4.19,-61.05661629689426,-49.62522930951621,-49.384634082617815,-44.146539762531496
1201,TNIFSFVVGIAVGFAVCL,4.19,-95.87859282499332,-94.29338042544441,-94.50315017771597,-94.50489907125709
1202,LIIFGMAGVIGT,0,inf,inf,inf,inf
1204,SNIFSHVVGAAVGIAIGL,4.19,inf,inf,inf,inf
1205,SILLSHLVAFGIGVYIGL,4.18,-93.76756189911306,-91.44854064538204,-92.02692050948946,-90.86016871499642
1206,TNLLSHLLGIGLGIYVGL,4.19,-55.302021133681066,-47.55353112957785,-50.00992058281153,-40.88375119486371
1207,LLLLLTSTLSGFLLALL,13,-23.0191210624869,0.32976913778260725,-18.128169802076492,-7.100077125332314
1210,TNLLSHLLGAGLGIYIGL,4.19,-63.573022466684456,-55.88210513513179,-48.025799131489656,-34.495516606321594
1212,SLLLSHLLAIGLGVYIGL,4.18,-95.61490368956503,-94.4006463410767,-94.80215031041614,-94.3186161823778
1213,SLVLSHILAVGLGVYIGL,4.18,-95.03839582074058,-94.11979537114496,-93.65443662669337,-93.18028693273315
1214,SNIFSHVVAAAVGIAIGL,4.19,inf,inf,inf,inf
1216,TNIFSFVVGAAVGIAVGL,4.19,inf,inf,inf,inf
1217,LLLFLLLSLLGALLYVL,13,44.50133100189267,inf,-9.234274227881713,-25.344648991460435
1218,SLLLSHILALGIGVYIGL,4.18,-95.69053834437443,-93.84567049183303,-94.22909825854087,-93.35393191784463
1219,TNIFSFVVGAAVGIAIGL,4.19,inf,inf,inf,inf
1220,LLLALLGVLIGVLATLL,14,-79.94910625366593,-78.08667819681979,-81.99814941333314,-81.25645126544893
1221,TLIFSFVVAIAVGFAVGL,4.19,-42.518285023700706,-17.53716003154523,-45.26125391579771,-47.998524280898366
1222,TNIFSFVVGIAVGFAVGL,4.19,-85.23783655665487,-82.43887266404343,-83.4302473860704,-82.41370278238954
1225,TNIFSFVVGAAVGFAVGL,4.19,inf,inf,inf,inf
1231,LLLFLLFVLLGALVSLL,13,-34.75486176352503,-18.046531846851472,-41.99197794648022,-58.02245179462143
1232,TNIFSHVVGIAVGIAIGL,4.19,-56.03955928015375,-35.694848126449955,-54.64870383791309,-43.09873476337426
1233,SLLISHLLALGLGVYIGL,4.18,-95.66261582120799,-94.23849652620207,-94.36995209536865,-93.69393673603335
1234,LLLLLITYLVGAWLSLL,14,-69.2518490773639,-65.73428338186498,-67.6338831865931,-67.90706403107137
1236,LLLLLLASLVGALVSLL,13,-49.869554560798385,-16.02318003856596,-48.71297130051018,-56.71768969831476
1237,SNLLSFLLAIGLGFYVGL,4.19,-62.01335401989112,-53.11363019191629,-45.82993598536853,-43.10843103757389
1238,LLLLLLSYLFGAFTWIL,14,-72.94877463251484,-66.4081520000079,-66.68617556871347,-72.59388930779636
1239,SLLLSHLLAIGLGIYVCL,4.19,-82.530466676168,-77.39799807661691,-82.23239092165831,-76.45089400394026
1240,SLLLTHLLALGLGIYIGL,4.18,-95.07606610222598,-93.23598420628234,-93.32641122885526,-93.07340691449448
1241,TNLLSHLLAAGLGIYVGL,4.19,-82.86952192436745,-78.68889881135517,-80.00760006919054,-81.43222652330017
1271,SNLLSFILGAGVGVYIAL,4.18,-95.02962133771648,-91.22819980323045,-93.17372387240981,-91.9692070204321
1276,TLIFSFVVGAAVGFAVCL,4.19,-96.08387498946918,-93.91402568337189,-94.64416551886573,-94.5220446290904
1282,LLLLLLGSAIGVLVTLL,14,-86.8959413807774,-87.484111241716,-84.58802936742006,-87.57226567438646
1286,TNIFSHVVGIAVGFAIGL,4.19,-92.31452730636421,-91.46716447309393,-90.8769653504082,-91.29377672364161
1310,SNLLSFILGLGVGVYIGL,4.18,-93.6391938674735,-92.19851968034936,-90.63721948364307,-91.81276685681394
1328,SLIFSHVVGAAVGIAICL,4.19,-90.78472253832159,-88.04745056811821,-89.07725561745843,-88.92963443903345
1363,TLIFSHVVGIAVGFAVGL,4.19,-76.9708532667027,-81.81866023521846,-72.90781828060537,-68.50600059888666
1364,LLLGLLLGALTGLLWIL,14,-70.6986935159157,-45.07806450876342,-62.490940795793485,-71.81254834175826
1399,SLVLSHILALGLGVYIGL,4.18,-86.89126182755554,-85.65891305255566,-86.31719725909993,-79.73375701588452
1472,TNIFSFVVAAAVGFAVGL,4.19,-65.62007329798159,-67.41098139645663,-62.673842294263935,-58.31646015911504
1489,TNIFSFVVGAAVGIAICL,4.19,-90.7462601565738,-85.98155398193967,-88.39361782286615,-87.85217648404891
1545,SNLLSHLLGIGLGIYIGL,4.19,-76.26341448181704,-74.76418677611154,-66.71871952881303,-61.8419975778751
1618,TLIFSFVVAAAVGFAVGL,4.19,-57.76552931557614,-70.12478752260279,-47.4760367882261,-55.09870394442083
1658,SNLLIFILGAGVGVYIGL,4.18,-67.90197616541751,-60.097065755757114,-58.41239846759808,-55.774549723881975
1695,TNIFSFVVAIAVGIAIGL,4.19,-30.483805017935477,18.748445134809927,-26.403288055392267,-5.932221747199558
1748,LLLALYFTILGIGLLLL,13,-6.382266968834969,-17.693642159647606,-17.799059460363402,-32.978773674963634
1846,TLIFSHVVGIAVGIAIGL,4.19,21.04550279578982,inf,inf,inf
