Sequence,Segments,Fluorescence,FluorStdDev,Rep1-Fluor,Rep2-Fluor,Rep3-Fluor,Sample,LB-12H_M9-36H,LB-36H_M9-36H,std,Percent Error,mean,mean_transformed,Percent GpA,std_adjusted,Type,Mutant Type,percent_wt,wt_seq,position,wt_aa,mut_aa,mut_position
LLLYTLLAVLLGLLLGFLILI,13.0,27436.84627,2002.599107,28744.88039,28434.24928,25131.40915,D,19.36543146,51.88049808,2002.599103379796,7.298940568567389,27436.84627333333,22943.983577017327,78.18070112114445,1674.6677253483567,WT,,71.81912092090859,LLLYTLLGVLLGLLLGFLILI,G7A,G,A,7
LLLFYLLGVLLGLLLATLILI,13.0,32562.74385,4613.991251,30793.49439,37799.52121,29095.21595,D,-0.634372673,-6.722357119,4613.991249839842,14.169540721427389,32562.74385,32850.29862351124,111.93607116236196,4654.736440568926,WT,,100.0,LLLFYLLGVLLGLLLATLILI,-1-1-1,-,1,1-1-
LLLYLLLAFLLGTLLGVLILI,13.0,31695.94245,2895.951112,33194.59451,33535.45097,28357.78187,D,25.78489159,43.8556106,2895.951108872591,9.13666193532791,31695.94245,31175.117326438605,106.22795827644818,2848.365078058532,WT,,100.0,LLLYLLLAFLLGTLLGVLILI,-1-1-1,-,1,1-1-
LLLYLLLAILLGVLLATLILI,13.0,26659.41353,1597.764599,27088.04291,27999.14496,24891.05271,D,105.154898,143.3448162,1597.764600878381,5.993247373128377,26659.413526666667,21441.5162333469,73.06110408406153,1285.0431084139575,WT,,52.35273728890658,LLLYLLLAFLLGVLLATLILI,F8I,F,I,8
LLLSYLLGLLLGTLLGFLILI,13.0,29719.24899,2352.507785,31074.13678,31080.80048,27002.80971,D,4089.165316,5937.857379,2352.507783763873,7.915771305511286,29719.248990000004,27354.957467170025,93.21091722122198,2165.355873821062,WT,,61.85908044667659,LLLAYLLGLLLGTLLGFLILI,A3S,A,S,3
LLLALLLGLLLGTLLGFLILI,13.0,31118.78448,2803.864201,33611.14768,31662.22539,28082.98037,D,-40.62875721,-25.85091725,2803.864202994572,9.0101983411229,31118.78448,30059.701226741014,102.4272227841372,2708.4387012783186,WT,,67.97544754436807,LLLAYLLGLLLGTLLGFLILI,Y4L,Y,L,4
LLLAYLLGLLLGTLLAFLILI,13.0,30875.19101,3006.551999,32415.54879,32799.41898,27410.60525,D,5167.771195,6510.824202,3006.5520001599534,9.737760001260458,30875.19100666667,29588.93222404102,100.82309634403396,2881.299206912733,WT,,66.91087496571315,LLLAYLLGLLLGTLLGFLILI,G15A,G,A,15
LLLWTLLGILLGLLLGFLILI,13.0,29553.3797,1960.308836,30246.49332,31072.97023,27340.67556,D,-39.08325114,5.421652671,1960.3088379472665,6.63311221127837,29553.379703333336,27034.398309348195,92.11862478537756,1793.2219755030085,WT,,60.09181350177543,LLLATLLGILLGLLLGFLILI,A3W,A,W,3
LLLAYLLGLLLGFLLGTLILI,13.0,31025.70638,1990.098798,31635.56791,32639.51085,28802.04037,D,2804.302636,3770.222039,1990.098801215061,6.41435452606405,31025.70637666667,29879.818386368355,101.81427924132169,1916.597483045737,WT,,44.20749242897949,LLLAYLLGLLLGFLLATLILI,A15G,A,G,15
LLLALLLGLLLGVLLGTLILI,13.0,31491.09447,1521.866057,31610.56904,32949.7019,29913.01247,D,-65.29178313,-48.76597255,1521.8660595551576,4.832687098268254,31491.09447,30779.227904895084,104.8789809971182,1487.463775906447,WT,,100.0,LLLALLLGLLLGVLLGTLILI,-1-1-1,-,1,1-1-
LLLALLLGILLGVLLGTLILI,13.0,30550.96489,2215.339523,30416.82306,32830.32731,28405.74431,D,-81.95133606,-70.87668637,2215.3395235403027,7.251291510022723,30550.964893333334,28962.33249649263,98.68798297727224,2100.143157422722,WT,,94.09700784562727,LLLALLLGLLLGVLLGTLILI,L8I,L,I,8
LLLALLLGFLLGVLLGTLILI,13.0,31324.87979,2224.165813,32312.69884,32884.03472,28777.90579,D,-54.39590799,-48.23744016,2224.1658130591586,7.100317155063894,31324.879783333337,30458.00122667008,103.78441401235084,2162.614686186827,WT,,98.9563523840898,LLLALLLGLLLGVLLGTLILI,L8F,L,F,8
LLLFLLLGLLLGVLLGTLILI,13.0,29271.54428,1976.375664,30270.11636,30549.39108,26995.12541,D,-43.26000037,-32.61457129,1976.3756620285835,6.751866737532857,29271.544283333333,26489.722880309186,90.26266517039664,1788.5507880202265,WT,,86.06363669082258,LLLALLLGLLLGVLLGTLILI,A3F,A,F,3
LLLAYLLGLLLGVLLGTLILI,13.0,31064.49681,2283.363274,31332.14105,33202.24304,28659.10634,D,15061.79735,10134.52096,2283.3632755489457,7.350395177860747,31064.49681,29954.784818616088,102.06972434369484,2201.79505884612,WT,,97.32143025540975,LLLALLLGLLLGVLLGTLILI,L4Y,L,Y,4
LLLTALLGVLLGLLLGFLILI,13.0,31081.76834,2167.164263,31516.08672,32998.88341,28730.33489,D,-57.20510643,-37.1438917,2167.1642665711624,6.972461292629152,31081.76834,29988.16379565492,102.18346186529142,2090.9131130222686,WT,,100.0,LLLTALLGVLLGLLLGFLILI,-1-1-1,-,1,1-1-
LLLSYLLGILLGLLLGFLILI,13.0,30992.1665,2135.376272,31359.85725,32919.82165,28696.8206,D,950.3072671,1430.279873,2135.376274290305,6.890051633822712,30992.166500000003,29814.999185455526,101.59341042155174,2054.268838501707,WT,,97.90667853899441,LLLSYLLGVLLGLLLGFLILI,V8I,V,I,8
LLLAYLLGVLLGLLLGFLILI,13.0,31645.96643,2181.163442,32689.47276,33109.3568,29139.06973,D,2114.799586,2847.63252,2181.163439569546,6.892390044065233,31645.96643,31078.53361763734,105.89885317376988,2142.0537569035023,WT,,102.0558807142178,LLLSYLLGVLLGLLLGFLILI,S3A,S,A,3
LLLSYLLGVLLGLLLGFLILI,13.0,31322.01628,2132.799784,31486.01473,33368.08268,29111.95143,D,2469.414392,3255.408305,2132.7997850263487,6.809267213069556,31322.01628,30452.46721711713,103.7655570974037,2073.589865785912,WT,,100.0,LLLSYLLGVLLGLLLGFLILI,-1-1-1,-,1,1-1-
LLLAYLLGVLLGLLLGFLILI,13.0,31645.96643,2181.163442,32689.47276,33109.3568,29139.06973,D,2114.799586,2847.63252,2181.163439569546,6.892390044065233,31645.96643,31078.53361763734,105.89885317376988,2142.0537569035023,WT,,68.44774208745089,LLLTYLLGVLLGLLLGFLILI,T3A,T,A,3
LLLSYLLGVLLGLLLGFLILI,13.0,31322.01628,2132.799784,31486.01473,33368.08268,29111.95143,D,2469.414392,3255.408305,2132.7997850263487,6.809267213069556,31322.01628,30452.46721711713,103.7655570974037,2073.589865785912,WT,,67.06888579906712,LLLTYLLGVLLGLLLGFLILI,T3S,T,S,3
LLLTALLGVLLGLLLGFLILI,13.0,31081.76834,2167.164263,31516.08672,32998.88341,28730.33489,D,-57.20510643,-37.1438917,2167.1642665711624,6.972461292629152,31081.76834,29988.16379565492,102.18346186529142,2090.9131130222686,WT,,66.0462982718187,LLLTYLLGVLLGLLLGFLILI,Y4A,Y,A,4
LLLALLLGLLLGVLLGTLILI,13.0,31491.09447,1521.866057,31610.56904,32949.7019,29913.01247,D,-65.29178313,-48.76597255,1521.8660595551576,4.832687098268254,31491.09447,30779.227904895084,104.8789809971182,1487.463775906447,WT,,102.75229180002864,LLLAYLLGLLLGVLLGTLILI,Y4L,Y,L,4
LLLAYLLGLLLGFLLGTLILI,13.0,31025.70638,1990.098798,31635.56791,32639.51085,28802.04037,D,2804.302636,3770.222039,1990.098801215061,6.41435452606405,31025.70637666667,29879.818386368355,101.81427924132169,1916.597483045737,WT,,99.74973469947564,LLLAYLLGLLLGVLLGTLILI,V12F,V,F,12
LLLAYLLGLLLGVLLGTLILI,13.0,31064.49681,2283.363274,31332.14105,33202.24304,28659.10634,D,15061.79735,10134.52096,2283.3632755489457,7.350395177860747,31064.49681,29954.784818616088,102.06972434369484,2201.79505884612,WT,,100.0,LLLAYLLGLLLGVLLGTLILI,-1-1-1,-,1,1-1-
LLLAFLLALLLGVLLGTLILI,13.0,28157.14975,1345.041954,27937.21687,29598.60408,26935.62829,D,15.44323542,32.29347988,1345.0419574164548,4.776910907240124,28157.149746666662,24336.04282697293,82.92408702003952,1162.5110841922976,WT,,76.16076846653922,LLLAFLLGLLLGVLLGTLILI,G7A,G,A,7
LLLALLLGLLLGVLLGTLILI,13.0,31491.09447,1521.866057,31610.56904,32949.7019,29913.01247,D,-65.29178313,-48.76597255,1521.8660595551576,4.832687098268254,31491.09447,30779.227904895084,104.8789809971182,1487.463775906447,WT,,96.32501334380419,LLLAFLLGLLLGVLLGTLILI,F4L,F,L,4
LLLAYLLGLLLGVLLGTLILI,13.0,31064.49681,2283.363274,31332.14105,33202.24304,28659.10634,D,15061.79735,10134.52096,2283.3632755489457,7.350395177860747,31064.49681,29954.784818616088,102.06972434369484,2201.79505884612,WT,,93.74488067990454,LLLAFLLGLLLGVLLGTLILI,F4Y,F,Y,4
LLLALLLGLLLGTLLAFLILI,13.0,30864.80318,1476.659615,31012.56942,32262.02423,29319.8159,D,-82.94999095,-79.30137811,1476.6596120312615,4.784283260321071,30864.803183333333,29568.85670574432,100.75468982297204,1414.6578616412498,WT,,100.0,LLLALLLGLLLGTLLAFLILI,-1-1-1,-,1,1-1-
LLLALLLGLLLGTLLGFLILI,13.0,31118.78448,2803.864201,33611.14768,31662.22539,28082.98037,D,-40.62875721,-25.85091725,2803.864202994572,9.0101983411229,31118.78448,30059.701226741014,102.4272227841372,2708.4387012783186,WT,,101.66000507182727,LLLALLLGLLLGTLLAFLILI,A15G,A,G,15
LLLAYLLGLLLGTLLAFLILI,13.0,30875.19101,3006.551999,32415.54879,32799.41898,27410.60525,D,5167.771195,6510.824202,3006.5520001599534,9.737760001260458,30875.19100666667,29588.93222404102,100.82309634403396,2881.299206912733,WT,,100.06789413096516,LLLALLLGLLLGTLLAFLILI,L4Y,L,Y,4
LLLYFLLGLLLGTLLAVLILI,13.0,32171.95519,1799.743899,32491.31802,33790.63922,30233.90834,D,-87.69600554,-83.45391404,1799.743898302972,5.594139017935456,32171.955193333328,32095.06005472704,109.36262611856304,1795.4422773513018,WT,,100.0,LLLYFLLGLLLGTLLAVLILI,-1-1-1,-,1,1-1-
LLLYALLAFLLGLLLGTLILI,13.0,30908.3595,2236.992523,31179.22529,32997.58599,28548.26723,D,-74.92820631,-62.0346393,2236.9925263200803,7.2375000235092735,30908.35950333333,29653.03369557533,101.04151952981717,2146.138320688477,WT,,100.0,LLLYALLAFLLGLLLGTLILI,-1-1-1,-,1,1-1-
LLLTALLAFLLGVLLGLLILI,13.0,31920.95618,1337.770472,31851.65987,33292.02805,30619.18062,D,-88.42696745,-84.69888102,1337.7704698299765,4.190884703723735,31920.95618,31609.97909763619,107.70973226956876,1324.737778853105,WT,,100.0,LLLTALLAFLLGVLLGLLILI,-1-1-1,-,1,1-1-
LLLTALLAFLLGILLGLLILI,13.0,30975.39465,2249.785574,31161.06365,33126.59232,28638.52797,D,-92.174543,-90.77709224,2249.7855756792324,7.263137730260805,30975.394646666668,29782.58588406809,101.48296340089318,2163.150232393078,WT,,94.21893571038534,LLLTALLAFLLGVLLGLLILI,V12I,V,I,12
LLLTALLAFLLGVLLGLLILI,13.0,31920.95618,1337.770472,31851.65987,33292.02805,30619.18062,D,-88.42696745,-84.69888102,1337.7704698299765,4.190884703723735,31920.95618,31609.97909763619,107.70973226956876,1324.737778853105,WT,,106.13577753349365,LLLTALLAFLLGILLGLLILI,I12V,I,V,12
LLLTALLAFLLGILLGLLILI,13.0,30975.39465,2249.785574,31161.06365,33126.59232,28638.52797,D,-92.174543,-90.77709224,2249.7855756792324,7.263137730260805,30975.394646666668,29782.58588406809,101.48296340089318,2163.150232393078,WT,,100.0,LLLTALLAFLLGILLGLLILI,-1-1-1,-,1,1-1-
LLLSYLLGILLGLLLGFLILI,13.0,30992.1665,2135.376272,31359.85725,32919.82165,28696.8206,D,950.3072671,1430.279873,2135.376274290305,6.890051633822712,30992.166500000003,29814.999185455526,101.59341042155174,2054.268838501707,WT,,100.0,LLLSYLLGILLGLLLGFLILI,-1-1-1,-,1,1-1-
LLLSYLLGVLLGLLLGFLILI,13.0,31322.01628,2132.799784,31486.01473,33368.08268,29111.95143,D,2469.414392,3255.408305,2132.7997850263487,6.809267213069556,31322.01628,30452.46721711713,103.7655570974037,2073.589865785912,WT,,102.13807831318866,LLLSYLLGILLGLLLGFLILI,I8V,I,V,8
LLLAYLLTVLLGLLLGFLILI,13.0,27789.94571,1476.910325,28088.94956,29094.47668,26186.4109,D,-93.43589951,-91.88559624,1476.9103291814474,5.314549169748255,27789.94571333333,23626.383926041723,80.50595286101588,1255.6357907829856,WT,,76.02155306527571,LLLAYLLGVLLGLLLGFLILI,G7T,G,T,7
LLLAYLLGVLLGLLLGFLILI,13.0,31645.96643,2181.163442,32689.47276,33109.3568,29139.06973,D,2114.799586,2847.63252,2181.163439569546,6.892390044065233,31645.96643,31078.53361763734,105.89885317376988,2142.0537569035023,WT,,100.0,LLLAYLLGVLLGLLLGFLILI,-1-1-1,-,1,1-1-
LLLSYLLGVLLGLLLGFLILI,13.0,31322.01628,2132.799784,31486.01473,33368.08268,29111.95143,D,2469.414392,3255.408305,2132.7997850263487,6.809267213069556,31322.01628,30452.46721711713,103.7655570974037,2073.589865785912,WT,,97.98553429765133,LLLAYLLGVLLGLLLGFLILI,A3S,A,S,3
LLLAYLLGVLLGLLLAFLILI,13.0,31803.75493,1266.613476,32533.50244,32536.56562,30341.19674,D,50.34365446,122.8598231,1266.613475939988,3.982590982087016,31803.754933333334,31383.475845092304,106.93793154757736,1249.875478872103,WT,,100.98119889183546,LLLAYLLGVLLGLLLGFLILI,G15A,G,A,15
LLLTALLGVLLGLLLGFLILI,13.0,31081.76834,2167.164263,31516.08672,32998.88341,28730.33489,D,-57.20510643,-37.1438917,2167.1642665711624,6.972461292629152,31081.76834,29988.16379565492,102.18346186529142,2090.9131130222686,WT,,100.56263835567893,LLLTALLGVLLGLLLSFLILI,S15G,S,G,15
LLLAFLLGVLLGILLGLLILI,13.0,31934.33156,2423.8193,31193.09046,34642.22,29967.68421,D,-73.16900562,-68.27316474,2423.81929721224,7.590011060388828,31934.33155666667,31635.82836464628,107.79781260712356,2401.1628719222786,WT,,100.0,LLLAFLLGVLLGILLGLLILI,-1-1-1,-,1,1-1-
LLLTYLLAVLLGLLLAFLILI,13.0,28150.66384,1502.128155,28950.19566,29083.92106,26417.87481,D,-91.29578639,-88.70714313,1502.1281557115858,5.336031022470261,28150.66384333333,24323.508163371072,82.88137565802073,1297.909941350567,WT,,86.03382515027398,LLLTYLLGVLLGLLLAFLILI,G7A,G,A,7
LLLAYLLGVLLGLLLAFLILI,13.0,31803.75493,1266.613476,32533.50244,32536.56562,30341.19674,D,50.34365446,122.8598231,1266.613475939988,3.982590982087016,31803.754933333334,31383.475845092304,106.93793154757736,1249.875478872103,WT,,111.00538850438222,LLLTYLLGVLLGLLLAFLILI,T3A,T,A,3
LLLALLLGLLLGVLLGTLILI,13.0,31491.09447,1521.866057,31610.56904,32949.7019,29913.01247,D,-65.29178313,-48.76597255,1521.8660595551576,4.832687098268254,31491.09447,30779.227904895084,104.8789809971182,1487.463775906447,WT,,101.05465449237596,LLLALLLGFLLGVLLGTLILI,F8L,F,L,8
LLLALLLGILLGVLLGTLILI,13.0,30550.96489,2215.339523,30416.82306,32830.32731,28405.74431,D,-81.95133606,-70.87668637,2215.3395235403027,7.251291510022723,30550.964893333334,28962.33249649263,98.68798297727224,2100.143157422722,WT,,95.08940616606256,LLLALLLGFLLGVLLGTLILI,F8I,F,I,8
LLLALLLGFLLGVLLGTLILI,13.0,31324.87979,2224.165813,32312.69884,32884.03472,28777.90579,D,-54.39590799,-48.23744016,2224.1658130591586,7.100317155063894,31324.879783333337,30458.00122667008,103.78441401235084,2162.614686186827,WT,,100.0,LLLALLLGFLLGVLLGTLILI,-1-1-1,-,1,1-1-
LLLAYLLGVLLGTLLGLLILI,13.0,31244.78799,1599.244043,31544.1042,32673.22647,29517.03329,D,2645.969905,2920.912594,1599.2440383014675,5.118434597744511,31244.787986666663,30303.21573621638,103.25698867984792,1551.0502784716584,WT,,100.0,LLLAYLLGVLLGTLLGLLILI,-1-1-1,-,1,1-1-
LLLAYLLGFLLGTLLGLLILI,13.0,32018.32818,2239.660931,32527.98719,33959.23701,29567.76034,D,14499.04515,26159.61858,2239.660926489588,6.994934007480673,32018.32818,31798.16032722184,108.35095223982631,2224.260330482068,WT,,104.93328696207908,LLLAYLLGVLLGTLLGLLILI,V8F,V,F,8
LLLSYLLGVLLGTLLGLLILI,13.0,31157.27108,1966.155429,32218.73756,32364.5637,28888.51199,D,1410.278467,2261.50957,1966.1554321731137,6.310422459381722,31157.271083333337,30134.08047681128,102.68066708685988,1901.5877823368617,WT,,99.44185705940455,LLLAYLLGVLLGTLLGLLILI,A3S,A,S,3
LLLAYLLGVLLGFLLGLLILI,13.0,32352.44289,1735.305893,33946.0843,32607.53322,30503.71114,D,779.5822359,960.0942855,1735.3058957406283,5.363755379522811,32352.442886666668,32443.87076064397,110.55118456812818,1740.2098632494692,WT,,107.06411835318595,LLLAYLLGVLLGTLLGLLILI,T12F,T,F,12
LLLAYLLGVLLGTLLGLLILI,13.0,31244.78799,1599.244043,31544.1042,32673.22647,29517.03329,D,2645.969905,2920.912594,1599.2440383014675,5.118434597744511,31244.787986666663,30303.21573621638,103.25698867984792,1551.0502784716584,WT,,95.29864440074017,LLLAYLLGFLLGTLLGLLILI,F8V,F,V,8
LLLAYLLGFLLGTLLGLLILI,13.0,32018.32818,2239.660931,32527.98719,33959.23701,29567.76034,D,14499.04515,26159.61858,2239.660926489588,6.994934007480673,32018.32818,31798.16032722184,108.35095223982631,2224.260330482068,WT,,100.0,LLLAYLLGFLLGTLLGLLILI,-1-1-1,-,1,1-1-
LLLALLLGVLLGTLLGFLILI,13.0,30011.06338,1852.329608,30080.19655,31827.85857,28125.13501,D,-79.62584865,-71.36967756,1852.3296108376928,6.172155873283257,30011.06337666667,27918.91825768181,95.13259092967124,1723.1991529986594,WT,,94.90122225793631,LLLALLLGILLGTLLGFLILI,I8V,I,V,8
LLLALLLGLLLGTLLGFLILI,13.0,31118.78448,2803.864201,33611.14768,31662.22539,28082.98037,D,-40.62875721,-25.85091725,2803.864202994572,9.0101983411229,31118.78448,30059.701226741014,102.4272227841372,2708.4387012783186,WT,,102.17811309151269,LLLALLLGILLGTLLGFLILI,I8L,I,L,8
LLLAYLLGLLLGFLLGTLILI,13.0,31025.70638,1990.098798,31635.56791,32639.51085,28802.04037,D,2804.302636,3770.222039,1990.098801215061,6.41435452606405,31025.70637666667,29879.818386368355,101.81427924132169,1916.597483045737,WT,,100.0,LLLAYLLGLLLGFLLGTLILI,-1-1-1,-,1,1-1-
LLLAYLLALLLGFLLGTLILI,13.0,30249.32133,1965.213027,30478.00483,32090.18804,28179.77111,D,-58.24202822,-46.37438814,1965.2130291981728,6.496717754344178,30249.321326666668,28379.37582237756,96.70158155955072,1843.7279476244616,WT,,94.97840801912196,LLLAYLLGLLLGFLLGTLILI,G7A,G,A,7
LLLAYLLGLLLGVLLGTLILI,13.0,31064.49681,2283.363274,31332.14105,33202.24304,28659.10634,D,15061.79735,10134.52096,2283.3632755489457,7.350395177860747,31064.49681,29954.784818616088,102.06972434369484,2201.79505884612,WT,,100.25089319914318,LLLAYLLGLLLGFLLGTLILI,F12V,F,V,12
LLLYFLLAVLLGLLLATLILI,13.0,27582.0786,1433.803241,28710.73438,28066.74729,25968.75413,D,-61.61287067,-49.40923411,1433.8032386444286,5.198314671775421,27582.0786,23224.659724243607,79.13709380267133,1207.2908939152724,WT,,74.98048183572647,LLLYFLLGVLLGLLLATLILI,G7A,G,A,7
LLLALLLGFLLGTLLGVLILI,13.0,31629.82308,3538.607569,30011.04403,35688.27545,29190.14977,D,-46.97345184,-13.05652426,3538.60757302953,11.187566758456276,31629.823083333336,31047.334968894786,105.79254503313956,3473.4413263666443,WT,,100.0,LLLALLLGFLLGTLLGVLILI,-1-1-1,-,1,1-1-
LLLAYLLGVLLGTLLGLLILI,13.0,31244.78799,1599.244043,31544.1042,32673.22647,29517.03329,D,2645.969905,2920.912594,1599.2440383014675,5.118434597744511,31244.787986666663,30303.21573621638,103.25698867984792,1551.0502784716584,WT,,100.56127566107503,LLLSYLLGVLLGTLLGLLILI,S3A,S,A,3
LLLSYLLGVLLGTLLGLLILI,13.0,31157.27108,1966.155429,32218.73756,32364.5637,28888.51199,D,1410.278467,2261.50957,1966.1554321731137,6.310422459381722,31157.271083333337,30134.08047681128,102.68066708685988,1901.5877823368617,WT,,100.0,LLLSYLLGVLLGTLLGLLILI,-1-1-1,-,1,1-1-
LLLTYLLAVLLGLLLAFLILI,13.0,28150.66384,1502.128155,28950.19566,29083.92106,26417.87481,D,-91.29578639,-88.70714313,1502.1281557115858,5.336031022470261,28150.66384333333,24323.508163371072,82.88137565802073,1297.909941350567,WT,,82.9987255666003,LLLTYLLAVLLGLLLGFLILI,G15A,G,A,15
LLLTVLLGILLGLLLGFLILI,13.0,29322.58956,2371.442186,29655.67274,31509.88096,26802.21498,D,-33.58873095,27.60890115,2371.4421874487093,8.087424143069814,29322.589560000004,26588.373035668767,90.59881160659997,2150.3145001361404,WT,,94.59874572249026,LLLYVLLGILLGLLLGFLILI,Y3T,Y,T,3
LLLYVLLGILLGLLLGFLILI,13.0,30108.11236,2917.773389,31244.51324,32286.70029,26793.12356,D,-44.47297891,-36.47181279,2917.773386756749,9.69098743735961,30108.112363333334,28106.475231359804,95.77168377303408,2723.794983755669,WT,,100.0,LLLYVLLGILLGLLLGFLILI,-1-1-1,-,1,1-1-
LLLAFLLGVLLGILLGLLILI,13.0,31934.33156,2423.8193,31193.09046,34642.22,29967.68421,D,-73.16900562,-68.27316474,2423.81929721224,7.590011060388828,31934.33155666667,31635.82836464628,107.79781260712356,2401.1628719222786,WT,,101.50615378267453,LLLTFLLGVLLGILLGLLILI,T3A,T,A,3
LLLALLLGFLLGVLLGTLILI,13.0,31324.87979,2224.165813,32312.69884,32884.03472,28777.90579,D,-54.39590799,-48.23744016,2224.1658130591586,7.100317155063894,31324.879783333337,30458.00122667008,103.78441401235084,2162.614686186827,WT,,89.62934035444269,LLLGLLLGFLLGVLLGTLILI,G3A,G,A,3
LLLALLLGLLLGTLLAFLILI,13.0,30864.80318,1476.659615,31012.56942,32262.02423,29319.8159,D,-82.94999095,-79.30137811,1476.6596120312615,4.784283260321071,30864.803183333333,29568.85670574432,100.75468982297204,1414.6578616412498,WT,,98.36710113219608,LLLALLLGLLLGTLLGFLILI,G15A,G,A,15
LLLALLLGVLLGTLLGFLILI,13.0,30011.06338,1852.329608,30080.19655,31827.85857,28125.13501,D,-79.62584865,-71.36967756,1852.3296108376928,6.172155873283257,30011.06337666667,27918.91825768181,95.13259092967124,1723.1991529986594,WT,,92.87822938454634,LLLALLLGLLLGTLLGFLILI,L8V,L,V,8
LLLALLLGLLLGTLLGFLILI,13.0,31118.78448,2803.864201,33611.14768,31662.22539,28082.98037,D,-40.62875721,-25.85091725,2803.864202994572,9.0101983411229,31118.78448,30059.701226741014,102.4272227841372,2708.4387012783186,WT,,100.0,LLLALLLGLLLGTLLGFLILI,-1-1-1,-,1,1-1-
LLLALLLGLLLGTLLAFLILI,13.0,30864.80318,1476.659615,31012.56942,32262.02423,29319.8159,D,-82.94999095,-79.30137811,1476.6596120312615,4.784283260321071,30864.803183333333,29568.85670574432,100.75468982297204,1414.6578616412498,WT,,99.93215193388971,LLLAYLLGLLLGTLLAFLILI,Y4L,Y,L,4
LLLAYLLGLLLGTLLAFLILI,13.0,30875.19101,3006.551999,32415.54879,32799.41898,27410.60525,D,5167.771195,6510.824202,3006.5520001599534,9.737760001260458,30875.19100666667,29588.93222404102,100.82309634403396,2881.299206912733,WT,,100.0,LLLAYLLGLLLGTLLAFLILI,-1-1-1,-,1,1-1-
LLLAYLLGVLLGLLLGFLILI,13.0,31645.96643,2181.163442,32689.47276,33109.3568,29139.06973,D,2114.799586,2847.63252,2181.163439569546,6.892390044065233,31645.96643,31078.53361763734,105.89885317376988,2142.0537569035023,WT,,99.0283350736542,LLLAYLLGVLLGLLLAFLILI,A15G,A,G,15
LLLAYLLGVLLGLLLAFLILI,13.0,31803.75493,1266.613476,32533.50244,32536.56562,30341.19674,D,50.34365446,122.8598231,1266.613475939988,3.982590982087016,31803.754933333334,31383.475845092304,106.93793154757736,1249.875478872103,WT,,100.0,LLLAYLLGVLLGLLLAFLILI,-1-1-1,-,1,1-1-
LLLTALLGVLLGLLLGFLILI,13.0,31081.76834,2167.164263,31516.08672,32998.88341,28730.33489,D,-57.20510643,-37.1438917,2167.1642665711624,6.972461292629152,31081.76834,29988.16379565492,102.18346186529142,2090.9131130222686,WT,,85.0648751793305,LLLTLLLGVLLGLLLGFLILI,L4A,L,A,4
LLLAYLLGVLLGTLLGLLILI,13.0,31244.78799,1599.244043,31544.1042,32673.22647,29517.03329,D,2645.969905,2920.912594,1599.2440383014675,5.118434597744511,31244.787986666663,30303.21573621638,103.25698867984792,1551.0502784716584,WT,,93.40197401160803,LLLAYLLGVLLGFLLGLLILI,F12T,F,T,12
LLLAYLLGVLLGFLLGLLILI,13.0,32352.44289,1735.305893,33946.0843,32607.53322,30503.71114,D,779.5822359,960.0942855,1735.3058957406283,5.363755379522811,32352.442886666668,32443.87076064397,110.55118456812818,1740.2098632494692,WT,,100.0,LLLAYLLGVLLGFLLGLLILI,-1-1-1,-,1,1-1-
LLLALLLGLLLGTLLGFLILI,13.0,31118.78448,2803.864201,33611.14768,31662.22539,28082.98037,D,-40.62875721,-25.85091725,2803.864202994572,9.0101983411229,31118.78448,30059.701226741014,102.4272227841372,2708.4387012783186,WT,,100.9104898776177,LLLGLLLGLLLGTLLGFLILI,G3A,G,A,3
LLLALLLGILLGVLLGTLILI,13.0,30550.96489,2215.339523,30416.82306,32830.32731,28405.74431,D,-81.95133606,-70.87668637,2215.3395235403027,7.251291510022723,30550.964893333334,28962.33249649263,98.68798297727224,2100.143157422722,WT,,79.97412690769761,LLLALLLGILLGFLLGTLILI,F12V,F,V,12
LLLALLLGVLLGTLLGFLILI,13.0,30011.06338,1852.329608,30080.19655,31827.85857,28125.13501,D,-79.62584865,-71.36967756,1852.3296108376928,6.172155873283257,30011.06337666667,27918.91825768181,95.13259092967124,1723.1991529986594,WT,,70.1899138251012,LLLALLLGVLLGLLLGFLILI,L12T,L,T,12
LLLAYLLGVLLGLLLGFLILI,13.0,31645.96643,2181.163442,32689.47276,33109.3568,29139.06973,D,2114.799586,2847.63252,2181.163439569546,6.892390044065233,31645.96643,31078.53361763734,105.89885317376988,2142.0537569035023,WT,,78.13338526582311,LLLALLLGVLLGLLLGFLILI,L4Y,L,Y,4
LLLYLLLAILLGVLLATLILI,13.0,26659.41353,1597.764599,27088.04291,27999.14496,24891.05271,D,105.154898,143.3448162,1597.764600878381,5.993247373128377,26659.413526666667,21441.5162333469,73.06110408406153,1285.0431084139575,WT,,56.49207465637349,LLLYLLLGILLGVLLATLILI,G7A,G,A,7
LLLTVLLGILLGLLLGFLILI,13.0,29322.58956,2371.442186,29655.67274,31509.88096,26802.21498,D,-33.58873095,27.60890115,2371.4421874487093,8.087424143069814,29322.589560000004,26588.373035668767,90.59881160659997,2150.3145001361404,WT,,57.64260865751575,LLLTLLLGILLGLLLGFLILI,L4V,L,V,4
LLLAYLLGLLLGVLLGTLILI,0.0,26622.68502,2186.111322,27199.32784,28462.67163,24206.0556,G,6558.955859,7031.696322,3009.8820597203617,11.4294846981073,26334.363615,30086.97660455893,101.3298785965249,3438.7863871411864,WT,,49.29994769768725,LLLALLLGLLLGVLLGTLILI,L4Y,L,Y,4
LLLTYLLGVLLGLLLGFLILI,1.0,24655.04758,1607.080719,26436.88702,24213.00935,23315.24637,G,64.27875449,37.3922687,634.8142910562425,2.6713132280556686,23764.12786,26781.43480859741,90.19714986532476,715.4160107051679,WT,,25.830980994308682,LLLTALLGVLLGLLLGFLILI,A4Y,A,Y,4
LLLSYLLGVLLGLLLGFLILI,0.0,26183.42901,1253.665124,27535.30698,25955.81545,25059.16458,G,1541.369048,1600.324163,634.0279105338159,2.4856538615166284,25507.490015,29023.54682405727,97.74835520285048,721.4249123812664,WT,,100.0,LLLSYLLGVLLGLLLGFLILI,-1-1-1,-,1,1-1-
LLLTYLLGVLLGLLLGFLILI,1.0,24655.04758,1607.080719,26436.88702,24213.00935,23315.24637,G,64.27875449,37.3922687,634.8142910562425,2.6713132280556686,23764.12786,26781.43480859741,90.19714986532476,715.4160107051679,WT,,92.27485176414964,LLLSYLLGVLLGLLLGFLILI,S3T,S,T,3
LLLAYLLGVLLGLLLGFLILI,0.0,27345.2516,1445.009952,27876.90743,28449.1172,25709.73018,G,1609.181541,2263.480023,1937.0391381364093,7.153177114517867,27079.42369,31045.18723314569,104.55703458300856,2220.7172283206,WT,,106.96551810619061,LLLSYLLGVLLGLLLGFLILI,S3A,S,A,3
LLLSYLLGVLLGLLLAFLILI,1.0,24963.08064,2734.898681,22503.07455,27908.00302,24478.16435,G,6.453249241,0.428227524,2425.2621819328497,9.259170134754791,26193.083685,29905.278597814984,100.71793818102284,2768.9806246441017,WT,,103.03798766947001,LLLSYLLGVLLGLLLGFLILI,G15A,G,A,15
LLLSYLLGVLLGLLLGFLILI,0.0,26183.42901,1253.665124,27535.30698,25955.81545,25059.16458,G,1541.369048,1600.324163,634.0279105338159,2.4856538615166284,25507.490015,29023.54682405727,97.74835520285048,721.4249123812664,WT,,108.37188907720542,LLLTYLLGVLLGLLLGFLILI,T3S,T,S,3
LLLTYLLGVLLGLLLGFLILI,1.0,24655.04758,1607.080719,26436.88702,24213.00935,23315.24637,G,64.27875449,37.3922687,634.8142910562425,2.6713132280556686,23764.12786,26781.43480859741,90.19714986532476,715.4160107051679,WT,,100.0,LLLTYLLGVLLGLLLGFLILI,-1-1-1,-,1,1-1-
LLLAYLLGVLLGLLLGFLILI,0.0,27345.2516,1445.009952,27876.90743,28449.1172,25709.73018,G,1609.181541,2263.480023,1937.0391381364093,7.153177114517867,27079.42369,31045.18723314569,104.55703458300856,2220.7172283206,WT,,115.920552632899,LLLTYLLGVLLGLLLGFLILI,T3A,T,A,3
LLLSYLLGLLLGVLLGTLILI,1.0,26779.07427,1283.822531,27820.67621,27171.78266,25344.76395,G,8020.551057,10204.73586,1291.8973191956984,4.919962954874493,26258.273305,29989.117993930173,101.00030074412167,1475.4534957949652,WT,,99.67474760952241,LLLAYLLGLLLGVLLGTLILI,A3S,A,S,3
LLLAYLLGLLLGVLLGTLILI,0.0,26622.68502,2186.111322,27199.32784,28462.67163,24206.0556,G,6558.955859,7031.696322,3009.8820597203617,11.4294846981073,26334.363615,30086.97660455893,101.3298785965249,3438.7863871411864,WT,,100.0,LLLAYLLGLLLGVLLGTLILI,-1-1-1,-,1,1-1-
LLLAYLLGLLLGVLLGTLILI,0.0,26622.68502,2186.111322,27199.32784,28462.67163,24206.0556,G,6558.955859,7031.696322,3009.8820597203617,11.4294846981073,26334.363615,30086.97660455893,101.3298785965249,3438.7863871411864,WT,,99.16326017175591,LLLAFLLGLLLGVLLGTLILI,F4Y,F,Y,4
LLLAYLLGVLLGLLLTFLILI,0.0,25235.47008,1127.172996,26481.86857,24936.90456,24287.6371,G,222.7300332,195.094015,459.1014237697649,1.8653354943996645,24612.27083,27872.21880801537,93.87079948751064,519.9103905026498,WT,,89.7795158995122,LLLAYLLGVLLGLLLGFLILI,G15T,G,T,15
LLLSYLLGVLLGLLLGFLILI,0.0,26183.42901,1253.665124,27535.30698,25955.81545,25059.16458,G,1541.369048,1600.324163,634.0279105338159,2.4856538615166284,25507.490015,29023.54682405727,97.74835520285048,721.4249123812664,WT,,93.4880714556297,LLLAYLLGVLLGLLLGFLILI,A3S,A,S,3
LLLAYLLGVLLGLLLSFLILI,0.0,26263.26278,1335.05483,27767.07749,25217.62528,25805.08558,G,-66.41147971,-66.00349173,415.3971618078828,1.6282833852073488,25511.35543,29028.5180765256,97.76509787579198,472.66653681197823,WT,,93.50408441258497,LLLAYLLGVLLGLLLGFLILI,G15S,G,S,15
LLLAYLLGVLLGLLLAFLILI,0.0,26253.95531,2054.166445,27511.43496,27366.95556,23883.47542,G,34.43724147,42.70664769,2463.192429122664,9.612377425992385,25625.21549,29174.951798213784,98.25827176415312,2804.406480695661,WT,,93.9757637121443,LLLAYLLGVLLGLLLGFLILI,G15A,G,A,15
LLLTYLLGVLLGLLLGFLILI,1.0,24655.04758,1607.080719,26436.88702,24213.00935,23315.24637,G,64.27875449,37.3922687,634.8142910562425,2.6713132280556686,23764.12786,26781.43480859741,90.19714986532476,715.4160107051679,WT,,86.2659793528446,LLLAYLLGVLLGLLLGFLILI,A3T,A,T,3
LLLAYLLGVLLGLLLGFLILI,0.0,27345.2516,1445.009952,27876.90743,28449.1172,25709.73018,G,1609.181541,2263.480023,1937.0391381364093,7.153177114517867,27079.42369,31045.18723314569,104.55703458300856,2220.7172283206,WT,,100.0,LLLAYLLGVLLGLLLGFLILI,-1-1-1,-,1,1-1-
LLLTYLLAVLLGLLLAFLILI,0.0,20853.09695,1101.698365,20989.42381,21880.28759,19689.57946,G,-84.97419463,-84.14771526,1549.0645743235,7.45282428957636,20784.933525,22949.937494206384,77.29305641609047,1710.4185160108057,WT,,81.33087669469761,LLLTYLLAVLLGLLLGFLILI,G15A,G,A,15
LLLTYLLGVLLGLLLGFLILI,1.0,24655.04758,1607.080719,26436.88702,24213.00935,23315.24637,G,64.27875449,37.3922687,634.8142910562425,2.6713132280556686,23764.12786,26781.43480859741,90.19714986532476,715.4160107051679,WT,,94.9090851630853,LLLTYLLAVLLGLLLGFLILI,A7G,A,G,7
LLLALLLGVLLGTLLGFLILI,0.0,25249.74077,860.6990337,26099.45125,25271.31233,24378.45872,G,-73.12314699,-65.74867757,631.3428422378904,2.54318531137674,24824.885525,28145.65939002848,94.79171957007398,715.7962753973325,WT,,100.9883664971359,LLLALLLGLLLGTLLGFLILI,L8V,L,V,8
LLLALLLGLLLGTLLGFLILI,1.0,24408.02192,1197.470912,24002.66407,25755.55907,23465.84262,G,-34.81562512,-29.75436676,1619.0740287893882,6.57874003258353,24610.700845,27870.19967376808,93.86399924862864,1833.507983099145,WT,,100.0,LLLALLLGLLLGTLLGFLILI,-1-1-1,-,1,1-1-
LLLAYLLGVLLGLLLTFLILI,0.0,25235.47008,1127.172996,26481.86857,24936.90456,24287.6371,G,222.7300332,195.094015,459.1014237697649,1.8653354943996645,24612.27083,27872.21880801537,93.87079948751064,519.9103905026498,WT,,95.53475529554028,LLLAYLLGVLLGLLLAFLILI,A15T,A,T,15
LLLAYLLGVLLGLLLSFLILI,0.0,26263.26278,1335.05483,27767.07749,25217.62528,25805.08558,G,-66.41147971,-66.00349173,415.3971618078828,1.6282833852073488,25511.35543,29028.5180765256,97.76509787579198,472.66653681197823,WT,,99.49808410070055,LLLAYLLGVLLGLLLAFLILI,A15S,A,S,15
LLLAYLLGVLLGLLLAFLILI,0.0,26253.95531,2054.166445,27511.43496,27366.95556,23883.47542,G,34.43724147,42.70664769,2463.192429122664,9.612377425992385,25625.21549,29174.951798213784,98.25827176415312,2804.406480695661,WT,,100.0,LLLAYLLGVLLGLLLAFLILI,-1-1-1,-,1,1-1-
LLLAYLLGVLLGLLLGFLILI,0.0,27345.2516,1445.009952,27876.90743,28449.1172,25709.73018,G,1609.181541,2263.480023,1937.0391381364093,7.153177114517867,27079.42369,31045.18723314569,104.55703458300856,2220.7172283206,WT,,106.41041482387783,LLLAYLLGVLLGLLLAFLILI,A15G,A,G,15
LLLSYLLGVLLGLLLAFLILI,1.0,24963.08064,2734.898681,22503.07455,27908.00302,24478.16435,G,6.453249241,0.428227524,2425.2621819328497,9.259170134754791,26193.083685,29905.278597814984,100.71793818102284,2768.9806246441017,WT,,102.50326651660797,LLLAYLLGVLLGLLLAFLILI,A3S,A,S,3
LLLALLLGVLLGTLLGFLILI,0.0,25249.74077,860.6990337,26099.45125,25271.31233,24378.45872,G,-73.12314699,-65.74867757,631.3428422378904,2.54318531137674,24824.885525,28145.65939002848,94.79171957007398,715.7962753973325,WT,,94.00670501249148,LLLALLLGVLLGTLLSFLILI,S15G,S,G,15
