Sequence,PercentGpA,PercentStd,Type,Clash Mutant,Mutant Type,Geometry,Interface,Seed,HBONDDimerOptimize,HBONDDimerPreOptimize,HBONDMonomer,IMM1DimerOptimize,IMM1DimerPreOptimize,IMM1Monomer,Monomer,MonomerSasa,OptimizeSasa,PreBBOptimizeSasa,Total,TotalPreOptimize,VDWDimerOptimize,VDWDimerPreOptimize,VDWMonomer,endAxialRotation,endAxialRotationPrime,endCrossingAngle,endXShift,endZShift,endZShiftPrime,firstRepackEnergy,preOptimizeAxialRotation,preOptimizeAxialRotationPrime,preOptimizeCrossingAngle,preOptimizeEnergy,preOptimizeXShift,preOptimizeZShift,preOptimizeZShiftPrime,replicateNumber,Directory,PercentGpA.1,PercentStd.1,Sample,LB-12H_M9-36H,VDWDiff,HBONDDiff,IMM1Diff
AFLLGLLLGTLLGVL,1.539723423591559,0.094282239610416,WT,LLLAFLLGLLLITLLGVLILI,clash,AAAAFLLGLLLGTLLGVLAAA_1,1.1001100110011e+17,1.0,-73.3935,-74.029,-58.6456,-218.215,-212.969,-236.233,-199.198,4077.23,3214.79,3162.09,-52.814,-41.717,39.5969,46.0838,95.681,-77.2233,56.3409,-36.343,7.46,5.68952,5.03463,-45.6726,-70.7932,46.6401,-35.0,-246.164,7.2306,3.4154,2.615,1.0,AAAAFLLGLLLGTLLGVLAAA,1.539723423591559,0.094282239610416,D,99999900.0,-56.0841,-14.747900000000001,18.018
ALLLGFLLGVLLGTL,1.1433197362918714,0.0811793273731629,WT,LLLALLLGFLLIVLLGTLILI,clash,AAAALLLGFLLGVLLGTLAAA_1,1.1001100110011e+17,1.0,-72.2547,-72.2417,-58.7392,-218.936,-216.509,-233.338,-303.473,4033.81,3161.72,3115.9,-44.2636,-40.4719,-56.5462,-55.195,-11.3963,-89.0836,53.0183,-34.4387,6.95165,7.02001,6.31529,-38.4046,-83.578,48.738,-35.1079,-341.773,6.9512,5.61633,4.8474,1.0,AAAALLLGFLLGVLLGTLAAA,1.1433197362918714,0.0811793273731629,D,-54.39590799,-45.1499,-13.515500000000003,14.401999999999987
YLLLGILLGFLLATL,1.957067933399596,0.1365268321437533,WT,LLLYLLLGILLLFLLATLILI,clash,AAAYLLLGILLGFLLATLAAA_1,1.1001100110011e+17,1.0,-70.8977,-68.8413,-58.7512,-225.957,-222.189,-244.063,-310.238,4262.07,3343.59,3326.05,-43.5259,-38.3294,-56.9096,-57.5368,-7.42438,-93.1565,41.9728,-38.6475,7.01958,6.1398,5.2694,-35.5808,-86.6913,38.1487,-45.0,-346.209,6.9063,4.65377,3.726,1.0,AAAYLLLGILLGFLLATLAAA,1.957067933399596,0.1365268321437533,D,99999900.0,-49.48522,-12.146500000000003,18.105999999999995
AFLLGLLLGVLLGTL,1.2815192234333064,0.0517470471462715,WT,LLLAFLLLLLLGVLLGTLILI,clash,AAAAFLLGLLLGVLLGTLAAA_1,1.1001100110011e+17,1.0,-72.2179,-71.5123,-58.7316,-219.889,-217.49,-236.396,-263.747,4016.58,3100.5,3078.38,-41.4955,-37.6116,-13.1358,-12.3558,31.3806,-87.0134,53.8349,-32.5134,6.96351,6.81972,6.12724,-35.6017,-83.578,48.738,-35.1079,-299.645,6.9512,5.61633,4.8474,1.0,AAAAFLLGLLLGVLLGTLAAA,1.2815192234333064,0.0517470471462715,D,16571400000000.0,-44.516400000000004,-13.4863,16.506999999999977
ALLLGFLLGTLLGVL,1.253414988388073,0.0127644825958111,WT,LLLALLLGFLLITLLGVLILI,clash,AAAALLLGFLLGTLLGVLAAA_1,1.1001100110011e+17,1.0,-72.0611,-72.307,-58.6723,-215.978,-213.643,-233.373,-278.137,4069.88,3200.31,3151.54,-40.5509,-36.4968,-30.649,-28.6839,13.9081,-93.4888,51.2799,-34.4356,7.48061,7.4461,6.7153,-37.3648,-85.1121,47.6719,-35.0,-315.274,7.4675,5.70252,4.9176,1.0,AAAALLLGFLLGTLLGVLAAA,1.197779684733607,0.1340024018487993,D,-46.97345184,-44.5571,-13.388799999999996,17.394999999999982
YFLLGILLGLLLATL,1.3563986729085564,0.1829797028424046,WT,LLLYFLLGILLLLLLATLILI,clash,AAAYFLLGILLGLLLATLAAA_1,1.1001100110011e+17,1.0,-69.1549,-68.7652,-58.7859,-223.67,-224.194,-246.381,-312.104,4243.34,3293.31,3314.61,-39.5713,-33.4922,-58.8505,-52.6373,-6.93722,-84.1564,46.2298,-41.933,6.97435,5.36448,4.55793,-27.9131,-78.7668,42.2799,-44.9187,-339.801,6.9365,4.0228,3.157,1.0,AAAYFLLGILLGLLLATLAAA,1.3563986729085564,0.1829797028424046,D,99999900.0,-51.91328,-10.369,22.711000000000013
AFLLGVLLGLLLGTL,1.2218457560442335,0.1108314362698547,WT,LLLAFLLGVLLLLLLGTLILI,clash,AAAAFLLGVLLGLLLGTLAAA_2,1.1001100110011e+17,1.0,-71.9299,-73.0897,-58.7167,-217.482,-215.558,-235.761,-221.078,4045.22,3116.95,3095.7,-38.9836,-37.8872,29.3501,29.6823,73.3999,-85.8142,50.539,-34.4541,6.96572,6.1949,5.45298,-37.4326,-83.578,48.738,-35.1079,-258.486,6.9512,5.61633,4.8474,2.0,AAAAFLLGVLLGLLLGTLAAA,1.2218457560442335,0.1108314362698547,D,18722200000000.0,-44.049800000000005,-13.2132,18.278999999999996
YVLLGILLGLLLAFL,0.777031724456961,0.0603367571550905,WT,LLLYVLLGILLGLLLIFLILI,clash,AAAYVLLGILLGLLLAFLAAA_0,1.1001100110011e+17,1.0,-56.9113,-53.6635,-44.9386,-224.333,-219.565,-242.491,-293.779,4194.76,3404.84,3375.19,-38.5996,-28.5008,-51.1342,-49.0507,-6.34934,-83.4047,47.4715,-36.7697,7.27506,5.41935,4.63143,-29.5479,-82.2405,38.4729,-43.0414,-322.279,7.0713,4.02991,3.107,0.0,AAAYVLLGILLGLLLAFLAAA,,,,,-44.78486,-11.972699999999996,18.158000000000015
YVLLGILLGLLLGFL,0.9260167460022533,0.0897401665229246,WT,LLLYVLLGILLLLLLGFLILI,clash,AAAYVLLGILLGLLLGFLAAA_1,1.1001100110011e+17,1.0,-55.3252,-53.9438,-44.9581,-222.924,-222.093,-241.576,-298.959,4168.4,3375.39,3368.5,-38.0962,-31.4848,-58.8063,-54.4074,-12.4246,-85.1848,37.4327,-39.5458,7.45947,4.33114,3.39263,-26.7189,-83.7055,31.7125,-44.5563,-325.394,7.4442,3.33701,2.3127,1.0,AAAYVLLGILLGLLLGFLAAA,0.9260167460022533,0.0897401665229246,D,-44.47297891,-46.3817,-10.3671,18.651999999999987
AFLLGVLLGLLLGYL,1.4733457639529906,0.1277131697976043,WT,LLLAFLLLVLLGLLLGYLILI,clash,AAAAFLLGVLLGLLLGYLAAA_1,1.1001100110011e+17,1.0,-57.332,-57.2711,-44.9328,-217.438,-216.837,-239.421,-304.521,4091.31,3168.51,3254.03,-37.7953,-21.3211,-67.5466,-51.734,-20.1674,-71.4811,44.5135,-36.8767,5.80268,3.23149,2.39919,-18.3171,-69.605,42.1044,-35.8969,-323.92,6.5663,2.62484,1.75641,1.0,AAAAFLLGVLLGLLLGYLAAA,1.4733457639529906,0.1277131697976043,D,12014500000000.0,-47.3792,-12.3992,21.983000000000004
SYLLGILLGLLLGFL,1.083900335189391,0.0746812927537264,WT,LLLSYLLGILLLLLLGFLILI,clash,AAASYLLGILLGLLLGFLAAA_2,1.1001100110011e+17,1.0,-71.8111,-68.5679,-44.9106,-224.077,-225.38,-257.594,-327.795,4076.53,3284.89,3222.38,-37.5447,-31.7258,-69.4523,-65.5729,-25.2909,-79.9904,40.5951,-43.3077,6.3751,3.97891,3.08783,-32.2112,-76.6759,45.1821,-43.8075,-359.955,6.5,4.10097,3.2787,2.0,AAASYLLGILLGLLLGFLAAA,1.083900335189391,0.0746812927537264,D,950.3072671,-44.16139999999999,-26.900499999999994,33.516999999999996
TYLLVLLLGALLGWL,0.855468853886787,0.0705397789444032,WT,LLLTYLLVLLLLALLGWLILI,clash,AAATYLLVLLLGALLGWLAAA_2,1.1001100110011e+17,1.0,-76.0099,-58.4285,-44.9494,-226.769,-228.994,-253.279,-222.272,4156.04,3206.01,3272.7,-37.5162,-30.8155,42.9905,34.3352,75.9558,-52.1135,52.7109,-36.6115,6.83873,1.433,0.723664,-20.3999,-48.7389,54.7657,-43.6502,-243.008,6.8404,1.20421,0.525696,2.0,AAATYLLVLLLGALLGWLAAA,0.855468853886787,0.0705397789444032,D,19224600000000.0,-32.9653,-31.060500000000005,26.50999999999999
ALLLGLLLGTLLGFL,1.1065130919300594,0.0996990242533899,WT,LLLALLLGLLLITLLGFLILI,clash,AAAALLLGLLLGTLLGFLAAA_2,1.1001100110011e+17,1.0,-74.7309,-72.9437,-58.7075,-215.204,-213.106,-234.64,-322.933,4009.82,3231.26,3175.94,-37.3257,-34.4024,-70.3236,-71.2854,-29.586,-79.3082,48.7486,-32.5157,6.16663,4.97729,4.20852,-29.2254,-73.8055,53.1891,-35.1152,-352.637,6.5108,4.75136,4.0492,2.0,AAAALLLGLLLGTLLGFLAAA,1.1065130919300594,0.0996990242533899,D,-40.62875721,-40.7376,-16.023400000000002,19.43599999999998
ALLLGILLGLLLGFL,1.2259532729274636,0.1282698237944323,WT,LLLALLLLILLGLLLGFLILI,clash,AAAALLLGILLGLLLGFLAAA_2,1.1001100110011e+17,1.0,-58.849,-59.2045,-44.9506,-215.94,-215.729,-235.291,-319.205,4035.54,3263.11,3147.26,-36.6284,-35.4802,-81.0442,-79.7515,-38.9631,-83.9358,42.2755,-36.6917,6.726,4.79758,3.93171,-34.3813,-80.9675,41.2498,-36.7766,-353.598,6.7833,4.21385,3.3326,2.0,AAAALLLGILLGLLLGFLAAA,1.2259532729274636,0.1282698237944323,D,20162300000000.0,-42.081100000000006,-13.898399999999995,19.351
GLLLGFLLGVLLGTL,1.4689865459154732,0.0144012332512341,WT,LLLGLLLGFLLIVLLGTLILI,clash,AAAGLLLGFLLGVLLGTLAAA_2,1.1001100110011e+17,1.0,-74.032,-74.2874,-58.7181,-215.039,-214.907,-236.608,-298.601,4022.85,3123.88,3167.5,-35.1364,-34.6504,-44.6662,-44.0569,-3.27426,-79.0099,55.557,-32.4666,6.63916,5.85168,5.18503,-33.1634,-81.7407,58.0906,-35.0,-331.841,6.5862,6.60334,5.9747,2.0,AAAGLLLGFLLGVLLGTLAAA,1.4689865459154732,0.0144012332512341,D,20305800000000.0,-41.391940000000005,-15.313899999999997,21.569000000000017
YLLLGALLGFLLATL,1.4351563166815084,0.0475914032608613,WT,LLLYLLLGALLLFLLATLILI,clash,AAAYLLLGALLGFLLATLAAA_1,1.1001100110011e+17,1.0,-72.4094,-71.7065,-58.6881,-218.861,-217.78,-240.184,-309.91,4176.4,3400.04,3379.32,-34.7746,-27.5739,-53.4144,-47.9973,-11.0377,-80.6209,54.6537,-40.6424,6.46223,5.97139,5.29119,-26.1949,-70.2206,60.1674,-40.1718,-335.988,6.5,5.15569,4.5582,1.0,AAAYLLLGALLGFLLATLAAA,1.4351563166815084,0.0475914032608613,D,15256300000000.0,-42.3767,-13.721300000000006,21.323000000000008
SYLLGVLLGLLLGFL,1.14280834206253,0.0778168737442875,WT,LLLSYLLGVLLGLLLLFLILI,clash,AAASYLLGVLLGLLLGFLAAA_1,1.1001100110011e+17,1.0,-71.658,-70.7162,-44.9273,-223.625,-223.981,-258.275,-317.8,4080.44,3309.22,3217.0,-34.7296,-25.393,-57.2464,-48.4955,-14.5976,-79.1822,40.434,-45.0678,6.46264,3.83591,2.94242,-34.3749,-79.84,40.4327,-45.0,-353.161,6.5,3.93441,3.0409,1.0,AAASYLLGVLLGLLLGFLAAA,1.14280834206253,0.0778168737442875,D,2469.414392,-42.6488,-26.7307,34.64999999999998
YLLLAFLLGTLLGVL,1.2095879694201923,0.1105159635763205,WT,LLLYLLLAFLLGTLLLVLILI,clash,AAAYLLLAFLLGTLLGVLAAA_2,1.1001100110011e+17,1.0,-68.803,-68.4853,-58.7101,-222.832,-223.737,-242.162,-292.249,4267.54,3343.86,3453.21,-34.7095,57203.9,-35.3241,57203.9,8.62319,-61.737,54.552,-40.8029,6.6398,3.12507,2.44335,-13.2215,-70.4738,37.5669,-39.1051,-305.435,7.2986,2.1426,1.2061,2.0,AAAYLLLAFLLGTLLGVLAAA,1.2095879694201923,0.1105159635763205,D,25.78489159,-43.94729,-10.0929,19.330000000000013
TFLLGILLGLLLGVL,1.5334350421990015,0.1993469408592954,WT,LLLTFLLGILLLLLLGVLILI,clash,AAATFLLGILLGLLLGVLAAA_0,1.1001100110011e+17,1.0,-56.342,-55.8884,-44.9552,-219.354,-219.16,-245.593,-310.004,4126.8,3148.86,3223.99,-34.3691,-33.6911,-68.6771,-68.6469,-19.4564,-81.6746,38.9788,-43.7701,6.89517,4.01332,3.098,-33.7947,-80.9864,40.2503,-44.8665,-343.695,6.9244,4.08175,3.1855,0.0,AAATFLLGILLGLLLGVLAAA,1.5334350421990015,0.1993469408592954,D,99999900.0,-49.220699999999994,-11.386800000000001,26.238999999999976
ALLLGILLGFLLGTL,1.6752858715532566,0.2311660470398085,WT,LLLALLLGILLLFLLGTLILI,clash,AAAALLLGILLGFLLGTLAAA_0,1.1001100110011e+17,1.0,-70.4156,-68.8587,-58.6933,-214.821,-213.002,-234.451,-318.248,4056.52,3221.67,3247.85,-34.2501,-27.216,-67.2622,-63.6034,-25.1046,-81.005,50.5037,-38.3723,6.59361,5.46875,4.7263,-27.3613,-79.2928,46.8705,-41.4445,-345.464,6.9265,4.72144,3.9245,0.0,AAAALLLGILLGFLLGTLAAA,1.6752858715532566,0.2311660470398085,D,24030700000000.0,-42.1576,-11.722299999999997,19.629999999999995
YILLGVLLGLLLAFL,0.8528181900448036,0.0623788546139228,WT,LLLYILLGVLLLLLLAFLILI,clash,AAAYILLGVLLGLLLAFLAAA_1,1.1001100110011e+17,1.0,-54.7966,-54.9225,-44.9335,-222.408,-222.865,-241.551,-300.569,4209.96,3406.81,3355.37,-34.222,-33.0682,-57.5869,-55.85,-14.0853,-89.796,36.5954,-43.7698,7.07366,4.90978,3.95871,-28.5269,-84.7749,35.5377,-45.0,-329.489,7.0209,4.01383,3.0469,1.0,AAAYILLGVLLGLLLAFLAAA,0.8528181900448036,0.0623788546139228,D,26215300000000.0,-43.501599999999996,-9.863099999999996,19.143
YFLLGLLLGTLLAVL,1.2945992795868435,0.0724216834252788,WT,LLLYFLLGLLLLTLLAVLILI,clash,AAAYFLLGLLLGTLLAVLAAA_2,1.1001100110011e+17,1.0,-70.3458,-70.0407,-58.7143,-222.925,-222.02,-245.455,-306.886,4237.27,3314.86,3316.33,-33.531,-30.9071,-47.1466,-45.7324,-2.71667,-72.8019,55.7171,-37.9831,6.43238,4.9421,4.27785,-27.733,-70.4483,55.9363,-39.1281,-336.479,6.6187,4.61865,3.95769,2.0,AAAYFLLGLLLGTLLAVLAAA,1.2945992795868435,0.0724216834252788,D,-87.69600554,-44.42993,-11.631499999999996,22.53
YTLLALLLGILLGFL,0.4004270699462702,0.028762481382947,WT,LLLYTLLALLLIILLGFLILI,clash,AAAYTLLALLLGILLGFLAAA_2,1.1001100110011e+17,1.0,-70.5452,-71.0915,-44.9612,-224.023,-221.795,-256.827,-301.833,4236.46,3551.27,3338.76,-33.5221,-32.3917,-40.787,-41.3385,-0.044673,-57.6452,38.173,-43.5182,5.97356,0.300129,-0.627276,-24.8202,-63.2409,39.6737,-45.0,-326.799,6.506,1.34209,0.437196,2.0,AAAYTLLALLLGILLGFLAAA,0.4004270699462702,0.028762481382947,D,20.54862463,-40.742326999999996,-25.583999999999996,32.804
AFLLGILLGLLLGTL,1.255832819207619,0.0786775338075475,WT,LLLAFLLGILLLLLLGTLILI,clash,AAAAFLLGILLGLLLGTLAAA_1,1.1001100110011e+17,1.0,-70.5866,-68.0403,-58.7892,-214.542,-216.114,-237.276,-316.514,4051.19,3154.38,3189.54,-33.4262,-29.4304,-64.8117,-61.7902,-20.4486,-80.6047,37.8024,-38.268,7.15982,3.69403,2.76106,-32.703,-80.3909,36.9211,-40.9331,-351.04,7.1519,3.54298,2.5968,1.0,AAAAFLLGILLGLLLGTLAAA,1.255832819207619,0.0786775338075475,D,6811180000000.0,-44.3631,-11.797400000000003,22.73400000000001
AYLLGVLLGLLLGFL,1.2833417021331506,0.0917997049380524,WT,LLLAYLLGVLLLLLLGFLILI,clash,AAAAYLLGVLLGLLLGFLAAA_2,1.1001100110011e+17,1.0,-60.7717,-61.1369,-44.9116,-217.359,-217.752,-245.505,-306.579,4059.45,3248.79,3125.5,-32.7184,-27.6467,-61.1669,-55.3368,-16.1623,-75.5277,38.7882,-39.674,6.63146,3.06557,2.1474,-31.9907,-78.3342,38.1851,-39.2997,-338.817,6.6883,3.40512,2.4779,2.0,AAAAYLLGVLLGLLLGFLAAA,1.2006627316054144,0.0827543585759732,D,2114.799586,-45.004599999999996,-15.860100000000003,28.145999999999987
YFLLGVLLGLLLATL,1.19102814757158,0.0883283672810044,WT,LLLYFLLGVLLILLLATLILI,clash,AAAYFLLGVLLGLLLATLAAA_2,1.1001100110011e+17,1.0,-68.9135,-68.8282,-58.7393,-221.442,-221.459,-244.853,-313.296,4237.0,3310.66,3374.22,-32.6823,-26.3185,-55.6229,-49.3271,-9.70385,-82.0308,47.3706,-41.3947,6.66352,5.19965,4.41021,-21.7005,-72.6747,50.248,-40.0011,-334.624,7.1385,4.18468,3.4384,2.0,AAAYFLLGVLLGLLLATLAAA,1.19102814757158,0.0883283672810044,D,10699100000000.0,-45.91905,-10.174199999999999,23.411
GLLLGLLLGTLLGFL,1.0814497265368308,0.1109132846987427,WT,LLLGLLLLLLLGTLLGFLILI,clash,AAAGLLLGLLLGTLLGFLAAA_0,1.1001100110011e+17,1.0,-74.7551,-73.3208,-58.6416,-216.228,-215.97,-237.917,-319.28,3986.11,3254.82,3178.99,-32.587,-29.0454,-60.8837,-59.034,-22.7213,-80.6513,55.0836,-31.482,6.56228,6.03398,5.36024,-28.9707,-81.7407,58.0906,-35.0,-348.325,6.5862,6.60334,5.9747,0.0,AAAGLLLGLLLGTLLGFLAAA,1.0814497265368308,0.1109132846987427,D,99999900.0,-38.1624,-16.113500000000002,21.688999999999993
YVLLGILLGFLLALL,1.1908631984940092,0.0703873194930882,WT,LLLYVLLGILLLFLLALLILI,clash,AAAYVLLGILLGFLLALLAAA_2,1.1001100110011e+17,1.0,-55.0599,-55.0177,-44.9804,-220.416,-219.651,-242.697,-295.932,4248.16,3348.25,3492.1,-32.5816,-21.1192,-53.0371,-42.3824,-8.25422,-83.0861,46.5516,-39.3228,6.62168,5.24738,4.44566,-19.3479,-74.3696,52.761,-36.2687,-312.466,7.5,4.77818,4.0696,2.0,AAAYVLLGILLGFLLALLAAA,1.1908631984940092,0.0703873194930882,D,11947200000000.0,-44.782880000000006,-10.079499999999996,22.281000000000006
ALLLGVLLGTLLGFL,0.9864836216994892,0.0250881065661986,WT,LLLALLLGVLLITLLGFLILI,clash,AAAALLLGVLLGTLLGFLAAA_2,1.1001100110011e+17,1.0,-71.3434,-71.4088,-58.7067,-215.387,-214.94,-232.988,-2.06556,4019.95,3333.79,3331.75,-32.4205,-27.1918,252.244,257.091,289.629,-95.2307,39.6338,-34.2174,6.7766,6.13517,5.22968,-29.4414,-97.484,35.8407,-36.8474,-31.4697,6.7321,5.96109,4.9987,2.0,AAAALLLGVLLGTLLGFLAAA,0.908684727852685,0.0560854377997874,D,-79.62584865,-37.38500000000002,-12.636700000000005,17.601
SYLLGLLLGTLLGFL,0.9297696269297316,0.0347494136260934,WT,LLLSYLLGLLLITLLGFLILI,clash,AAASYLLGLLLGTLLGFLAAA_0,1.1001100110011e+17,1.0,-84.3012,-80.7654,-58.7772,-227.676,-224.079,-257.632,-323.321,4072.0,3302.11,3287.71,-32.3588,-22.7406,-43.7027,-41.217,-6.91212,-90.8277,20.9533,-37.134,6.44129,2.95284,1.76714,-22.8495,-87.0744,32.7223,-38.1858,-346.062,6.9066,3.97867,2.9695,0.0,AAASYLLGLLLGTLLGFLAAA,0.8565694774030986,0.0678040809040424,D,4089.165316,-36.79058,-25.523999999999994,29.956000000000017
TYLLLILLGALLGFL,0.5332572322963984,0.0372904224950762,WT,LLLTYLLLILLGALLLFLILI,clash,AAATYLLLILLGALLGFLAAA_2,1.1001100110011e+17,1.0,-58.1443,-58.1345,-44.9624,-225.825,-225.426,-250.096,860.555,4211.43,3302.76,3342.16,-32.2216,30.5908,1112.3,1174.71,1155.61,-55.1698,51.8329,-37.9377,6.62794,1.77291,1.0504,-23.3964,-53.2783,54.8563,-43.0796,834.899,6.5679,1.89735,1.2202,2.0,AAATYLLLILLGALLGFLAAA,0.5332572322963984,0.0372904224950762,D,-89.02688569,-43.309999999999945,-13.181899999999999,24.271000000000015
FYLLGVLLGILLALL,0.8737193327409448,0.0845090018173135,WT,LLLFYLLGVLLIILLALLILI,clash,AAAFYLLGVLLGILLALLAAA_2,1.1001100110011e+17,1.0,-56.2337,-56.2045,-44.9467,-217.395,-217.542,-240.919,-297.771,4206.16,3302.28,3296.62,-32.0347,-32.0262,-56.1769,-56.051,-11.9049,-64.4831,43.9529,-40.9119,6.51934,2.1061,1.26539,-30.6251,-62.6538,43.9976,-40.9419,-329.027,6.5,1.83774,0.997703,2.0,AAAFYLLGVLLGILLALLAAA,0.8737193327409448,0.0845090018173135,D,99.77795853,-44.272000000000006,-11.286999999999999,23.524
AVLLGILLGLLLGFL,1.2413266592803247,0.0320439730569618,WT,LLLAVLLGILLGLLLLFLILI,clash,AAAAVLLGILLGLLLGFLAAA_1,1.1001100110011e+17,1.0,-57.357,-56.9387,-44.9348,-212.154,-211.896,-233.691,-314.217,3979.37,3247.46,3156.32,-31.9114,-30.7326,-76.6172,-76.1149,-35.5915,-75.9283,40.2023,-37.4952,6.93074,3.31656,2.4196,-31.0393,-78.3112,37.3108,-36.9447,-344.705,6.8995,3.28364,2.3433,1.0,AAAAVLLGILLGLLLGFLAAA,,,,,-41.02569999999999,-12.422199999999997,21.537000000000006
TLLLGVLLGFLLAIL,1.105907287071997,0.0846737647828069,WT,LLLTLLLGVLLIFLLAILILI,clash,AAATLLLGVLLGFLLAILAAA_0,1.1001100110011e+17,1.0,-56.2614,-51.0755,-44.9524,-219.13,-219.594,-244.065,-294.381,4126.8,3320.55,3370.07,-31.5652,-21.9986,-50.554,-45.7099,-5.36283,-77.0359,46.5818,-36.9293,7.29399,4.34392,3.54264,-22.2322,-83.081,35.995,-42.847,-316.379,7.4247,3.82147,2.86139,0.0,AAATLLLGVLLGFLLAILAAA,1.105907287071997,0.0846737647828069,D,15418300000000.0,-45.19117,-11.309000000000005,24.935000000000002
YALLAFLLGLLLGTL,1.0689332094400343,0.0773640412845208,WT,LLLYALLAFLLLLLLGTLILI,clash,AAAYALLAFLLGLLLGTLAAA_2,1.1001100110011e+17,1.0,-66.5142,-66.387,-58.7014,-233.091,-233.094,-248.213,479680000.0,4289.1,3360.74,3416.39,-31.4827,5.63108,479680000.0,479680000.0,479680000.0,-64.4471,57.5479,-33.3625,7.1457,3.93604,3.29925,-22.4852,-66.7471,49.0629,-35.0,479680000.0,7.0844,3.13556,2.3715,2.0,AAAYALLAFLLGLLLGTLAAA,1.0689332094400343,0.0773640412845208,D,-74.92820631,0.0,-7.812800000000003,15.121999999999986
TLLLGVLLGLLLGFL,1.586448895290382,0.2115889295034268,WT,LLLTLLLGVLLILLLGFLILI,clash,AAATLLLGVLLGLLLGFLAAA_1,1.1001100110011e+17,1.0,-57.2236,-55.8592,-44.9091,-219.3,-219.317,-242.682,-312.394,4071.74,3335.83,3243.3,-31.3895,-28.5706,-67.2595,-65.7885,-24.8025,-88.3736,35.1882,-38.782,7.42663,4.50645,3.53428,-30.3805,-87.8363,33.3963,-37.1588,-344.139,7.4752,4.18395,3.1849,1.0,AAATLLLGVLLGLLLGFLAAA,1.586448895290382,0.2115889295034268,D,99999900.0,-42.45700000000001,-12.314499999999995,23.381999999999977
SYLLGVLLGTLLGLL,1.1133864301317218,0.0702593873467405,WT,LLLSYLLGVLLLTLLGLLILI,clash,AAASYLLGVLLGTLLGLLAAA_2,1.1001100110011e+17,1.0,-85.3339,-85.1932,-58.6631,-222.662,-222.268,-256.332,-340.632,4021.58,3211.9,3301.9,-31.2448,-30.5459,-63.8812,-63.7171,-25.6368,-81.553,35.7455,-41.7202,6.63943,3.55859,2.59478,-24.7708,-84.4885,38.2202,-42.7314,-366.348,6.9435,4.333,3.4063,2.0,AAASYLLGVLLGTLLGLLAAA,1.1133864301317218,0.0702593873467405,D,1410.278467,-38.2444,-26.6708,33.66999999999999
ALLLGVLLGFLLGTL,1.2995863357763906,0.0648708194013719,WT,LLLALLLGVLLLFLLGTLILI,clash,AAAALLLGVLLGFLLGTLAAA_1,1.1001100110011e+17,1.0,-71.1824,-68.7202,-58.7215,-212.549,-211.057,-232.98,-312.429,4048.34,3192.25,3352.16,-31.2201,-20.5726,-59.9185,-53.2252,-20.7282,-76.1988,39.9252,-35.0283,6.95316,3.31972,2.4186,-19.7325,-80.2804,39.355,-44.6447,-332.576,7.3257,3.85498,2.9453,1.0,AAAALLLGVLLGFLLGTLAAA,1.2995863357763906,0.0648708194013719,D,11396100000000.0,-39.1903,-12.460900000000002,20.430999999999983
ALLLGILLGTLLGFL,1.0472992656512208,0.092163578772617,WT,LLLALLLLILLGTLLGFLILI,clash,AAAALLLGILLGTLLGFLAAA_1,1.1001100110011e+17,1.0,-71.3823,-71.5848,-58.7518,-213.256,-212.466,-234.494,-309.259,4010.54,3304.57,3272.52,-30.8853,-30.0978,-55.506,-55.3064,-16.0131,-89.8342,40.6445,-38.645,6.60621,5.46213,4.5718,-29.1681,-87.213,39.461,-38.899,-339.363,6.5512,4.90918,4.00109,1.0,AAAALLLGILLGTLLGFLAAA,1.0472992656512208,0.092163578772617,D,9441460000000.0,-39.4929,-12.630499999999998,21.238
TALLFLLLGLLLGVL,1.0788588845286,0.0916791660429515,WT,LLLTALLFLLLGLLLIVLILI,clash,AAATALLFLLLGLLLGVLAAA_1,1.1001100110011e+17,1.0,-54.5497,-52.8425,-44.9714,-223.079,-223.109,-249.82,-332.037,4206.29,3154.14,3315.65,-30.6079,-6.29805,-85.0162,-62.3838,-37.2458,-61.3395,55.3285,-32.1413,6.78007,3.17028,2.50021,-5.50998,-68.3594,45.4039,-35.0373,-336.99,7.4732,2.88344,2.0645,1.0,AAATALLFLLLGLLLGVLAAA,1.0788588845286,0.0916791660429515,D,-42.98320814,-47.770399999999995,-9.578299999999999,26.740999999999985
TLLLGILLGVLLGAL,1.5158677454737888,0.1872310151271573,WT,LLLTLLLIILLGVLLGALILI,clash,AAATLLLGILLGVLLGALAAA_2,1.1001100110011e+17,1.0,-57.1179,-54.7442,-44.8956,-213.354,-213.235,-237.933,-322.799,3992.39,3180.0,3243.75,-30.5116,-26.7601,-82.8383,-81.5795,-39.97,-88.3528,39.2725,-37.0468,6.78422,5.0547,4.14378,-27.1085,-90.0074,38.3333,-42.1317,-349.739,6.7822,5.1761,4.2511,2.0,AAATLLLGILLGVLLGALAAA,1.5158677454737888,0.1872310151271573,D,14204300000000.0,-42.868300000000005,-12.222299999999997,24.57899999999998
GYLLAFLLGLLLGTL,1.4301378369143287,0.0730347103822432,WT,LLLGYLLAFLLILLLGTLILI,clash,AAAGYLLAFLLGLLLGTLAAA_2,1.1001100110011e+17,1.0,-70.5395,-73.2859,-58.7749,-221.862,-222.571,-248.306,-299.593,4074.0,3164.25,3274.28,-30.3045,130.989,-37.4956,127.253,7.48807,-52.0246,56.0459,-38.8096,6.46873,1.86988,1.21056,-6.61901,-61.4169,47.8691,-36.8365,-308.35,7.2814,2.17486,1.3929,2.0,AAAGYLLAFLLGLLLGTLAAA,1.4301378369143287,0.0730347103822432,D,5791140000000.0,-44.983670000000004,-11.764600000000002,26.444000000000017
SYLLGVLLGLLLAFL,1.1666361184439686,0.1080208230602264,WT,LLLLYLLGVLLGLLLAFLILI,clash,AAASYLLGVLLGLLLAFLAAA_1,1.1001100110011e+17,1.0,-70.3378,-70.5728,-44.9196,-224.584,-223.941,-259.492,-326.727,4083.58,3342.29,3290.26,-30.0696,-29.4763,-61.8747,-61.6899,-22.3156,-84.7943,41.2658,-44.0244,6.43134,4.79002,3.90901,-27.4606,-85.9497,42.6517,-45.0,-354.14,6.5506,5.15043,4.2902,1.0,AAASYLLGVLLGLLLAFLAAA,,,,,-39.5591,-25.4182,34.908000000000015
TYLLLILLGALLGWL,0.7874443352998194,0.0989089330645731,WT,LLLTYLLLILLGALLIWLILI,clash,AAATYLLLILLGALLGWLAAA_1,1.1001100110011e+17,1.0,-57.2003,-57.278,-44.9394,-229.617,-228.878,-253.985,1715.23,4172.16,3243.09,3342.56,-29.8693,-23.8854,1972.18,1977.5,2014.15,-58.8633,48.7669,-37.5525,6.66005,1.91303,1.14453,-22.4258,-53.2783,54.8563,-43.0796,1692.71,6.5679,1.89735,1.2202,1.0,AAATYLLLILLGALLGWLAAA,0.7874443352998194,0.0989089330645731,D,23828200000000.0,-41.97000000000003,-12.2609,24.368000000000023
YLLLGILLGTLLAFL,0.8056254877386986,0.0613287522340453,WT,LLLYLLLGILLITLLAFLILI,clash,AAAYLLLGILLGTLLAFLAAA_2,1.1001100110011e+17,1.0,-66.8991,-66.9927,-58.6898,-218.237,-218.189,-243.807,-209.776,4208.61,3576.17,3335.21,-29.4249,-29.3528,45.9355,46.0526,92.7204,-73.454,50.2459,-43.8028,6.60167,4.3013,3.55499,-29.0484,-72.9898,49.7856,-44.4885,-238.793,6.6061,4.16952,3.4163,2.0,AAAYLLLGILLGTLLAFLAAA,0.8056254877386986,0.0613287522340453,D,-68.84605377,-46.7849,-8.209300000000006,25.569999999999993
TFLLGVLLGILLGLL,1.2087837226393947,0.1009068166761146,WT,LLLTFLLGVLLIILLGLLILI,clash,AAATFLLGVLLGILLGLLAAA_2,1.1001100110011e+17,1.0,-56.6842,-56.1711,-44.9604,-218.742,-218.648,-245.547,-323.894,4090.01,3205.61,3289.05,-29.3723,-23.8774,-77.8403,-72.9532,-33.3866,-88.3884,39.0493,-39.6675,6.94749,5.02991,4.11565,-18.1327,-91.396,35.576,-35.8075,-341.968,7.4513,5.01216,4.0458,2.0,AAATFLLGVLLGILLGLLAAA,1.2087837226393947,0.1009068166761146,D,7984050000000.0,-44.4537,-11.723799999999997,26.805000000000007
YTLLAILLGLLLGFL,0.3444652220093118,0.0126595715012105,WT,LLLYTLLAILLGLLLLFLILI,clash,AAAYTLLAILLGLLLGFLAAA_0,1.1001100110011e+17,1.0,-71.0123,-65.6041,-44.9683,-222.375,-220.711,-254.642,-317.846,4177.37,3612.31,3372.2,-29.3715,-16.2255,-53.8302,-47.7559,-18.2353,-62.4982,42.3444,-44.2891,6.4596,1.59121,0.726379,-14.856,-69.661,38.6284,-44.2206,-334.071,7.0132,2.16398,1.24341,0.0,AAAYTLLAILLGLLLGFLAAA,0.3444652220093118,0.0126595715012105,D,-99.99957951,-35.594899999999996,-26.043999999999997,32.266999999999996
TFLLGILLGVLLGLL,1.3001519065966782,0.0456326256572979,WT,LLLTFLLGILLLVLLGLLILI,clash,AAATFLLGILLGVLLGLLAAA_1,1.1001100110011e+17,1.0,-56.6436,-55.805,-44.9305,-218.215,-218.759,-245.466,-316.727,4093.39,3187.96,3279.44,-29.2511,-27.2344,-71.1199,-69.3984,-26.3308,-88.6073,41.9042,-38.0851,6.6709,5.44816,4.57672,-25.793,-92.5815,39.7325,-40.3169,-343.063,6.7382,5.75111,4.8471,1.0,AAATFLLGILLGVLLGLLAAA,1.3001519065966782,0.0456326256572979,D,9010760000000.0,-44.789100000000005,-11.713099999999997,27.251000000000005
YFLLALLLGTLLGVL,0.4472913337761701,0.0321366142038827,WT,LLLYFLLALLLITLLGVLILI,clash,AAAYFLLALLLGTLLGVLAAA_1,1.1001100110011e+17,1.0,-67.8357,-60.5393,-58.6969,-221.877,-226.214,-244.158,-286.263,4244.85,3322.24,3330.32,-29.1065,-20.3599,-25.6571,-19.8692,16.5914,-56.5725,48.3357,-37.5133,6.89536,1.51119,0.736226,-20.0265,-61.4169,47.8691,-36.8365,-306.357,7.2814,2.17486,1.3929,1.0,AAAYFLLALLLGTLLGVLAAA,0.4472913337761701,0.0321366142038827,D,3.080223639,-42.2485,-9.138800000000003,22.280999999999977
WTLLALLLGILLGFL,0.2763968636442276,0.0121398569937249,WT,LLLWTLLALLLGILLLFLILI,clash,AAAWTLLALLLGILLGFLAAA_1,1.1001100110011e+17,1.0,-69.5244,-65.7108,-44.9318,-225.425,-223.58,-255.984,-157.287,4220.06,3317.0,3390.86,-29.0077,-10.3663,108.654,121.637,143.629,-57.5141,40.6293,-42.8705,5.77544,0.612071,-0.278489,-11.2658,-59.7943,45.2097,-45.0,-170.551,6.5,1.57245,0.750595,1.0,AAAWTLLALLLGILLGFLAAA,0.2763968636442276,0.0121398569937249,D,139.7581718,-34.974999999999994,-24.592599999999997,30.558999999999997
TLLLGLLLGYLLAFL,1.4537274992612903,0.0788504629998289,WT,LLLTLLLGLLLIYLLAFLILI,clash,AAATLLLGLLLGYLLAFLAAA_1,1.1001100110011e+17,1.0,-57.6614,-53.7747,-44.9618,-224.021,-223.857,-248.421,-318.531,4146.88,3334.93,3319.3,-28.9469,-22.927,-65.7952,-63.826,-25.148,-90.5133,46.4196,-39.7546,6.98375,6.34364,5.53993,-22.3931,-93.4365,38.3915,-39.9749,-340.858,7.3305,5.69833,4.7742,1.0,AAATLLLGLLLGYLLAFLAAA,1.4537274992612903,0.0788504629998289,D,10990600000000.0,-40.6472,-12.699600000000004,24.400000000000006
YLLLAVLLGTLLGFL,0.3026757861969041,0.0167359508917718,WT,LLLYLLLAVLLITLLGFLILI,clash,AAAYLLLAVLLGTLLGFLAAA_0,1.1001100110011e+17,1.0,-67.1,-65.1029,-58.7302,-223.245,-221.591,-241.824,-310.274,4199.66,3501.33,3550.76,-28.8653,-17.2796,-48.7938,-40.8597,-9.71974,-65.1085,48.4165,-34.2681,6.18826,2.80251,2.02876,-17.1144,-63.4679,45.7061,-41.9956,-327.553,6.5,2.19051,1.3761,0.0,AAAYLLLAVLLGTLLGFLAAA,0.3026757861969041,0.0167359508917718,D,194.1785561,-39.074059999999996,-8.36979999999999,18.579000000000008
TLLLGLLLGVLLAIL,1.3483034703295285,0.0726844866228854,WT,LLLTLLLILLLGVLLAILILI,clash,AAATLLLGLLLGVLLAILAAA_2,1.1001100110011e+17,1.0,-58.3428,-52.141,-44.9259,-219.043,-219.678,-243.144,-343.288,4078.62,3235.17,3288.12,-28.8452,-15.248,-94.7481,-86.7177,-55.2184,-89.9117,45.6993,-41.0345,6.51505,6.15616,5.34164,-18.1452,-95.5773,36.118,-40.2012,-361.268,6.9567,5.71253,4.7543,2.0,AAATLLLGLLLGVLLAILAAA,1.3483034703295285,0.0726844866228854,D,16020500000000.0,-39.52969999999999,-13.416899999999998,24.101
WTLLGILLGLLLGFL,0.8269468137802736,0.0548523100856366,WT,LLLWTLLGILLLLLLGFLILI,clash,AAAWTLLGILLGLLLGFLAAA_0,1.1001100110011e+17,1.0,-68.7329,-66.5297,-44.9483,-219.226,-220.718,-254.797,-307.93,4152.04,3397.45,3300.15,-28.8125,-28.1936,-48.7836,-48.8754,-8.18437,-64.0756,50.615,-44.503,6.48876,2.94436,2.20358,-26.8755,-69.6978,38.4736,-44.8571,-336.123,6.5368,2.1486,1.2257,0.0,AAAWTLLGILLGLLLGFLAAA,0.8269468137802736,0.0548523100856366,D,-39.08325114,-40.59923,-23.784599999999998,35.571
YFLLAVLLGLLLGTL,0.4005096507463491,0.026259088850028,WT,LLLYALLAVLLGLLLGTLILI,void,AAAYFLLAVLLGLLLGTLAAA_0,1.1001100110011e+17,1.0,-67.7337,-64.84,-58.6875,-221.742,-221.182,-243.836,-303.366,4242.51,3378.16,3495.89,-28.7476,-20.1533,-42.6386,-37.4978,-0.843309,-74.7264,28.682,-34.0052,6.50247,1.58103,0.511263,-19.7262,-69.0276,38.4457,-43.5682,-323.52,6.8046,2.04431,1.121,0.0,AAAYFLLAVLLGLLLGTLAAA,0.4005096507463491,0.026259088850028,D,-42.21300193,-41.795291,-9.046199999999999,22.094000000000023
AYLLGLLLGVLLGTL,1.1852386373432675,0.1354666686912042,WT,LLLAYLLGLLLIVLLGTLILI,clash,AAAAYLLGLLLGVLLGTLAAA_1,1.1001100110011e+17,1.0,-76.737,-74.4617,-58.7113,-215.289,-214.562,-244.322,-326.244,4001.82,3130.9,3140.63,-28.6786,-19.7707,-62.8966,-56.9912,-23.2104,-79.5341,44.4168,-35.3634,6.99399,4.42639,3.59264,-24.8793,-78.1031,43.7429,-35.0,-351.448,7.2077,4.12076,3.2769,1.0,AAAAYLLGLLLGVLLGTLAAA,1.0968178347815272,0.0806204452376979,D,15061.79735,-39.6862,-18.025699999999993,29.033000000000015
AYLLGVLLGTLLGLL,1.1290161096272655,0.057787951169271,WT,LLLAYLLGVLLITLLGLLILI,clash,AAAAYLLGVLLGTLLGLLAAA_0,1.1001100110011e+17,1.0,-74.4722,-71.2205,-58.7364,-215.206,-214.23,-242.998,-324.176,4016.66,3148.76,3250.2,-28.5127,-22.2087,-63.01,-60.9337,-22.4407,-80.4919,48.3686,-34.8463,7.04502,5.10354,4.32907,-21.4276,-78.2582,48.5511,-37.611,-346.384,7.3268,4.79313,4.0214,0.0,AAAAYLLGVLLGTLLGLLAAA,1.1290161096272655,0.057787951169271,D,2645.969905,-40.5693,-15.735799999999998,27.792
YLLLGILLGVLLATL,1.8361042309662416,0.2325375573431028,WT,LLLYLLLGILLGVLLLTLILI,clash,AAAYLLLGILLGVLLATLAAA_2,1.1001100110011e+17,1.0,-66.0107,-66.6812,-58.7788,-219.176,-215.887,-241.486,-232.5,4166.33,3381.37,3311.38,-28.3924,-27.1587,24.2947,22.9099,67.7653,-78.0548,51.7225,-42.5148,6.58148,5.19076,4.46659,-27.1875,-72.9898,49.7856,-44.4885,-259.457,6.6061,4.16952,3.4163,2.0,AAAYLLLGILLGVLLATLAAA,1.8361042309662416,0.2325375573431028,D,99999900.0,-43.4706,-7.231900000000003,22.310000000000002
AYLLGVLLGFLLGLL,1.3268326504243126,0.0711680576643991,WT,LLLAYLLGVLLLFLLGLLILI,clash,AAAAYLLGVLLGFLLGLLAAA_2,1.1001100110011e+17,1.0,-57.9059,-58.3063,-44.8823,-216.323,-216.408,-244.842,-304.23,4085.46,3251.16,3287.09,-28.1622,-27.8944,-58.164,-57.4105,-14.5061,-81.9436,46.7286,-36.4581,7.22794,5.09991,4.30084,-24.9378,-79.0932,48.1108,-39.972,-330.168,7.1758,4.85894,4.0806,2.0,AAAAYLLGVLLGFLLGLLAAA,1.3268326504243126,0.0711680576643991,D,779.5822359,-43.6579,-13.023600000000002,28.519000000000005
ALLLGLLLGTLLAFL,1.061154468469134,0.0507686356011178,WT,LLLALLLGLLLITLLAFLILI,clash,AAAALLLGLLLGTLLAFLAAA_2,1.1001100110011e+17,1.0,-72.5761,-70.1113,-58.6918,-214.219,-214.661,-235.853,-328.03,4020.67,3349.85,3210.7,-27.9861,-24.624,-69.2203,-67.8814,-33.4846,-80.6555,56.4256,-38.2769,6.59495,6.21578,5.56216,-24.8633,-77.6236,58.3724,-37.459,-352.79,6.7222,6.02381,5.3994,2.0,AAAALLLGLLLGTLLAFLAAA,1.061154468469134,0.0507686356011178,D,-82.94999095,-35.735699999999994,-13.884299999999996,21.634000000000015
AFLLGVLLGILLGLL,1.252161977303423,0.0950392325713131,WT,LLLAFLLGVLLLILLGLLILI,clash,AAAAFLLGVLLGILLGLLAAA_2,1.1001100110011e+17,1.0,-55.6813,-53.913,-44.9468,-213.241,-212.29,-236.58,-292.619,4064.57,3210.0,3360.44,-27.9189,-19.0244,-51.6157,-45.4408,-11.0922,-75.6653,41.461,-38.0189,6.73971,3.44704,2.56896,-17.7831,-69.6978,38.4736,-44.8571,-311.218,6.5368,2.1486,1.2257,2.0,AAAAFLLGVLLGILLGLLAAA,1.252161977303423,0.0950392325713131,D,-73.16900562,-40.5235,-10.734499999999997,23.339
ALLLGILLGVLLGTL,1.005105960131871,0.0728831631537747,WT,LLLALLLGILLIVLLGTLILI,clash,AAAALLLGILLGVLLGTLAAA_2,1.1001100110011e+17,1.0,-71.4762,-71.0246,-58.7478,-209.677,-210.038,-232.089,-267.122,3979.79,3214.76,3250.12,-27.3244,-27.047,-13.2923,-13.1056,23.7154,-86.8209,34.2128,-40.2635,6.81701,4.14186,3.15505,-25.6424,-86.55,35.742,-43.5248,-293.0,6.8226,4.30767,3.3438,2.0,AAAALLLGILLGVLLGTLAAA,1.005105960131871,0.0728831631537747,D,-81.95133606,-37.0077,-12.728400000000008,22.412000000000006
YLLLAILLGTLLTFL,0.2244417885505992,0.0213865157539194,WT,LLLYLLLLILLGTLLTFLILI,clash,AAAYLLLAILLGTLLTFLAAA_0,1.1001100110011e+17,1.0,-70.4675,-71.1609,-59.5353,-232.864,-229.472,-247.694,8428.43,4322.92,3604.66,3580.56,-27.1066,-13.6176,8704.66,8715.45,8735.66,-61.4976,59.4627,-42.3467,6.52867,3.7521,3.14404,-14.2634,-62.8637,50.8317,-39.7383,8414.81,6.5162,2.79183,2.05431,0.0,AAAYLLLAILLGTLLTFLAAA,0.2244417885505992,0.0213865157539194,D,-31.21740193,-31.0,-10.932200000000002,14.829999999999984
FYLLGVLLGLLLATL,1.364390385322507,0.1933278512475125,WT,LLLFYLLGVLLLLLLATLILI,clash,AAAFYLLGVLLGLLLATLAAA_2,1.1001100110011e+17,1.0,-69.4801,-70.3708,-58.7635,-216.683,-216.213,-241.457,-310.785,4181.16,3296.01,3310.91,-27.0597,-13.1645,-51.6819,-37.3661,-10.5648,-72.5789,47.5259,-42.2127,7.03409,3.80283,3.01572,-15.0338,-71.1945,47.5262,-42.4033,-332.37,7.5,3.59521,2.8081,2.0,AAAFYLLGVLLGLLLATLAAA,1.364390385322507,0.1933278512475125,D,-0.634372673,-41.1171,-10.716599999999993,24.774
TYLLLVLLGALLGIL,1.1737005096494244,0.054559547545787,WT,LLLTYLLLVLLGALLLILILI,clash,AAATYLLLVLLGALLGILAAA_0,1.1001100110011e+17,1.0,-58.0398,-56.4496,-44.9538,-223.918,-222.919,-247.422,-296.921,4100.03,3246.19,3355.03,-26.7464,-21.3534,-41.7095,-38.9053,-4.54488,-52.1577,45.0002,-40.7912,6.80794,0.398687,-0.42631,-21.1548,-49.164,51.236,-45.0,-318.274,6.7411,0.79146,0.06,0.0,AAATYLLLVLLGALLGILAAA,1.1737005096494244,0.054559547545787,D,18543400000000.0,-37.16462,-13.085999999999999,23.50399999999999
FYLLLILLGALLGTL,0.7833123943923568,0.0285466229624198,WT,LLLFYLLLILLGALLITLILI,clash,AAAFYLLLILLGALLGTLAAA_0,1.1001100110011e+17,1.0,-70.9451,-67.7727,-58.7671,-222.145,-219.745,-245.175,-311.269,4201.22,3260.09,3374.29,-26.7377,-17.6877,-44.9174,-41.4392,-7.32777,-57.1721,49.172,-41.392,7.05913,1.71404,0.951623,-17.8323,-49.5159,54.1454,-43.9016,-328.957,7.2719,1.23702,0.549202,0.0,AAAFYLLLILLGALLGTLAAA,0.7833123943923568,0.0285466229624198,D,99999900.0,-37.58963,-12.177999999999997,23.03
AYLLGLLLGFLLGTL,1.089890235456125,0.0699094236471101,WT,LLLAYLLGLLLIFLLGTLILI,clash,AAAAYLLGLLLGFLLGTLAAA_0,1.1001100110011e+17,1.0,-76.7098,-70.3421,-58.7779,-216.949,-216.588,-244.699,-313.153,4049.09,3135.91,3206.88,-26.3491,-23.3072,-45.8435,-49.5303,-9.67588,-88.7759,41.6474,-31.8939,7.07046,5.43878,4.56349,-24.435,-85.1121,47.6719,-35.0,-336.46,7.4675,5.70252,4.9176,0.0,AAAAYLLGLLLGFLLGTLAAA,1.089890235456125,0.0699094236471101,D,2804.302636,-36.16762,-17.9319,27.75
AYLLAVLLGLLLGFL,0.9436549163309824,0.0824913157617155,WT,LLLAYLLAVLLILLLGFLILI,clash,AAAAYLLAVLLGLLLGFLAAA_1,1.1001100110011e+17,1.0,-56.3943,-55.614,-44.976,-217.314,-217.493,-244.611,-307.795,4084.32,3259.89,3266.38,-26.0183,-15.5976,-60.1055,-50.2858,-18.208,-58.4856,46.5506,-41.4556,6.03669,1.55716,0.755424,-8.37894,-67.1512,40.0821,-37.8379,-317.289,6.769,1.98377,1.085,1.0,AAAAYLLAVLLGLLLGFLAAA,0.9436549163309824,0.0824913157617155,D,9227130000000.0,-41.8975,-11.418300000000002,27.296999999999997
AYLLALLLGFLLGTL,0.9512353124132692,0.061799073427144,WT,LLLAYLLALLLIFLLGTLILI,clash,AAAAYLLALLLGFLLGTLAAA_0,1.1001100110011e+17,1.0,-68.272,-63.2911,-58.766,-218.944,-218.891,-243.917,-313.72,4074.22,3211.72,3237.51,-25.9533,-12.6756,-52.4577,-44.2135,-11.0371,-85.9733,28.3288,-34.6736,6.91193,3.2204,2.14533,-8.38839,-79.3058,42.8749,-36.1623,-326.396,7.5,4.18398,3.3271,0.0,AAAAYLLALLLGFLLGTLAAA,0.9512353124132692,0.061799073427144,D,-58.24202822,-41.4206,-9.506000000000007,24.973000000000013
YVLLGLLLGTLLAFL,0.3590691353487683,0.0256438752433217,WT,LLLYVLLGLLLITLLAFLILI,clash,AAAYVLLGLLLGTLLAFLAAA_1,1.1001100110011e+17,1.0,-69.9938,-69.2294,-58.6969,-219.827,-218.351,-243.395,-281.35,4188.51,3476.32,3342.46,-25.6408,-23.2533,-17.17,-17.023,20.7417,-68.3864,52.2271,-38.572,7.11286,3.80861,3.09201,-25.1369,-67.743,51.6604,-38.5819,-305.437,7.1139,3.6356,2.91051,1.0,AAAYVLLGLLLGTLLAFLAAA,0.3590691353487683,0.0256438752433217,D,-44.1442606,-37.9117,-11.296899999999994,23.568000000000012
YALLALLLGTLLGFL,0.141748853778179,0.0104155531851795,WT,LLLYALLAALLGTLLGFLILI,void,AAAYALLALLLGTLLGFLAAA_0,1.1001100110011e+17,1.0,-68.9578,-63.1759,-58.7298,-220.422,-219.889,-247.943,-319.551,4128.73,3262.07,3507.25,-25.6311,-3.23954,-55.8025,-39.7259,-12.8781,-62.421,52.9329,-28.8778,6.40297,3.00909,2.30308,-2.39569,-63.0279,55.5114,-39.6932,-322.79,7.1542,3.44823,2.7809,0.0,AAAYALLALLLGTLLGFLAAA,0.1087706962080827,0.0048863103946972,D,-34.12787555,-42.924400000000006,-10.228000000000009,27.521000000000015
YTLLALLLGVLLAFL,0.4276472401490265,0.0384324292668698,WT,LLLYTLLALLLGVLLLFLILI,clash,AAAYTLLALLLGVLLAFLAAA_2,1.1001100110011e+17,1.0,-71.2369,-71.0422,-44.946,-219.897,-219.784,-256.873,1230.15,4274.63,3648.0,3436.62,-25.5389,-24.987,1495.74,1495.99,1531.97,-71.9282,36.2075,-42.8623,7.24862,2.17725,1.22036,-22.4381,-73.4033,37.0707,-43.7568,1207.3,7.4419,2.51504,1.5711,2.0,AAAYTLLALLLGVLLAFLAAA,0.4276472401490265,0.0384324292668698,D,-74.00361539,-36.23000000000002,-26.290900000000008,36.976
YTLLAVLLGLLLGFL,0.4489542444304611,0.03276890348104,WT,LLLYTLLAVLLILLLGFLILI,clash,AAAYTLLAVLLGLLLGFLAAA_2,1.1001100110011e+17,1.0,-71.1398,-71.1062,-44.9531,-219.501,-218.703,-255.121,-305.563,4205.94,3470.06,3362.72,-25.2719,-24.1957,-40.1942,-39.9493,-5.48912,-57.8603,42.0572,-40.8807,6.76447,0.856772,-0.0123706,-21.7843,-60.0061,44.1752,-42.0349,-327.181,6.9704,1.46457,0.627198,2.0,AAAYTLLAVLLGLLLGFLAAA,0.4489542444304611,0.03276890348104,D,19.36543146,-34.70508,-26.186699999999995,35.620000000000005
TFLLGLLLGVLLAIL,1.383684167315543,0.0580210763023379,WT,LLLTFLLGLLLLVLLAILILI,clash,AAATFLLGLLLGVLLAILAAA_0,1.1001100110011e+17,1.0,-55.7793,-52.4404,-44.9175,-220.254,-220.641,-247.048,-325.502,4097.21,3221.04,3283.17,-25.1369,-18.6127,-74.6057,-71.0334,-33.5368,-73.064,53.0061,-41.765,6.80904,4.61542,3.91051,-18.6092,-66.0595,53.2865,-42.9639,-344.115,7.0854,3.6026,2.9019,0.0,AAATFLLGLLLGVLLAILAAA,1.383684167315543,0.0580210763023379,D,4233360000000.0,-41.0689,-10.861800000000002,26.79400000000001
ALLLTVLLGSLLGWL,0.1624709918939625,0.0075929188904273,WT,LLLALLLTVLLGSLLIWLILI,clash,AAAALLLTVLLGSLLGWLAAA_0,1.1001100110011e+17,1.0,-85.3441,-83.6623,-73.9861,-218.442,-216.51,-238.566,60.4787,4096.3,3286.34,3385.55,-25.0366,-20.0665,339.228,340.585,373.03,-49.7566,71.4737,-43.3035,6.9473,3.61244,3.18454,-19.4415,-51.8131,59.6903,-44.8127,40.4122,7.0255,2.33015,1.7255,0.0,AAAALLLTVLLGSLLGWLAAA,0.1624709918939625,0.0075929188904273,D,466.2855618,-33.801999999999964,-11.358000000000004,20.123999999999995
TVLLGILLGLLLAFL,0.8599126541275564,0.0871847032470069,WT,LLLTVLLGILLGLLLIFLILI,clash,AAATVLLGILLGLLLAFLAAA_1,1.1001100110011e+17,1.0,-54.1713,-54.2396,-44.9575,-218.154,-217.984,-243.672,-318.998,4045.48,3328.86,3292.69,-23.9255,-20.7669,-70.5984,-67.5411,-30.3683,-82.9372,38.4502,-42.4745,7.11136,4.13136,3.20811,-23.5982,-82.2405,38.4729,-43.0414,-342.545,7.0713,4.02991,3.107,1.0,AAATVLLGILLGLLLAFLAAA,0.8599126541275564,0.0871847032470069,D,19548600000000.0,-40.23009999999999,-9.213799999999999,25.518
AYLLGLLLGTLLAFL,1.0630096340791195,0.1035133269569015,WT,LLLAYLLGLLLLTLLAFLILI,clash,AAAAYLLGLLLGTLLAFLAAA_2,1.1001100110011e+17,1.0,-73.7867,-70.9992,-58.7534,-219.17,-217.439,-247.319,-257.013,4094.42,3367.55,3235.0,-23.8336,-17.7648,12.1097,13.66,49.0594,-72.6836,53.1598,-38.476,6.64662,4.57911,3.87651,-20.2616,-65.2452,51.3028,-41.1052,-277.707,6.5503,3.21266,2.4822,2.0,AAAAYLLGLLLGTLLAFLAAA,1.0630096340791195,0.1035133269569015,D,5167.771195,-36.94969999999999,-15.033299999999997,28.149
TFLLAILLGLLLGVL,0.981949317613586,0.092282941538145,WT,LLLTFLLAILLGLLLLVLILI,clash,AAATFLLAILLGLLLGVLAAA_1,1.1001100110011e+17,1.0,-53.6589,-52.6551,-44.9455,-220.922,-220.384,-245.485,-321.307,4137.39,3264.66,3347.06,-23.8167,-20.3656,-70.5423,-68.6331,-30.8764,-58.6159,42.3964,-39.0156,6.21311,1.0159,0.151849,-18.8728,-62.6538,43.9976,-40.9419,-340.855,6.5,1.83774,0.997703,1.0,AAATFLLAILLGLLLGVLAAA,0.981949317613586,0.092282941538145,D,99999900.0,-39.66589999999999,-8.7134,24.563000000000017
TYLLAVLLGLLLGFL,1.036853100723823,0.1133910344582492,WT,LLLTYLLAVLLLLLLGFLILI,clash,AAATYLLAVLLGLLLGFLAAA_2,1.1001100110011e+17,1.0,-56.7331,-56.5194,-44.9499,-224.354,-223.005,-252.924,-316.381,4138.04,3314.32,3385.16,-23.2201,-19.1793,-58.5135,-56.0359,-18.5073,-62.088,44.8328,-37.5069,6.18781,1.86563,1.03812,-13.8452,-65.7313,50.1254,-42.5945,-330.392,6.5,3.12662,2.3785,2.0,AAATYLLAVLLGLLLGFLAAA,1.036853100723823,0.1133910344582492,D,18365900000000.0,-40.0062,-11.7832,28.569999999999993
TFLLGVLLGILLALL,1.2049509409614865,0.1676870404997541,WT,LLLTFLLIVLLGILLALLILI,clash,AAATFLLGVLLGILLALLAAA_1,1.1001100110011e+17,1.0,-55.1186,-53.7121,-44.9586,-219.927,-219.995,-246.673,-318.309,4110.52,3231.29,3309.59,-22.8336,-20.9244,-66.0975,-65.527,-26.6777,-81.967,49.4607,-42.9703,6.6471,5.47225,4.71416,-20.1828,-75.7962,48.9371,-45.0,-339.752,6.6475,4.47594,3.71,1.0,AAATFLLGVLLGILLALLAAA,,,,,-39.419799999999995,-10.160000000000004,26.74600000000001
LFLLGVLLGILLATL,1.6629975662096497,0.1438256608367001,WT,LLLLFLLGVLLLILLATLILI,clash,AAALFLLGVLLGILLATLAAA_0,1.1001100110011e+17,1.0,-68.7482,-68.6783,-58.7587,-210.524,-209.473,-238.559,-329.473,4078.49,3204.46,3247.49,-22.3004,-19.5553,-72.5017,-70.8767,-32.1554,-75.7612,49.0207,-44.6812,6.62692,4.48198,3.71729,-20.1961,-76.1397,46.3109,-45.0,-349.028,6.7451,4.17293,3.36759,0.0,AAALFLLGVLLGILLATLAAA,1.6629975662096497,0.1438256608367001,D,99999900.0,-40.3463,-9.9895,28.034999999999997
YTLLGVLLGLLLGFL,1.2809080126435863,0.0817275779363945,WT,LLLYTLLGVLLLLLLGFLILI,clash,AAAYTLLGVLLGLLLGFLAAA_2,1.1001100110011e+17,1.0,-71.2799,-64.6781,-44.9603,-218.108,-217.139,-256.321,-304.671,4165.62,3571.83,3371.54,-22.2744,-0.0287933,-37.5574,-22.8829,-3.38969,-69.3837,38.6435,-47.5072,6.08686,2.12443,1.20408,-9.78884,-73.0429,33.6524,-45.0,-315.079,6.7424,1.99951,1.0043,2.0,AAAYTLLGVLLGLLLGFLAAA,1.2809080126435863,0.0817275779363945,D,99999900.0,-34.16771,-26.3196,38.21300000000002
TYLLAVLLGFLLGLL,1.1698198091329928,0.0948911803987089,WT,LLLTYLLAVLLGFLLILLILI,clash,AAATYLLAVLLGFLLGLLAAA_1,1.1001100110011e+17,1.0,-55.1763,-54.7532,-44.9703,-226.568,-224.809,-252.701,-309.913,4144.57,3250.19,3367.89,-21.9035,-13.7274,-50.0714,-44.0778,-12.2416,-64.329,39.0657,-39.0646,7.00037,1.42322,0.509206,-12.398,-70.8524,42.5823,-40.9781,-322.625,7.4604,2.87647,2.0152,1.0,AAATYLLAVLLGFLLGLLAAA,1.1698198091329928,0.0948911803987089,D,15177300000000.0,-37.8298,-10.205999999999996,26.13299999999998
AVLLGFLLGILLSLL,1.8706206235983664,0.2212092241591279,WT,LLLAVLLGFLLIILLSLLILI,clash,AAAAVLLGFLLGILLSLLAAA_1,1.1001100110011e+17,1.0,-73.3676,-60.8184,-60.4933,-214.569,-214.296,-238.326,-330.954,4063.45,3237.75,3340.89,-21.8688,-3.4707,-64.8853,-59.31,-32.1341,-84.6807,53.6976,-41.3781,6.78331,6.45128,5.75675,-7.90752,-78.8188,59.0852,-37.4413,-339.344,7.5,6.29932,5.6856,1.0,AAAAVLLGFLLGILLSLLAAA,1.8706206235983664,0.2212092241591279,D,24030700000000.0,-32.751200000000004,-12.874299999999998,23.757000000000005
AYLLGFLLGTLLGLL,1.2671629685565935,0.0886372134177667,WT,LLLAYLLGFLLITLLGLLILI,clash,AAAAYLLGFLLGTLLGLLAAA_1,1.1001100110011e+17,1.0,-71.1382,-72.8898,-58.6623,-220.723,-214.358,-247.106,-295.011,4114.67,3238.09,3340.9,-20.9455,5656.49,-24.0955,5648.72,10.7576,-91.1956,34.0441,-31.7795,7.01635,4.7753,3.78596,-4.20982,-91.134,25.7473,-37.6199,-300.817,7.3707,3.64599,2.5322,1.0,AAAAYLLGFLLGTLLGLLAAA,1.2671629685565935,0.0886372134177667,D,14499.04515,-34.8531,-12.475899999999996,26.38299999999998
TYLLGVLLGLLLAFL,0.9413154802075614,0.0657193763401845,WT,LLLTYLLGVLLILLLAFLILI,clash,AAATYLLGVLLGLLLAFLAAA_1,1.1001100110011e+17,1.0,-54.1548,-54.2479,-44.9607,-222.141,-222.26,-254.069,-312.722,4122.6,3341.27,3290.96,-20.038,-18.2725,-56.4635,-54.4863,-13.6925,-82.3564,40.32,-46.1145,6.75791,4.29666,3.40146,-17.1837,-80.0044,42.005,-45.0,-331.07,7.041,4.17133,3.3014,1.0,AAATYLLGVLLGLLLAFLAAA,0.9413154802075614,0.0657193763401845,D,5174520000000.0,-42.771,-9.194099999999999,31.927999999999997
AYLLGVLLGLLLAFL,1.2288422448337162,0.0489397604268231,WT,LLLAYLLGVLLILLLAFLILI,clash,AAAAYLLGVLLGLLLAFLAAA_0,1.1001100110011e+17,1.0,-58.2237,-55.6049,-44.9549,-216.161,-216.307,-245.385,-311.339,4070.86,3340.15,3269.27,-19.5811,-16.2119,-56.5349,-55.6391,-20.9988,-89.0206,48.7648,-38.6156,6.8628,6.43633,5.6678,-15.5396,-91.43,48.2927,-36.5962,-327.551,7.0472,6.73401,5.9584,0.0,AAAAYLLGVLLGLLLAFLAAA,1.2288422448337162,0.0489397604268231,D,50.34365446,-35.536100000000005,-13.268799999999999,29.22399999999999
YFLLAVLLGLLLATL,0.4748913449417368,0.0246863464590979,WT,LLLYFLLAVLLLLLLATLILI,clash,AAAYFLLAVLLGLLLATLAAA_0,1.1001100110011e+17,1.0,-63.2568,-64.0858,-58.7667,-228.362,-223.029,-245.052,-178.409,4272.13,3496.56,3493.13,-19.131,-15.6378,94.0782,93.0673,125.409,-77.3792,42.6061,-38.1806,7.56152,3.8587,2.99779,-14.6189,-72.8036,36.557,-39.8637,-194.047,7.5,2.35574,1.4041,0.0,AAAYFLLAVLLGLLLATLAAA,0.4748913449417368,0.0246863464590979,D,-61.61287067,-31.33080000000001,-4.490099999999998,16.689999999999998
YLLLGFLLGVLLTIL,1.2986107695981584,0.0606360143400415,WT,LLLYLLLLFLLGVLLTILILI,clash,AAAYLLLGFLLGVLLTILAAA_2,1.1001100110011e+17,1.0,-59.3011,-59.6209,-58.809,-225.731,-222.353,-246.718,-312.367,4286.71,3272.36,3351.17,-18.9603,-13.1507,-46.2951,-43.543,-6.8401,-107.562,10.8592,-36.0537,7.5475,4.10025,2.76313,-9.70312,-114.11,1.96074,-45.0,-323.095,7.3237,3.8812,2.41061,2.0,AAAYLLLGFLLGVLLTILAAA,1.2986107695981584,0.0606360143400415,D,18249500000000.0,-39.455,-0.49210000000000065,20.986999999999995
STLLGALLGLLLAFL,1.1651294166142168,0.0681697618850678,WT,LLLSTLLGALLGLLLLFLILI,clash,AAASTLLGALLGLLLAFLAAA_1,1.1001100110011e+17,1.0,-72.1323,-70.616,-44.8879,-219.093,-217.66,-258.44,-337.873,3977.03,3339.14,3271.32,-18.9375,-15.4665,-65.5854,-65.0639,-34.5451,-72.7687,61.4127,-36.1461,6.53882,5.70602,5.12721,-15.7678,-71.6284,64.037,-35.4755,-353.572,6.7328,5.88925,5.3498,1.0,AAASTLLGALLGLLLAFLAAA,1.1651294166142168,0.0681697618850678,D,22182200000000.0,-31.04030000000001,-27.2444,39.34700000000001
AVLLYLLLGTLLAFL,0.5029918295331803,0.0488260253600564,WT,LLLAVLLYLLLGTLLLFLILI,clash,AAAAVLLYLLLGTLLAFLAAA_2,1.1001100110011e+17,1.0,-65.7592,-64.02,-58.7561,-219.549,-219.146,-243.344,-157.468,4200.04,3448.3,3430.77,-18.7299,-8.54824,109.11,117.15,144.631,-58.4715,43.1941,-41.0974,6.62239,1.10192,0.249835,-11.3402,-61.1757,39.6677,-44.951,-170.779,6.6522,1.03149,0.126505,2.0,AAAAVLLYLLLGTLLAFLAAA,0.5029918295331803,0.0488260253600564,D,24030700000000.0,-35.521,-7.003100000000003,23.794999999999987
YGLLFLLLGVLLATL,0.5877934555108977,0.0431339930023951,WT,LLLYGLLFLLLGVLLITLILI,clash,AAAYGLLFLLLGVLLATLAAA_2,1.1001100110011e+17,1.0,-65.9103,-65.9016,-58.8196,-225.132,-224.941,-248.178,-310.638,4138.1,3455.46,3462.14,-18.4936,-14.6002,-38.0894,-34.3954,-3.63973,-66.8905,58.8271,-36.0184,7.33995,4.47523,3.85764,-16.377,-66.6192,56.7481,-39.0395,-326.434,7.5,4.15388,3.5051,2.0,AAAYGLLFLLLGVLLATLAAA,0.5877934555108977,0.0431339930023951,D,-24.86464659,-34.44967,-7.090700000000005,23.045999999999992
TALLAFLLGILLGLL,1.0809050430553917,0.0785076220104479,WT,LLLTALLAFLLGILLLLLILI,clash,AAATALLAFLLGILLGLLAAA_2,1.1001100110011e+17,1.0,-53.1028,-52.6917,-44.9899,-220.767,-220.902,-246.651,-322.812,4035.76,3124.16,3265.63,-17.8131,-15.8241,-66.7555,-65.0431,-31.1716,-74.4542,52.4518,-32.5924,7.28875,4.74911,4.03589,-11.8932,-77.6262,50.1878,-35.0,-335.722,7.3742,4.91928,4.1721,2.0,AAATALLAFLLGILLGLLAAA,1.0809050430553917,0.0785076220104479,D,-92.174543,-35.5839,-8.112900000000003,25.884000000000015
YLLLAVLLGFLLATL,1.1482982052592865,0.1153006107618864,WT,LLLYLLLAVLLIFLLATLILI,clash,AAAYLLLAVLLGFLLATLAAA_2,1.1001100110011e+17,1.0,-63.383,-64.3352,-58.7343,-223.091,-223.192,-243.038,-290.58,4280.96,3545.38,3526.34,-17.7552,4.39177,-21.861,1.33877,11.1928,-63.0012,44.3333,-39.3537,7.04317,1.93517,1.10017,-17.007,-63.0129,43.6304,-40.5932,-307.492,7.074,1.84204,0.996496,2.0,AAAYLLLAVLLGFLLATLAAA,1.1482982052592865,0.1153006107618864,D,26215300000000.0,-33.0538,-4.648700000000005,19.947000000000003
TYLLVLLLGALLSFL,0.8211360182621699,0.0580951900753589,WT,LLLTYLLVLLLGALLLFLILI,clash,AAATYLLVLLLGALLSFLAAA_1,1.1001100110011e+17,1.0,-79.825,-76.4876,-60.4043,-226.021,-225.583,-252.89,-327.64,4186.62,3362.0,3356.56,-17.6722,-13.9351,-39.466,-39.5046,-14.3458,-56.1118,52.4044,-41.7692,6.87458,1.99138,1.27744,-9.77126,-53.9192,60.8048,-44.6955,-338.018,7.2319,2.79653,2.2086,1.0,AAATYLLVLLLGALLSFLAAA,0.8211360182621699,0.0580951900753589,D,8898990000000.0,-25.1202,-19.420700000000004,26.869
STLLGALLGILLALL,0.9860150968568296,0.1458108524928692,WT,LLLSTLLGALLIILLALLILI,clash,AAASTLLGALLGILLALLAAA_2,1.1001100110011e+17,1.0,-71.6876,-68.09,-44.9242,-216.54,-216.422,-256.549,-343.206,3946.88,3233.05,3305.06,-16.0241,-9.72549,-71.0026,-68.4196,-41.7325,-70.9361,65.2193,-35.7377,6.52395,5.94502,5.4233,-9.37073,-69.9218,65.1182,-35.5777,-359.91,6.6225,5.77923,5.256,2.0,AAASTLLGALLGILLALLAAA,0.7782528126380182,0.0321667035069264,D,24030700000000.0,-29.2701,-26.763400000000004,40.008999999999986
FLLLGLLLGVLLGTL,0.776613711061653,0.0524359228362912,WT,LLLFLLLGLLLIVLLGTLILI,clash,AAAFLLLGLLLGVLLGTLAAA_1,1.1001100110011e+17,1.0,-67.3764,-67.1821,-58.7224,-211.446,-210.146,-239.631,-321.679,4176.29,3244.88,3325.35,-15.5283,-12.8028,-58.385,-57.1539,-23.3258,-71.3067,39.1795,-41.2769,6.4674,2.48525,1.57294,-12.7158,-69.6978,38.4736,-44.8571,-334.803,6.5368,2.1486,1.2257,1.0,AAAFLLLGLLLGVLLGTLAAA,0.776613711061653,0.0524359228362912,D,-43.26000037,-35.0592,-8.654000000000003,28.185000000000002
YALLALLLGVLLSTL,0.3020782018553339,0.0153840810067263,WT,LLLYALLALLLGVLLITLILI,clash,AAAYALLALLLGVLLSTLAAA_2,1.1001100110011e+17,1.0,-74.7452,-71.8026,-74.1828,-228.214,-222.023,-248.031,-345.785,4093.53,3437.22,3350.99,-13.3775,-9.61176,-56.2037,-61.5712,-23.5715,-77.555,67.2206,-33.3999,7.43267,7.20803,6.71634,-9.52036,-72.2819,58.8241,-37.2216,-355.093,7.0527,5.28354,4.6659,2.0,AAAYALLALLLGVLLSTLAAA,0.3020782018553339,0.0153840810067263,D,-36.93404701,-32.6322,-0.5623999999999967,19.817000000000007
AVLLGILLGLLLTFL,1.0534539840292267,0.067885795362569,WT,LLLAVLLIILLGLLLTFLILI,clash,AAAAVLLGILLGLLLTFLAAA_2,1.1001100110011e+17,1.0,-59.4997,-58.5952,-58.7585,-217.737,-217.45,-237.972,-299.084,4026.26,3289.49,3293.58,-13.1933,-7.83862,-35.0403,-30.8766,-2.35341,-106.62,23.4651,-36.0668,7.30763,5.66081,4.51279,-7.43583,-106.47,21.0167,-38.4019,-308.086,7.4459,5.30775,4.123,2.0,AAAAVLLGILLGLLLTFLAAA,1.0534539840292267,0.067885795362569,D,-67.96768556,-32.686890000000005,-0.7411999999999992,20.235000000000014
YGLLFVLLGLLLATL,0.153865095159994,0.0049758747765355,WT,LLLYGLLFVLLGLLLLTLILI,clash,AAAYGLLFVLLGLLLATLAAA_2,1.1001100110011e+17,1.0,-66.1527,-58.7786,-58.7786,-220.929,-222.608,-248.028,-318.66,4152.35,3498.89,3505.35,-11.6179,0.470921,-43.1963,-36.8032,-11.8542,-64.2229,46.3801,-43.8244,6.42181,2.39476,1.59046,-3.85344,-69.9791,45.3649,-42.8506,-325.992,6.8462,3.12113,2.3016,2.0,AAAYGLLFVLLGLLLATLAAA,0.153865095159994,0.0049758747765355,D,-39.33988448,-31.342100000000002,-7.3740999999999985,27.09899999999999
TVLLGLLLGALLSFL,0.6407038249855166,0.0254557883951026,WT,LLLTVLLGLLLLALLSFLILI,clash,AAATVLLGLLLGALLSFLAAA_2,1.1001100110011e+17,1.0,-67.1453,-64.8474,-60.2903,-216.557,-216.48,-241.889,-332.685,4045.38,3343.17,3357.19,-10.9348,-2.88245,-59.9174,-54.2399,-30.5055,-95.1863,38.1744,-45.3803,6.98145,5.93149,5.00411,-5.02049,-101.046,32.942,-43.0962,-337.826,7.3877,6.10407,5.0982,2.0,AAATVLLGLLLGALLSFLAAA,0.6407038249855166,0.0254557883951026,D,-11.73589203,-29.4119,-6.855000000000004,25.332000000000022
GYLLAALLGTLLFLL,0.4362772567082331,0.0261484461139302,WT,LLLGYLLLALLGTLLFLLILI,clash,AAAGYLLAALLGTLLFLLAAA_0,1.1001100110011e+17,1.0,-67.4482,-68.6074,-58.7134,-220.628,-219.603,-250.188,-314.714,4146.54,3343.17,3442.04,-10.692,-6.87817,-37.33,-33.3816,-5.81214,-61.0745,57.0144,-41.6834,7.00177,3.35813,2.71334,-7.57723,-59.0686,58.4114,-43.8449,-321.592,7.0021,3.24583,2.622,0.0,AAAGYLLAALLGTLLFLLAAA,0.4362772567082331,0.0261484461139302,D,99999900.0,-31.51786,-8.7348,29.560000000000002
VGLLFALLGTLLSYL,0.2328334238234689,0.0178570181753688,WT,LLLVLLLFALLGTLLSYLILI,clash,AAAVGLLFALLGTLLSYLAAA_0,1.1001100110011e+17,1.0,-73.1404,-73.6876,-74.0315,-214.737,-214.404,-242.352,-255.565,4150.48,3303.1,3401.21,-9.28215,-8.06353,23.031,24.4633,60.8183,-58.6623,64.7205,-36.2259,6.71403,4.03662,3.50743,-5.9307,-59.8906,63.2894,-39.6145,-263.628,6.7452,4.02766,3.477,0.0,AAAVGLLFALLGTLLSYLAAA,0.2328334238234689,0.0178570181753688,D,57.47751823,-37.7873,0.8910999999999945,27.61500000000001
AGLLYLLLGTLLSFL,0.2033085431211773,0.0154308799623285,WT,LLLAGLLALLLGTLLSFLILI,void,AAAAGLLYLLLGTLLSFLAAA_1,1.1001100110011e+17,1.0,-80.9577,-80.2235,-74.1235,-221.39,-220.47,-254.894,-342.739,4046.52,3427.28,3350.0,-8.61754,-4.44662,-49.0087,-46.4922,-13.7214,-66.654,57.0394,-42.5045,7.37054,4.19841,3.554,-3.89384,-68.7428,53.6225,-45.0,-347.575,7.3511,4.05046,3.3548,1.0,AAAAGLLYLLLGTLLSFLAAA,,,,,-35.2873,-6.834199999999996,33.50400000000002
FTLLGALLGILLSLL,1.1658903760565602,0.0500914131800005,WT,LLLFTLLGALLIILLSLLILI,clash,AAAFTLLGALLGILLSLLAAA_1,1.1001100110011e+17,1.0,-74.6017,-67.8064,-60.2229,-209.984,-215.318,-244.492,-334.92,4094.41,3317.8,3473.48,-6.37185,1.11952,-56.7057,-50.6762,-30.205,-73.1035,61.9072,-42.8411,6.46654,5.823,5.25161,0.509792,-63.5764,69.369,-39.6453,-333.933,7.1848,5.40127,4.9418,1.0,AAAFTLLGALLGILLSLLAAA,1.1658903760565602,0.0500914131800005,D,99999900.0,-26.500700000000002,-14.378799999999991,34.50799999999998
LALLFALLGILLSTL,0.3043676112335938,0.0200346372599052,WT,LLLLALLFALLIILLSTLILI,clash,AAALALLFALLGILLSTLAAA_0,1.1001100110011e+17,1.0,-73.1722,-79.0527,-74.1345,-217.104,-212.666,-245.646,-332.164,4056.41,3424.81,3458.15,0.799488,5.35477,-41.0881,-35.0904,-12.3832,-53.6495,79.7999,-40.7903,6.95461,5.32042,5.01742,5.48148,-54.9267,67.0486,-40.0719,-326.809,7.1275,3.79057,3.2963,0.0,AAALALLFALLGILLSTLAAA,0.3043676112335938,0.0200346372599052,D,-26.02029331,-28.704899999999995,0.962299999999999,28.541999999999973
GALLALLLGTLLSFL,0.303162975759403,0.0208682164868775,WT,LLLLALLALLLGTLLSFLILI,clash,AAAGALLALLLGTLLSFLAAA_0,1.1001100110011e+17,1.0,-76.8105,-76.2075,-74.0721,-216.428,-215.951,-246.6,-335.493,3945.29,3452.72,3376.1,1.71331,6.21492,-40.5414,-37.1202,-14.8212,-87.866,47.2518,-40.8145,7.41243,6.0589,5.26768,6.00802,-84.1071,54.9836,-41.1247,-329.278,7.4834,6.53885,5.8636,0.0,AAAGALLALLLGTLLSFLAAA,0.258871027277593,0.0129124208145294,D,3675110000000.0,-25.720200000000006,-2.7383999999999986,30.171999999999997
TALLGVLLGLLLSFL,1.084397839252078,0.0379282817467635,WT,LLLTALLGVLLLLLLSFLILI,clash,AAATALLGVLLGLLLSFLAAA_2,1.1001100110011e+17,1.0,-60.3105,-60.3105,-60.3105,-221.201,-220.253,-250.731,-345.625,3988.9,3321.27,3315.65,5.77293,6.23831,-58.3404,-58.8227,-34.5829,-98.9376,20.2877,-31.938,7.63028,4.07948,2.8838,7.61733,-98.0401,23.7539,-36.4478,-337.667,7.5,4.41279,3.2691,2.0,AAATALLGVLLGLLLSFLAAA,1.084397839252078,0.0379282817467635,D,4463650000000.0,-23.7575,0.0,29.53
TALLAFLLGVLLGLL,1.2497732633239524,0.0523765565238724,WT,LLLTALLAFLLGVLLLLLILI,clash,AAATALLAFLLGVLLGLLAAA_2,1.1001100110011e+17,1.0,-54.9191,-54.7413,-44.9303,-219.439,-219.462,-248.016,404087.0,4104.19,3130.84,3259.3,39.8252,60.5139,404401.0,404422.0,404380.0,-56.4002,55.3714,-38.5769,6.24592,2.43517,1.76574,51.717,-63.8279,50.3554,-37.6016,404139.0,6.5149,2.87217,2.1275,2.0,AAATALLAFLLGVLLGLLAAA,1.2497732633239524,0.0523765565238724,D,-88.42696745,21.0,-9.988799999999998,28.576999999999998
SYLLVLLLGALLGFL,0.684683529101159,0.0468621870906627,WT,LLLSALLVLLLGALLGFLILI,void,,,,,,,,,,,,,,,,,,,,,,,,,,,,,,,,,,,,,,,,,
TLLLGILLGFLLSVL,1.2566857843460164,0.0699059769582807,WT,LLLTLLLIILLGFLLSVLILI,clash,,,,,,,,,,,,,,,,,,,,,,,,,,,,,,,,,,,,,,,,,
YFLLALLLGTLLGSL,0.195951634973445,0.0212659160848906,WT,LLLYFLLALLLITLLGSLILI,clash,,,,,,,,,,,,,,,,,,,,,,,,,,,,,,,,,,,,,,,,,
TFLLGVLLGLLLGSL,0.7874575869190911,0.0475434403314314,WT,LLLTFLLGVLLILLLGSLILI,clash,,,,,,,,,,,,,,,,,,,,,,,,,,,,,,,,,,,,,,,,,
SYLLTVLLGILLGLL,0.5819101019889862,0.0789987454691102,WT,LLLSYLLTVLLIILLGLLILI,clash,,,,,,,,,,,,,,,,,,,,,,,,,,,,,,,,,,,,,,,,,
ALLLGLLLGVLLGSL,1.056815721737875,0.0061055835533411,WT,LLLALLLILLLGVLLGSLILI,clash,,,,,,,,,,,,,,,,,,,,,,,,,,,,,,,,,,,,,,,,,
SYLLVLLLGTLLAFL,0.3313925307503161,0.0336753490317738,WT,LLLSYLLVLLLITLLAFLILI,clash,,,,,,,,,,,,,,,,,,,,,,,,,,,,,,,,,,,,,,,,,
SYLLVALLGLLLGFL,0.5188586816045452,0.0465075707619845,WT,LLLSALLVALLGLLLGFLILI,void,,,,,,,,,,,,,,,,,,,,,,,,,,,,,,,,,,,,,,,,,
TALLFLLLGLLLGSL,0.979684844038856,0.0570500397719138,WT,LLLTALLFLLLILLLGSLILI,clash,,,,,,,,,,,,,,,,,,,,,,,,,,,,,,,,,,,,,,,,,
YALLFLLLGTLLGSL,0.1373548650078968,0.0136246607750197,WT,LLLYALLFLLLITLLGSLILI,clash,,,,,,,,,,,,,,,,,,,,,,,,,,,,,,,,,,,,,,,,,
YFLLGVLLGTLLGLL,1.0897941290002755,0.0831149158826513,WT,LLLYFLLGVLLITLLGLLILI,clash,,,,,,,,,,,,,,,,,,,,,,,,,,,,,,,,,,,,,,,,,
TFLLAVLLGILLGLL,0.5492173958769206,0.0298298365955432,WT,LLLTFLLAVLLIILLGLLILI,clash,,,,,,,,,,,,,,,,,,,,,,,,,,,,,,,,,,,,,,,,,
SYLLILLLGTLLAFL,0.3046095343113165,0.0419061776667359,WT,LLLSALLILLLGTLLAFLILI,void,,,,,,,,,,,,,,,,,,,,,,,,,,,,,,,,,,,,,,,,,
AYLLGVLLGLLLGSL,1.0982281528886515,0.1114873570653978,WT,LLLAYLLGVLLILLLGSLILI,clash,,,,,,,,,,,,,,,,,,,,,,,,,,,,,,,,,,,,,,,,,
SYLLGVLLGTLLGFL,0.7404897453847261,0.1039662314728543,WT,LLLSYLLGVLLITLLGFLILI,clash,,,,,,,,,,,,,,,,,,,,,,,,,,,,,,,,,,,,,,,,,
SYLLGVLLGLLLATL,1.1466995614019766,0.0399109300867512,WT,LLLSYLLGVLLILLLATLILI,clash,,,,,,,,,,,,,,,,,,,,,,,,,,,,,,,,,,,,,,,,,
YILLGLLLGTLLAFL,0.2513136757384748,0.0192491731258874,WT,LLLYILLILLLGTLLAFLILI,clash,,,,,,,,,,,,,,,,,,,,,,,,,,,,,,,,,,,,,,,,,
SYLLFVLLGILLALL,0.5189572027159911,0.0440453785149651,WT,LLLSYLLFVLLIILLALLILI,clash,,,,,,,,,,,,,,,,,,,,,,,,,,,,,,,,,,,,,,,,,
SYLLGLLLGFLLSTL,0.9947855456491248,0.0444919235864355,WT,LLLSYLLGLLLIFLLSTLILI,clash,,,,,,,,,,,,,,,,,,,,,,,,,,,,,,,,,,,,,,,,,
TILLALLLGFLLGSL,0.8198345859555678,0.0549892160636661,WT,LLLTILLALLLIFLLGSLILI,clash,,,,,,,,,,,,,,,,,,,,,,,,,,,,,,,,,,,,,,,,,
SSLLALLLGTLLGFL,0.1426318701505698,0.0178060014731346,WT,LLLSSLLALLLITLLGFLILI,clash,,,,,,,,,,,,,,,,,,,,,,,,,,,,,,,,,,,,,,,,,
AGLLFLLLGTLLGSL,0.1965446886523067,0.0212347315359932,WT,LLLAGLLFLLLGALLGSLILI,void,,,,,,,,,,,,,,,,,,,,,,,,,,,,,,,,,,,,,,,,,
TALLFLLLGYLLGSL,1.1902372135441832,0.0791404327277248,WT,LLLTALLFLLLGYLLISLILI,clash,,,,,,,,,,,,,,,,,,,,,,,,,,,,,,,,,,,,,,,,,
YILLTLLLGALLAFL,0.1823083679684751,0.0172830786645674,WT,LLLYILLILLLGALLAFLILI,clash,,,,,,,,,,,,,,,,,,,,,,,,,,,,,,,,,,,,,,,,,
SSLLALLLGVLLGTL,0.6160019149323915,0.0585240627270393,WT,LLLSSLLALLLGVLLITLILI,clash,,,,,,,,,,,,,,,,,,,,,,,,,,,,,,,,,,,,,,,,,
YSLLALLLGTLLGFL,0.0960486274580435,0.0120911702281388,WT,LLLYSLLALLLITLLGFLILI,clash,,,,,,,,,,,,,,,,,,,,,,,,,,,,,,,,,,,,,,,,,
YVLLTLLLGALLAFL,0.2929055308273577,0.0355830546433191,WT,LLLYVLLTLLLIALLAFLILI,clash,,,,,,,,,,,,,,,,,,,,,,,,,,,,,,,,,,,,,,,,,
TVLLALLLGFLLGSL,0.8095391755652522,0.0036294929019979,WT,LLLTVLLALLLGFLLISLILI,clash,,,,,,,,,,,,,,,,,,,,,,,,,,,,,,,,,,,,,,,,,
SYLLGVLLGLLLGTL,1.032897461960245,0.0196924993205459,WT,LLLSYLLGVLLILLLGTLILI,clash,,,,,,,,,,,,,,,,,,,,,,,,,,,,,,,,,,,,,,,,,
TFLLGLLLGVLLGSL,1.5742185384835323,0.0841932871418322,WT,LLLTFLLILLLGVLLGSLILI,clash,,,,,,,,,,,,,,,,,,,,,,,,,,,,,,,,,,,,,,,,,
VLLLTGLLFALLAYL,0.1932791279471801,0.0179712205980412,WT,LLLVLLLTGLLFILLAYLILI,clash,,,,,,,,,,,,,,,,,,,,,,,,,,,,,,,,,,,,,,,,,
SYLLTVLLGILLALL,1.8391703884031545,0.1956775549749478,WT,LLLSYLLTVLLGILLILLILI,clash,,,,,,,,,,,,,,,,,,,,,,,,,,,,,,,,,,,,,,,,,
AYLLFLLLGTLLSIL,0.4135695943764416,0.0531336971550423,WT,LLLAALLFLLLGTLLSILILI,void,,,,,,,,,,,,,,,,,,,,,,,,,,,,,,,,,,,,,,,,,
WSLLTLLLGVLLAFL,0.2643287841663593,0.0308980947430319,WT,LLLWSLLILLLGVLLAFLILI,clash,,,,,,,,,,,,,,,,,,,,,,,,,,,,,,,,,,,,,,,,,
ASLLFLLLGYLLGTL,0.6598897595347156,0.0498875431212417,WT,LLLASLLFLLLGALLGTLILI,void,,,,,,,,,,,,,,,,,,,,,,,,,,,,,,,,,,,,,,,,,
YLLLGALLGTLLSFL,0.658697962658024,0.0987886635130371,WT,LLLYLLLGALLITLLSFLILI,clash,,,,,,,,,,,,,,,,,,,,,,,,,,,,,,,,,,,,,,,,,
YFLLTILLGVLLALL,0.3262056309448496,0.0388507354691121,WT,LLLYFLLTILLIVLLALLILI,clash,,,,,,,,,,,,,,,,,,,,,,,,,,,,,,,,,,,,,,,,,
TLLLGLLLGVLLASL,1.2056591346510452,0.0805396042674509,WT,LLLTLLLGLLLIVLLASLILI,clash,,,,,,,,,,,,,,,,,,,,,,,,,,,,,,,,,,,,,,,,,
FYLLGVLLGLLLASL,0.9117708448641556,0.055371015123389,WT,LLLFYLLGVLLILLLASLILI,clash,,,,,,,,,,,,,,,,,,,,,,,,,,,,,,,,,,,,,,,,,
TYLLGVLLGILLALL,0.9751977741588914,0.1378088856168844,WT,LLLTYLLGVLLIILLALLILI,clash,,,,,,,,,,,,,,,,,,,,,,,,,,,,,,,,,,,,,,,,,
YFLLAVLLGLLLGSL,0.2898953960794051,0.0382412138312219,WT,LLLYFLLIVLLGLLLGSLILI,clash,,,,,,,,,,,,,,,,,,,,,,,,,,,,,,,,,,,,,,,,,
LFLLGILLGTLLASL,1.8708338814695176,0.2499229753567154,WT,LLLLFLLIILLGTLLASLILI,clash,,,,,,,,,,,,,,,,,,,,,,,,,,,,,,,,,,,,,,,,,
TFLLGLLLGYLLASL,1.49572455158314,0.0032384924940045,WT,LLLTFLLGLLLIYLLASLILI,clash,,,,,,,,,,,,,,,,,,,,,,,,,,,,,,,,,,,,,,,,,
AYLLGVLLGLLLSTL,0.9939123888273094,0.00618507477653,WT,LLLAYLLGVLLILLLSTLILI,clash,,,,,,,,,,,,,,,,,,,,,,,,,,,,,,,,,,,,,,,,,
YLLLGALLGILLSTL,0.9352690690899258,0.0286329734136693,WT,LLLYLLLIALLGILLSTLILI,clash,,,,,,,,,,,,,,,,,,,,,,,,,,,,,,,,,,,,,,,,,
STLLGALLGLLLAVL,1.1003024526194751,0.0598422363130819,WT,LLLSTLLGALLILLLAVLILI,clash,,,,,,,,,,,,,,,,,,,,,,,,,,,,,,,,,,,,,,,,,
ALLLGLLLGVLLSTL,0.957875956630793,0.0267855145883796,WT,LLLALLLILLLGVLLSTLILI,clash,,,,,,,,,,,,,,,,,,,,,,,,,,,,,,,,,,,,,,,,,
GYLLALLLGTLLSFL,0.5946544256552502,0.0331220581979397,WT,LLLGYLLILLLGTLLSFLILI,clash,,,,,,,,,,,,,,,,,,,,,,,,,,,,,,,,,,,,,,,,,
TYLLGVLLGLLLASL,1.0045566703557611,0.0180677639328783,WT,LLLTYLLIVLLGLLLASLILI,clash,,,,,,,,,,,,,,,,,,,,,,,,,,,,,,,,,,,,,,,,,
YALLVLLLGTLLAFL,0.2659229298410235,0.0342349563674827,WT,LLLYALLVLLLITLLAFLILI,clash,,,,,,,,,,,,,,,,,,,,,,,,,,,,,,,,,,,,,,,,,
ASLLTLLLGVLLGFL,0.2041956854152734,0.0206780304602935,WT,LLLASLLTALLGVLLGFLILI,void,,,,,,,,,,,,,,,,,,,,,,,,,,,,,,,,,,,,,,,,,
YLLLGALLAFLLSTL,0.1269881262730273,0.0151676092331001,WT,LLLYLLLGALLIFLLSTLILI,clash,,,,,,,,,,,,,,,,,,,,,,,,,,,,,,,,,,,,,,,,,
SYLLTALLGALLGFL,0.8145537491766535,0.0946012394492415,WT,LLLSYLLTALLIALLGFLILI,clash,,,,,,,,,,,,,,,,,,,,,,,,,,,,,,,,,,,,,,,,,
SYLLAVLLGLLLGTL,0.8878225824530558,0.0644285746177696,WT,LLLSALLAVLLGLLLGTLILI,void,,,,,,,,,,,,,,,,,,,,,,,,,,,,,,,,,,,,,,,,,
YILLGLLLGTLLASL,0.2376129098306844,0.0337926658939588,WT,LLLYILLILLLGTLLASLILI,clash,,,,,,,,,,,,,,,,,,,,,,,,,,,,,,,,,,,,,,,,,
TLLLGLLLGVLLGSL,0.9108236867694124,0.0354755300819612,WT,LLLTLLLILLLGVLLGSLILI,clash,,,,,,,,,,,,,,,,,,,,,,,,,,,,,,,,,,,,,,,,,
FVLLTILLGALLSLL,0.2507662415733721,0.0201637070492207,WT,LLLFVLLTILLGALLILLILI,clash,,,,,,,,,,,,,,,,,,,,,,,,,,,,,,,,,,,,,,,,,
SYLLTVLLGTLLAFL,0.2912722037095196,0.0307884860832102,WT,LLLSYLLTVLLITLLAFLILI,clash,,,,,,,,,,,,,,,,,,,,,,,,,,,,,,,,,,,,,,,,,
YALLFLLLGTLLSIL,0.1386235355679844,0.0198209033878452,WT,LLLYALLFILLGTLLSILILI,clash,,,,,,,,,,,,,,,,,,,,,,,,,,,,,,,,,,,,,,,,,
TSLLVGLLAYLLGLL,0.3914623581266631,0.0469046938408282,WT,LLLTSLLVGLLIYLLGLLILI,clash,,,,,,,,,,,,,,,,,,,,,,,,,,,,,,,,,,,,,,,,,
YVLLTLLLGALLSFL,0.3177831487085265,0.0384812001119884,WT,LLLYVLLTALLGALLSFLILI,void,,,,,,,,,,,,,,,,,,,,,,,,,,,,,,,,,,,,,,,,,
TYLLGVLLGLLLSFL,1.0691888230545954,0.0770215284221948,WT,LLLTYLLIVLLGLLLSFLILI,clash,,,,,,,,,,,,,,,,,,,,,,,,,,,,,,,,,,,,,,,,,
YSLLFALLGALLTLL,0.4385919164361869,0.0412018271807225,WT,LLLYSLLFALLGALLILLILI,clash,,,,,,,,,,,,,,,,,,,,,,,,,,,,,,,,,,,,,,,,,
TFLLGILLGVLLSLL,1.1874286742143534,0.0494192011156723,WT,LLLTFLLIILLGVLLSLLILI,clash,,,,,,,,,,,,,,,,,,,,,,,,,,,,,,,,,,,,,,,,,
AYLLGLLLGTLLSFL,1.0812683881173877,0.0324981700951944,WT,LLLAYLLILLLGTLLSFLILI,clash,,,,,,,,,,,,,,,,,,,,,,,,,,,,,,,,,,,,,,,,,
YFLLGILLGVLLSLL,1.1241713981853076,0.0203737905508921,WT,LLLYFLLGILLIVLLSLLILI,clash,,,,,,,,,,,,,,,,,,,,,,,,,,,,,,,,,,,,,,,,,
TLLLGVLLGFLLGIL,1.1155382200656097,0.1240269453037778,WT,LLLTLLLIVLLGFLLGILILI,clash,,,,,,,,,,,,,,,,,,,,,,,,,,,,,,,,,,,,,,,,,
VGLLFALLGILLTLL,0.3716486603281737,0.0436867671983831,WT,LLLVGLLFALLIILLTLLILI,clash,,,,,,,,,,,,,,,,,,,,,,,,,,,,,,,,,,,,,,,,,
ALLLGVLLGTLLSFL,1.170196601902323,0.0471813072432101,WT,LLLALLLGVLLITLLSFLILI,clash,,,,,,,,,,,,,,,,,,,,,,,,,,,,,,,,,,,,,,,,,
LTLLVGLLFALLSIL,0.3969399217755897,0.017095451524724,WT,LLLLTLLVILLFALLSILILI,clash,,,,,,,,,,,,,,,,,,,,,,,,,,,,,,,,,,,,,,,,,
YVLLGLLLGFLLSTL,1.1760819082660143,0.1630100350389942,WT,LLLYVLLILLLGFLLSTLILI,clash,,,,,,,,,,,,,,,,,,,,,,,,,,,,,,,,,,,,,,,,,
AYLLGVLLGLLLSFL,1.0768720397965403,0.0175345285039504,WT,LLLAYLLGVLLILLLSFLILI,clash,,,,,,,,,,,,,,,,,,,,,,,,,,,,,,,,,,,,,,,,,
VALLALLLGTLLSFL,0.3779230120751412,0.0392320329012421,WT,LLLVALLALLLGTLLIFLILI,clash,,,,,,,,,,,,,,,,,,,,,,,,,,,,,,,,,,,,,,,,,
YVLLALLLGTLLGFL,0.0979810618445646,0.0114862086125953,WT,LLLYVLLALLLGTLLIFLILI,clash,,,,,,,,,,,,,,,,,,,,,,,,,,,,,,,,,,,,,,,,,
TALLVGLLGGLLFLL,0.2967906223444595,0.0343679836731492,WT,LLLTALLVGLLGILLFLLILI,clash,,,,,,,,,,,,,,,,,,,,,,,,,,,,,,,,,,,,,,,,,
TVLLGLLLGFLLSAL,0.8628662547315363,0.1035971243199097,WT,LLLTVLLILLLGFLLSALILI,clash,,,,,,,,,,,,,,,,,,,,,,,,,,,,,,,,,,,,,,,,,
YGLLFALLGILLTLL,0.3091972682539235,0.022153636117162,WT,LLLYGLLFALLIILLTLLILI,clash,,,,,,,,,,,,,,,,,,,,,,,,,,,,,,,,,,,,,,,,,
GLLLGALLGTLLSFL,1.2669175783826605,0.1111791500658586,WT,LLLGLLLGALLITLLSFLILI,clash,,,,,,,,,,,,,,,,,,,,,,,,,,,,,,,,,,,,,,,,,
VTLLLGLLFGLLFAL,0.7149937507909521,0.0329642956409799,WT,LLLVTLLLGLLFILLFALILI,clash,,,,,,,,,,,,,,,,,,,,,,,,,,,,,,,,,,,,,,,,,
YALLALLLGTLLSFL,0.2123109652284077,0.0212014957165395,WT,LLLYALLALLLITLLSFLILI,clash,,,,,,,,,,,,,,,,,,,,,,,,,,,,,,,,,,,,,,,,,
AYLLGVLLGLLLTFL,0.9584883580976032,0.0178790235532831,WT,LLLAYLLIVLLGLLLTFLILI,clash,,,,,,,,,,,,,,,,,,,,,,,,,,,,,,,,,,,,,,,,,
TVLLLGLLFGLLFAL,0.5514716040964129,0.0532377252226365,WT,LLLTVLLLGLLFILLFALILI,clash,,,,,,,,,,,,,,,,,,,,,,,,,,,,,,,,,,,,,,,,,
TYLLAILLGLLLGFL,0.7600232063938437,0.0233635781860249,WT,LLLTYLLAILLILLLGFLILI,clash,,,,,,,,,,,,,,,,,,,,,,,,,,,,,,,,,,,,,,,,,
ALLLGALLGTLLSFL,1.229148975362056,0.1125831103923998,WT,LLLALLLGALLITLLSFLILI,clash,,,,,,,,,,,,,,,,,,,,,,,,,,,,,,,,,,,,,,,,,
AYLLFLLLGTLLSVL,0.2801212317396884,0.0365379205929644,WT,LLLAYLLFLLLITLLSVLILI,clash,,,,,,,,,,,,,,,,,,,,,,,,,,,,,,,,,,,,,,,,,
LTLLVALLAGLLFSL,0.2475807350730635,0.0130174325850114,WT,LLLLTLLVALLAGLLASLILI,void,,,,,,,,,,,,,,,,,,,,,,,,,,,,,,,,,,,,,,,,,
AALLALLLGVLLGTL,0.3325474366069413,0.0369427774049529,WT,LLLAALLAALLGVLLGTLILI,void,,,,,,,,,,,,,,,,,,,,,,,,,,,,,,,,,,,,,,,,,
LTLLVGLLFALLYGL,0.2401473324554199,0.0235564106721,WT,LLLLTLLVILLFALLYGLILI,clash,,,,,,,,,,,,,,,,,,,,,,,,,,,,,,,,,,,,,,,,,
TGLLFGLLAILLSLL,0.1102800591847047,0.0119464398039711,WT,LLLTGLLAGLLAILLSLLILI,void,,,,,,,,,,,,,,,,,,,,,,,,,,,,,,,,,,,,,,,,,
TALLFLLLGVLLGIL,0.660314922368887,0.0439402858204998,WT,LLLTALLFLLLGVLLIILILI,clash,,,,,,,,,,,,,,,,,,,,,,,,,,,,,,,,,,,,,,,,,
LVLLTGLLFGLLYAL,0.2810482408263275,0.0371953533471469,WT,LLLLVLLTGLLFILLYALILI,clash,,,,,,,,,,,,,,,,,,,,,,,,,,,,,,,,,,,,,,,,,
TALLIGLLFGLLVLL,0.4041882932307516,0.016840324262063,WT,LLLTALLIGLLFILLVLLILI,clash,,,,,,,,,,,,,,,,,,,,,,,,,,,,,,,,,,,,,,,,,
TALLLALLFGLLFSL,0.3848487393497192,0.0164709745699519,WT,LLLTALLLALLFILLFSLILI,clash,,,,,,,,,,,,,,,,,,,,,,,,,,,,,,,,,,,,,,,,,
TALLAGLLFLLLSVL,0.3135951406706296,0.0247015033086948,WT,LLLTILLAGLLFLLLSVLILI,clash,,,,,,,,,,,,,,,,,,,,,,,,,,,,,,,,,,,,,,,,,
YVLLFLLLGALLGTL,0.041651551362572,0.0042520186543541,WT,LLLYVLLFALLGALLGTLILI,void,,,,,,,,,,,,,,,,,,,,,,,,,,,,,,,,,,,,,,,,,
YVLLTLLLGGLLFAL,0.3207282154261899,0.0351392180417076,WT,LLLYVLLTLLLGILLFALILI,clash,,,,,,,,,,,,,,,,,,,,,,,,,,,,,,,,,,,,,,,,,
VGLLLALLGLLLGTL,0.3626024752731983,0.0359046384027409,WT,LLLVGLLLALLGLLLITLILI,clash,,,,,,,,,,,,,,,,,,,,,,,,,,,,,,,,,,,,,,,,,
TALLVGLLGLLLGFL,0.3563207795567676,0.0124747778544402,WT,LLLTALLVGLLGLLLIFLILI,clash,,,,,,,,,,,,,,,,,,,,,,,,,,,,,,,,,,,,,,,,,
VGLLLILLGALLATL,0.9626991854385516,0.0388642880101643,WT,LLLVGLLLILLIALLATLILI,clash,,,,,,,,,,,,,,,,,,,,,,,,,,,,,,,,,,,,,,,,,
