Sequence,Type,Clash Mutant,Mutant Type,Position,WT Sequence,Fluor Difference,Geometry,Interface,Seed,HBONDDimerOptimize,HBONDDimerPreOptimize,HBONDMonomer,IMM1DimerOptimize,IMM1DimerPreOptimize,IMM1Monomer,Monomer,MonomerSasa,OptimizeSasa,PreBBOptimizeSasa,Total,TotalPreOptimize,VDWDimerOptimize,VDWDimerPreOptimize,VDWMonomer,endAxialRotation,endAxialRotationPrime,endCrossingAngle,endXShift,endZShift,endZShiftPrime,firstRepackEnergy,preOptimizeAxialRotation,preOptimizeAxialRotationPrime,preOptimizeCrossingAngle,preOptimizeEnergy,preOptimizeXShift,preOptimizeZShift,preOptimizeZShiftPrime,replicateNumber,Directory,PercentGpA,PercentStd,Sample,toxgreen_fluor,toxgreen_std,Segments,LB-0H_M9-30H,LB-0H_M9-36H,LB-12H_M9-30H,LB-12H_M9-36H,LB-36H_M9-30H,LB-36H_M9-36H,VDWDiff,HBONDDiff,IMM1Diff,interfaceSasa,vdwPerSasa,hbondPerSasa,imm1PerSasa,totalPerSasa
AFLLGILLGLLLGTL,WT,LLLAFLLIILLGLLLGTLILI,clash,,,,LLLAFLLGILLGLLLGTLILI_1,110011001100110000,1,-73.2314,-70.6203,-58.7173,-226.772,-225.66,-235.168,-340.525,4537.62,3398.89,3478.64,-54.2558,-13.8562,-94.777,-58.1012,-46.6394,-81.6277,37.2554,-37.0876,6.40932,3.77363,2.83246,-23.3234,-72.6874,32.4259,-40.8381,-366.994,7.0033,1.78061,0.766999,1,LLLAFLLGILLGLLLGTLILI,1.231111036926799,0.1338564433457674,G,29662.525009063887,2627.2004135347383,0,-97.4705255971456,-98.18769909898865,-96.79347975564676,-97.70261382309504,-97.13266068112026,-97.94562790386529,-48.1376,-14.514099999999992,8.396000000000015,1138.73,-0.04227305858280716,-0.012745866008623635,0.0073731262019969745,-0.04764588620656345
AYLLGLLLGVLLGTL,WT,LLLAYLLGLLLIVLLGTLILI,clash,,,,LLLAYLLGLLLGVLLGTLILI_2,110011001100110000,1,-74.6124,-74.8197,-58.7057,-221.878,-220.371,-235.644,-343.804,4515.61,3491.8,3460.72,-44.29,-24.2512,-91.6027,-72.8636,-49.454,-88.9611,51.4559,-37.6064,6.66346,6.79071,6.06255,-36.9753,-80.1891,50.0903,-39.6088,-380.775,6.6695,5.29055,4.5419,2,LLLAYLLGLLLGVLLGTLILI,1.0488562825835344,0.3091854240997388,G,25271.258870992428,6068.382318726393,0,5900.351965609767,9914.998775730784,9409.523918732457,15772.04733151181,6135.446186922613,10307.387147633608,-42.1487,-15.906699999999994,13.76600000000002,1023.8099999999995,-0.041168478526289076,-0.01553676951778162,0.013445854211230625,-0.04325997987907915
AYLLGTLLGILLALL,WT,LLLAYLLGTLLIILLALLILI,clash,,,,LLLAYLLGTLLGILLALLILI_0,110011001100110000,1,-68.9943,-65.7668,-58.7536,-226.787,-218.329,-240.14,-354.365,4500.28,3567.28,3577.36,-42.9859,-27.3471,-101.57,-97.6155,-55.471,-83.9201,53.8365,-39.2754,6.70386,6.35594,5.66348,-26.4595,-71.7752,52.5548,-41.6943,-381.712,6.762,4.36118,3.6495,0,LLLAYLLGTLLGILLALLILI,1.002535845401996,0.2050146533227219,G,24155.209152365376,4023.822600595367,1,-11.178492388263422,-28.73357393188408,-23.28090663600828,-38.44401269186133,-19.059278816381937,-35.056766348220705,-46.099,-10.240699999999997,13.35299999999998,932.9999999999995,-0.049409431939978585,-0.010976098606645232,0.014311897106109311,-0.046072775991425535
AYLLGVLLGLLLAFL,WT,LLLAYLLGVLLILLLAFLILI,clash,,,,LLLAYLLGVLLGLLLAFLILI_1,110011001100110000,1,-54.698,-57.9216,-44.9245,-226.404,-217.1,-239.392,-326.822,4567.76,3503.37,3568.79,-42.7432,-33.024,-88.4629,-84.8244,-42.5049,-105.365,49.6458,-31.4691,6.85569,9.00697,8.25166,-30.4879,-91.43,48.2927,-36.5962,-357.322,7.0472,6.73401,5.9584,1,LLLAYLLGVLLGLLLAFLILI,1.120879346277354,0.0917568498201316,G,27006.590505536176,1800.9116914544866,0,-70.26577537035278,-76.62848942297038,-68.14289120186265,-74.95987319316606,-65.9041201635496,-73.20016828566662,-45.958000000000006,-9.773499999999999,12.988,1064.3900000000003,-0.04317778257969353,-0.009182254624714621,0.012202294271836446,-0.04015746108099474
AFLLGTLLGVLLGLL,WT,LLLAFLLITLLGVLLGLLILI,clash,,,,LLLAFLLGTLLGVLLGLLILI_2,110011001100110000,1,-70.4662,-72.2281,-58.7211,-216.248,-219.119,-233.78,-339.222,4516.68,3510.01,3514.93,-42.7236,12.8652,-95.2318,-35.0098,-46.7207,-97.8269,42.6194,-37.8927,6.75763,6.92764,6.06693,-36.6232,-92.5815,39.7325,-40.3169,-375.641,6.7382,5.75111,4.8471,2,LLLAFLLGTLLGVLLGLLILI,1.3299063548579253,0.2442652071846036,G,32042.910287840863,4794.193221172266,0,-89.65747235905032,,-84.6698079294242,,-85.97296812794379,,-48.511100000000006,-11.7451,17.53200000000001,1006.6700000000001,-0.04818967486862626,-0.01166727924741971,0.017415836371402753,-0.04244052172012675
TLLLGLLLGVLLGSL,WT,LLLTLLLGLLLIVLLGSLILI,clash,,,,LLLTLLLGLLLGVLLGSLILI_1,110011001100110000,1,-73.3498,-73.3511,-60.2824,-223.724,-222.715,-237.226,-366.611,4491.58,3613.46,3502.76,-41.2614,3043.45,-110.799,2972.91,-69.1034,-90.2039,48.691,-46.2061,6.5863,6.60386,5.83423,-17.524,-91.396,35.576,-35.8075,-384.335,7.4513,5.01216,4.0458,1,LLLTLLLGLLLGVLLGSLILI,0.9090597279285144,0.2101882127762995,G,21902.985275617568,4125.364052005807,1,-95.45395243095302,-95.62425982487292,-94.7817451652192,-94.97723528454227,-94.70353075405532,-94.90195099945603,-41.69560000000001,-13.0674,13.50200000000001,878.1199999999999,-0.04748280417255047,-0.014881109643328932,0.015376030610850466,-0.04698833872363687
ALLLGVLLGTLLGFL,WT,LLLALLLIVLLGTLLGFLILI,clash,,,,LLLALLLGVLLGTLLGFLILI_2,110011001100110000,1,-70.2338,-70.9081,-58.6964,-216.584,-217.118,-233.7,-340.472,4455.51,3488.45,3509.4,-38.4046,-32.3892,-92.0592,-84.8349,-48.0755,-98.4382,42.374,-38.1637,6.75535,6.98622,6.12183,-32.1628,-92.5815,39.7325,-40.3169,-373.522,6.7382,5.75111,4.8471,2,LLLALLLGVLLGTLLGFLILI,0.9535039402641504,0.1158297263954685,G,22973.8290260105,2273.390039906812,0,-93.84682183847283,-96.27006098163372,-93.53250711277036,-96.0795294012587,-93.46713109178091,-96.03989970662728,-43.983700000000006,-11.537400000000005,17.115999999999985,967.0600000000004,-0.04548187289309866,-0.011930386946001282,0.01769900523235371,-0.039712737575745026
ALLLGALLGTLLSFL,WT,LLLALLLIALLGTLLSFLILI,clash,,,,LLLALLLGALLGTLLSFLILI_0,110011001100110000,1,-91.0392,-82.9814,-73.9598,-217.985,-213.266,-233.322,-356.868,4440.11,3603.69,3599.94,-37.853,-17.3819,-85.6965,-78.0026,-49.5867,-89.1412,55.2436,-41.9792,6.16826,7.32907,6.65773,-16.5921,-74.197,65.2656,-42.419,-374.25,6.5325,6.44041,5.91939,0,LLLALLLGALLGTLLSFLILI,1.0088951246997548,0.1871685088000292,G,24308.430328671308,3673.556322177947,1,-97.7013754706603,-97.65653452203748,-97.61641970193908,-97.56992145904664,-97.45902480763012,-97.40945614750378,-36.1098,-17.079399999999993,15.336999999999989,836.4199999999996,-0.04317185146218409,-0.020419645632576935,0.018336481671887325,-0.045255971880155926
TLLLGLLLGVLLASL,WT,LLLTLLLILLLGVLLASLILI,clash,,,,LLLTLLLGLLLGVLLASLILI_0,110011001100110000,1,-73.775,-64.8999,-60.2643,-219.645,-218.592,-236.739,-370.636,4526.83,3587.26,3582.5,-37.2648,-25.524,-114.481,-112.667,-73.6327,-89.3828,50.2851,-42.1128,6.58114,6.69591,5.95019,-24.7919,-97.764,38.4753,-38.0973,-396.16,7.04,6.35877,5.4359,0,LLLTLLLGLLLGVLLASLILI,1.0806673936968212,0.0416514529813093,G,26037.7192881478,817.4930675283996,0,-97.24721641306937,-97.85692074687977,-96.72620566269816,-97.45130683117848,-97.01903050486274,-97.67927493118478,-40.848299999999995,-13.510700000000007,17.093999999999994,939.5699999999997,-0.04347552603850698,-0.014379663037346883,0.018193428908968995,-0.039661547303553764
TFLLGLLLGYLLASL,WT,LLLTFLLGLLLIYLLASLILI,clash,,,,LLLTFLLGLLLGYLLASLILI_0,110011001100110000,1,-70.9338,-65.4148,-60.2384,-226.854,-225.505,-245.404,-347.365,4560.49,3518.74,3589.42,-34.5463,-23.4891,-84.1236,-79.9344,-41.7225,-78.5029,47.6273,-42.374,6.88118,4.70511,3.91952,-23.4179,-75.8727,44.54,-43.5756,-370.854,7.3804,3.8938,3.0619,0,LLLTFLLGLLLGYLLASLILI,1.2311561465883452,0.0840129033933077,G,29663.611886217288,1648.9212548823225,0,-96.20386825415414,-97.73616510405913,-95.60437552982071,-97.37865576558744,-95.8348506808431,-97.51610033402284,-42.4011,-10.695400000000006,18.549999999999983,1041.75,-0.040701799856011515,-0.010266762658987287,0.017806575473962066,-0.03316179505639549
YLLLGALLGTLLSFL,WT,LLLYLLLGALLITLLSFLILI,clash,,,,LLLYLLLGALLGTLLSFLILI_2,110011001100110000,1,-82.0638,-58.7234,-73.9921,-232.011,-229.736,-244.098,-352.574,4585.75,3692.64,3611.13,-34.2103,3302.6,-72.7101,3238.49,-34.4848,-74.777,62.1828,-44.5631,6.83969,6.11123,5.54398,3306.69,-60.6857,64.7023,-38.4105,3008.78,7.3229,4.33767,3.8082,2,LLLYLLLGALLGTLLSFLILI,0.5342682977449529,0.0402377811082329,G,12872.719249716038,789.7469298067615,1,-94.88355671531276,-95.7675804337846,-95.6054923109396,-96.3647793413975,-96.50879405088172,-97.112007786159,-38.2253,-8.071700000000007,12.087000000000018,893.1100000000001,-0.04280021497911791,-0.00903774451075456,0.013533607282417637,-0.03830468811232658
YVLLGALLGILLTLL,WT,LLLYVLLIALLGILLTLLILI,clash,,,,LLLYVLLGALLGILLTLLILI_1,110011001100110000,1,-66.4217,-67.5153,-58.7202,-222.243,-221.007,-244.166,-355.563,4574.67,3675.81,3707.28,-32.7473,-31.1595,-99.6453,-98.1996,-52.6768,-80.6096,55.6989,-47.9568,6.57329,6.11079,5.44627,-28.6662,-72.8097,60.8563,-43.7016,-384.171,6.839,5.63706,5.0499,1,LLLYVLLGALLGILLTLLILI,0.9538085106760548,0.1021938767810481,G,22981.16737908616,2005.759219544127,0,-94.85195138904848,-94.5352815831864,-94.77014632773692,-94.44844448064102,-95.24384047546826,-94.951276782484,-46.968500000000006,-7.701500000000003,21.923000000000002,898.8600000000001,-0.05225340987473021,-0.008568075117370894,0.024389782613532696,-0.03643203613465946
YLLLGALLGVLLSTL,WT,LLLYLLLGALLIVLLSTLILI,clash,,,,LLLYLLLGALLGVLLSTLILI_2,110011001100110000,1,-85.5803,-86.2001,-74.1216,-216.841,-219.852,-241.692,-363.157,4550.14,3663.06,3730.98,-27.8691,5543.85,-88.605,5486.74,-47.344,-82.918,51.1348,-50.5559,6.20672,5.8409,5.10793,-8.49322,-68.8165,69.6202,-43.3499,-371.663,7.0847,6.2212,5.7655,2,LLLYLLLGALLGVLLSTLILI,0.842883020177009,0.217701617579469,G,20308.51638548883,4272.829648123158,0,-85.94633346170836,-91.0040651166099,-86.84438775804291,-91.57892136138858,-88.81034482854554,-92.8373560724723,-41.261,-11.458699999999993,24.851,887.0800000000004,-0.046513279523830976,-0.012917324254858625,0.028014384271993494,-0.03141667042431347
SSLLALLLGVLLGTL,WT,LLLSSLLALLLGVLLITLILI,clash,,,,LLLSSLLALLLGVLLGTLILI_2,110011001100110000,1,-78.8873,-84.1525,-58.7566,-218.569,-215.05,-250.648,-373.265,4446.31,3477.69,3370.9,-27.5088,1643.71,-103.317,1569.65,-63.8601,-73.3228,51.5483,-37.8768,7.09384,4.45744,3.73066,547.463,-66.9239,51.0441,-36.0241,1271.11,6.7893,3.42954,2.6952,2,LLLSSLLALLLGVLLGTLILI,0.5647600539520126,0.0122237316970528,G,13607.390984377049,239.91518201263403,0,-96.83907188292204,,-96.78156367944652,,-96.7606516088606,,-39.45689999999999,-20.130699999999997,32.07900000000001,968.6200000000003,-0.04073516962276225,-0.020782866345935444,0.03311825070719167,-0.028399991740827146
VTLLLGLLFGLLFAL,WT,LLLVTLLLGLLFILLFALILI,clash,,,,LLLVTLLLGLLFGLLFALILI_2,110011001100110000,1,-51.7458,-49.5476,-44.9466,-223.79,-223.533,-239.019,-329.727,4604.68,3588.04,3558.24,-23.2065,-15.7324,-77.3969,-72.3789,-45.7606,-37.7182,78.4173,-40.6436,7.23563,2.74406,2.42032,-17.8721,-33.3677,74.3197,-39.8132,-346.987,7.0315,1.53831,1.15311,2,LLLVTLLLGLLFGLLFALILI,0.8330505977064299,0.2273774113504679,G,20071.612914836274,4462.7364524988,0,-91.32542859652918,,-89.7472932706973,,-90.80939411370514,,-31.636300000000006,-6.799200000000006,15.229000000000013,1016.6400000000003,-0.031118488353792884,-0.006687913125590183,0.014979737173434066,-0.022826664305949
TVLLLGLLFGLLFAL,WT,LLLTVLLLGLLFILLFALILI,clash,,,,LLLTVLLLGLLFGLLFALILI_2,110011001100110000,1,-44.9318,-44.9318,-44.9318,-225.525,-226.32,-241.374,-331.6,4581.16,3547.9,3587.08,-22.3704,-19.0957,-83.513,-79.4441,-45.2936,-33.3868,72.8382,-42.6504,7.18794,1.34118,0.933754,-18.3142,-30.525,71.559,-44.3251,-350.036,7.1169,0.739215,0.3126,2,LLLTVLLLGLLFGLLFALILI,0.5027446996065801,0.0532086503273605,G,12113.18620184163,1044.3261799750037,0,-86.84814969599917,-89.46153249820144,-87.05888984438847,-89.63039681415623,-88.11361216191428,-90.47553697388616,-38.21940000000001,0.0,15.84899999999999,1033.2599999999998,-0.036989141164856874,0.0,0.015338830497648214,-0.021650310667208645
TALLFLLLGVLLASL,WT,LLLTALLFLLLIVLLASLILI,clash,,,,LLLTALLFLLLGVLLASLILI_2,110011001100110000,1,-64.3607,-60.3462,-60.3462,-223.036,-223.486,-241.658,-355.625,4666.55,3593.73,3532.84,-17.0992,807.743,-85.3281,735.951,-53.6208,-65.081,58.8268,-43.6878,7.67542,4.20378,3.58618,793.867,-60.5958,60.1642,-40.2827,442.07,7.5,3.71154,3.114,2,LLLTALLFLLLGVLLASLILI,0.8197424357000294,0.1079198890631081,G,19750.964592706445,2118.1436625514607,1,-92.07085335792048,-92.64904292785975,-91.87641027865332,-92.46877854466844,-93.80202080003151,-94.25397447044344,-31.707300000000004,-4.014499999999991,18.621999999999986,1072.8200000000002,-0.02955509777968345,-0.0037420070468484837,0.017357991088905858,-0.015938554463936164
TALLFLLLGYLLGSL,WT,LLLTALLFLLLGYLLISLILI,clash,,,,LLLTALLFLLLGYLLGSLILI_0,110011001100110000,1,-63.6911,-70.5599,-60.326,-232.79,-224.657,-245.462,-345.883,4670.51,3661.12,3533.11,-15.7936,38374.5,-65.1953,38323.8,-40.0949,-61.0159,65.4098,-45.889,7.98831,4.4827,3.96385,20398.7,-54.4566,55.8714,-40.6917,38028.6,7.0594,2.21113,1.5492,0,LLLTALLFLLLGYLLGSLILI,1.090217661598765,0.1162041563337598,G,26267.824495539604,2280.738976240124,0,-95.43662865743394,,-95.10519531892116,,-96.53895087570096,,-25.1004,-3.365099999999998,12.671999999999997,1009.3900000000003,-0.024866899810776798,-0.0033337956587642012,0.012554116842845672,-0.01564667769643051
TVLLALLLGFLLGSL,WT,LLLTVLLALLLGFLLISLILI,clash,,,,LLLTVLLALLLGFLLGSLILI_0,110011001100110000,1,-60.3442,-70.1178,-60.3442,-235.2,-219.504,-238.873,-354.856,4507.06,3930.64,3568.39,-15.3549,273755.0,-74.666,273689.0,-55.6382,-64.2012,71.7521,-46.0346,10.0109,5.81672,5.393,223801.0,-52.4326,53.6154,-37.48,273400.0,7.3254,1.60297,0.907201,0,LLLTVLLALLLGFLLGSLILI,0.7769629407095919,0.0699864581573354,G,18720.230725533205,1373.6242141733055,1,-90.01055203010327,-91.93577656837844,-89.06290383213047,-91.17076464519155,-88.79455198009252,-90.954131123535,-19.0278,0.0,3.673000000000002,576.4200000000005,-0.03301030498594772,0.0,0.006372089795635125,-0.02663838867492451
