Sequence,Type,Mutant,Mutant Type,Geometry,Interface,Seed,HBONDDimerOptimize,HBONDDimerPreOptimize,HBONDMonomer,IMM1DimerOptimize,IMM1DimerPreOptimize,IMM1Monomer,Monomer,MonomerSasa,OptimizeSasa,PreBBOptimizeSasa,Total,TotalPreOptimize,VDWDimerOptimize,VDWDimerPreOptimize,VDWMonomer,endAxialRotation,endAxialRotationPrime,endCrossingAngle,endXShift,endZShift,endZShiftPrime,firstRepackEnergy,preOptimizeAxialRotation,preOptimizeAxialRotationPrime,preOptimizeCrossingAngle,preOptimizeEnergy,preOptimizeXShift,preOptimizeZShift,preOptimizeZShiftPrime,replicateNumber,Directory,PercentGpA,PercentStd,Sample,LB-12H_M9-36H,VDWDiff,HBONDDiff,IMM1Diff,Position,WT_AA,mut_AA
LLLAYLLGVLLGLLLGFLILI,WT,LLLAYLLGVLLILLLGFLILI,clash,LLLAYLLGVLLGLLLGFLILI_1,1.1001100110011e+17,1.0,-61.678,-62.1253,-44.9604,-227.346,-222.523,-239.799,-328.0,4557.62,3474.28,3371.83,-54.4657,-44.2174,-93.4425,-87.5694,-43.2406,-82.2827,41.8481,-35.4166,6.6855,4.4919,3.61962,-49.9076,-78.3342,38.1851,-39.2997,-378.029,6.6883,3.40512,2.4779,1.0,LLLAYLLGVLLGLLLGFLILI,1.25356191438821,0.0907585843510836,G,99999900.0,-50.2019,-16.717599999999997,12.453000000000005,11,G,I
LLLYVLLGLLLGFLLSTLILI,WT,LLLYVLLILLLGFLLSTLILI,clash,LLLYVLLGLLLGFLLSTLILI_0,1.1001100110011e+17,1.0,-86.4739,-74.0812,-74.0812,-242.653,-235.245,-247.155,-355.479,4610.22,3646.56,3688.67,-52.2115,-24.2769,-78.5637,-70.4301,-34.2426,-88.1964,44.0461,-45.6889,6.65429,5.67568,4.83637,-24.2345,-92.7718,28.0376,-44.4465,-379.756,7.5,4.20084,3.1214,0.0,LLLYVLLGLLLGFLLSTLILI,1.13449610115894,0.0257005538338622,G,99999900.0,-44.3211,-12.392700000000003,4.5020000000000095,7,G,I
LLLTLLLGILLGFLLSVLILI,WT,LLLTLLLIILLGFLLSVLILI,clash,LLLTLLLGILLGFLLSVLILI_1,1.1001100110011e+17,1.0,-74.4586,-74.5973,-60.2282,-229.257,-226.605,-244.413,-359.808,4579.8,3616.4,3539.89,-51.9478,-49.1527,-108.041,-107.759,-55.1668,-91.306,42.1447,-43.9668,6.41842,5.88543,5.0176,-47.9442,-85.9497,42.6517,-45.0,-407.584,6.5506,5.15043,4.2902,1.0,LLLTLLLGILLGFLLSVLILI,1.39853668803924,0.119246502714135,G,99999900.0,-52.8742,-14.230400000000005,15.156000000000006,7,G,I
LLLAFLLGILLGLLLGTLILI,WT,LLLAFLLIILLGLLLGTLILI,clash,LLLAFLLGILLGLLLGTLILI_2,1.1001100110011e+17,1.0,-70.5064,-69.3878,-58.7173,-223.863,-223.827,-235.103,-340.46,4540.38,3422.69,3478.64,-50.8416,12.7118,-96.9319,-34.5337,-46.6394,-78.0792,36.5117,-38.9511,6.48499,3.14097,2.18864,-26.5298,-72.6874,32.4259,-40.8381,-366.994,7.0033,1.78061,0.766999,2.0,LLLAFLLGILLGLLLGTLILI,1.34771342892175,0.0584253876379822,G,99999900.0,-50.2925,-11.789099999999998,11.240000000000007,7,G,I
LLLAFLLGTLLGVLLSLLILI,WT,LLLAFLLGTLLIVLLSLLILI,clash,LLLAFLLGTLLGVLLSLLILI_1,1.1001100110011e+17,1.0,-85.162,-71.3091,-74.0991,-226.789,-227.86,-237.02,-358.582,4518.69,3620.61,3604.23,-49.7296,-36.1702,-96.361,-95.5831,-47.4629,-87.7406,51.0077,-43.0477,6.26443,6.54712,5.81224,-28.3923,-78.9988,51.5632,-42.618,-387.166,6.5,5.31085,4.5843,1.0,LLLAFLLGTLLGVLLSLLILI,1.26123201352057,0.0349920073455841,G,99999900.0,-48.89810000000001,-11.0629,10.231000000000025,11,G,I
LLLYVLLGILLGLLLSFLILI,WT,LLLYVLLGILLILLLSFLILI,clash,LLLYVLLGILLGLLLSFLILI_0,1.1001100110011e+17,1.0,-70.7177,-73.8263,-60.3102,-239.107,-218.649,-248.033,-352.569,4605.0,3690.96,3595.96,-49.2177,-18.4734,-91.9626,-78.5676,-44.2259,-91.4381,66.4077,-42.0925,7.00402,9.18076,8.67687,-18.8621,-91.43,48.2927,-36.5962,-371.043,7.0472,6.73401,5.9584,0.0,LLLYVLLGILLGLLLSFLILI,0.96173937846963,0.116856609497766,G,99999900.0,-47.73669999999999,-10.407499999999992,8.925999999999988,11,G,I
LLLYLLLGALLGFLLSTLILI,WT,LLLYLLLGALLGFLLITLILI,clash,LLLYLLLGALLGFLLSTLILI_0,1.1001100110011e+17,1.0,-90.4274,-86.6288,-74.042,-227.982,-220.821,-244.11,-350.961,4614.19,3654.7,3632.74,-48.0238,-32.7807,-80.5751,-76.2917,-32.8091,-88.2653,60.1632,-42.5165,6.49343,7.86183,7.26427,-33.9968,-83.724,52.3747,-45.0,-383.742,6.6055,6.12918,5.4148,0.0,LLLYLLLGALLGFLLSTLILI,1.21127183069082,0.0967790738632382,G,99999900.0,-47.766000000000005,-16.385400000000004,16.128000000000014,15,S,I
LLLFYLLGVLLGLLLASLILI,WT,LLLFYLLGVLLILLLASLILI,clash,LLLFYLLGVLLGLLLASLILI_0,1.1001100110011e+17,1.0,-71.2957,-70.3019,-60.32,-231.705,-219.01,-239.256,-339.298,4680.69,3596.19,3576.2,-47.3461,-31.619,-83.6429,-81.6044,-39.7219,-84.4887,60.2956,-40.2578,7.0348,7.31321,6.71764,-28.4053,-75.759,50.2096,-41.8685,-370.917,7.3305,4.64215,3.89529,0.0,LLLFYLLGVLLGLLLASLILI,1.00034405019337,0.0820909284181682,G,99999900.0,-43.921,-10.975699999999996,7.550999999999988,11,G,I
LLLTFLLGLLLGYLLSVLILI,WT,LLLTFLLGLLLIYLLSVLILI,clash,LLLTFLLGLLLGYLLSVLILI_2,1.1001100110011e+17,1.0,-76.1851,-72.4867,-60.1731,-228.383,-227.754,-247.904,-350.725,4610.63,3521.68,3565.63,-47.2884,29.6607,-93.4447,-20.8233,-42.6472,-88.7479,49.865,-43.1156,6.69552,6.54396,5.79194,-21.9817,-85.0833,46.26,-43.2731,-378.673,7.339,5.5076,4.7015,2.0,LLLTFLLGLLLGYLLSVLILI,1.56466838961679,0.132592781696057,G,99999900.0,-50.7975,-16.012000000000008,19.520999999999987,11,G,I
LLLTFLLGLLLGVLLSILILI,WT,LLLTFLLGLLLIVLLSILILI,clash,LLLTFLLGLLLGVLLSILILI_1,1.1001100110011e+17,1.0,-77.0235,-76.187,-60.3583,-225.501,-225.28,-245.078,-361.243,4555.39,3571.32,3559.31,-47.0562,-41.9539,-105.775,-101.73,-55.8065,-87.8696,53.7194,-42.3911,6.63681,6.93257,6.23836,-35.6397,-85.3964,50.7936,-43.9343,-397.499,6.9666,6.1666,5.4285,1.0,LLLTFLLGLLLGVLLSILILI,1.29692666057877,0.133384959812843,G,99999900.0,-49.968500000000006,-16.6652,19.577,11,G,I
LLLSYLLGVLLGLLLGFLILI,WT,LLLSYLLIVLLGLLLGFLILI,clash,LLLSYLLGVLLGLLLGFLILI_1,1.1001100110011e+17,1.0,-71.156,-71.3512,-44.9456,-224.964,-224.226,-249.623,-338.562,4557.35,3556.12,3559.79,-46.4441,-41.4228,-88.8858,-84.408,-43.9933,-82.004,34.7114,-43.3784,6.82362,3.48663,2.5073,-37.5852,-76.9679,35.2534,-45.0,-378.098,6.6086,2.8044,1.8332,1.0,LLLSYLLGVLLGLLLGFLILI,1.10130734631532,0.0956264733182444,G,99999900.0,-44.892500000000005,-26.210400000000007,24.658999999999992,7,G,I
LLLTFLLGILLGLLLGVLILI,WT,LLLTFLLIILLGLLLGVLILI,clash,LLLTFLLGILLGLLLGVLILI_0,1.1001100110011e+17,1.0,-56.2811,-55.1738,-44.9378,-222.186,-221.84,-241.156,-340.059,4585.36,3462.63,3485.96,-45.3645,-42.4521,-106.956,-105.497,-53.9653,-78.9098,43.2042,-41.4911,6.44562,4.16904,3.31711,-41.7586,-79.84,40.4327,-45.0,-382.511,6.5,3.93441,3.0409,0.0,LLLTFLLGILLGLLLGVLILI,1.21300568678716,0.0885227950306757,G,99999900.0,-52.9907,-11.3433,18.97,7,G,I
LLLALLLGLLLGTLLSFLILI,WT,LLLALLLGLLLITLLSFLILI,clash,LLLALLLGLLLGTLLSFLILI_1,1.1001100110011e+17,1.0,-90.5454,-80.5523,-74.0307,-224.816,-222.16,-237.459,-366.307,4524.66,3683.02,3527.6,-45.3082,-32.7171,-96.2527,-96.3114,-54.8169,-87.0739,56.8671,-40.8239,6.65379,7.23815,6.59115,-24.3603,-76.1776,59.1137,-38.6839,-390.64,6.9104,5.90699,5.2937,1.0,LLLALLLGLLLGTLLSFLILI,1.13628872005239,0.0756514497365517,G,99999900.0,-41.43580000000001,-16.514700000000005,12.643,11,G,I
LLLAYLLGLLLGTLLSFLILI,WT,LLLAYLLGLLLITLLSFLILI,clash,LLLAYLLGLLLGTLLSFLILI_1,1.1001100110011e+17,1.0,-93.8116,-90.7098,-74.0929,-226.907,-222.774,-243.634,-354.881,4565.18,3698.5,3555.33,-45.0841,-36.1605,-79.2467,-77.5575,-37.154,-86.9979,51.5189,-44.0504,6.41514,6.50474,5.77752,-31.9966,-80.4387,52.288,-45.0,-387.269,6.6037,5.62468,4.909,1.0,LLLAYLLGLLLGTLLSFLILI,1.15571426596209,0.110085737711587,G,99999900.0,-42.0927,-19.7187,16.726999999999975,11,G,I
LLLYTLLAILLGLLLGFLILI,WT,LLLYTLLAILLILLLGFLILI,clash,LLLYTLLAILLGLLLGFLILI_2,1.1001100110011e+17,1.0,-69.0043,-67.2199,-44.9774,-230.249,-223.21,-246.979,-337.702,4624.54,4029.73,3581.62,-44.9553,63.992,-83.4039,16.7197,-45.7454,-66.047,49.2955,-50.0238,7.07112,3.06194,2.30137,54.7611,-66.7527,35.1406,-44.5294,-273.71,7.1807,1.25689,0.283999,2.0,LLLYTLLAILLGLLLGFLILI,0.254469092943293,0.0290451223111449,G,99999900.0,-37.6585,-24.0269,16.730000000000018,11,G,I
LLLAFLLGTLLGLLLSVLILI,WT,LLLAFLLGTLLILLLSVLILI,clash,LLLAFLLGTLLGLLLSVLILI_2,1.1001100110011e+17,1.0,-83.5587,-82.8443,-74.0774,-219.969,-217.261,-237.012,-357.949,4518.62,3565.16,3567.54,-44.4495,-30.9745,-98.8707,-88.8176,-46.8596,-91.5073,54.2181,-36.2278,6.97475,7.54555,6.85882,-33.47,-91.43,48.2927,-36.5962,-390.482,7.0472,6.73401,5.9584,2.0,LLLAFLLGTLLGLLLSVLILI,1.32525447227607,0.0655699922426975,G,99999900.0,-52.0111,-9.481300000000005,17.043000000000006,11,G,I
LLLSYLLGVLLGLLLGTLILI,WT,LLLSYLLGVLLILLLGTLILI,clash,LLLSYLLGVLLGLLLGTLILI_0,1.1001100110011e+17,1.0,-85.309,-82.1063,-58.7288,-222.825,-221.353,-249.141,-358.264,4524.74,3512.78,3563.13,-44.36,-30.6645,-94.4898,-85.4686,-50.3941,-98.4834,30.6148,-41.451,6.49252,5.4055,4.36472,-30.6553,-92.5815,39.7325,-40.3169,-388.928,6.7382,5.75111,4.8471,0.0,LLLSYLLGVLLGLLLGTLILI,1.03643476105815,0.0159758259509892,G,99999900.0,-44.0957,-26.5802,26.316000000000003,11,G,I
LLLTFLLGLLLGVLLAILILI,WT,LLLTFLLGLLLIVLLAILILI,clash,LLLTFLLGLLLGVLLAILILI_2,1.1001100110011e+17,1.0,-57.8427,-56.3001,-44.9935,-229.715,-228.945,-242.981,-346.411,4556.2,3546.43,3547.59,-43.8692,-41.6658,-102.722,-102.831,-58.4367,-84.3394,47.0499,-39.923,6.95915,5.50265,4.7084,-29.5888,-75.4208,48.7219,-40.9997,-376.918,7.4067,4.39057,3.6214,2.0,LLLTFLLGLLLGVLLAILILI,1.34889721784567,0.128368986570742,G,99999900.0,-44.28529999999999,-12.849200000000003,13.265999999999991,11,G,I
LLLFYLLGVLLGLLLGTLILI,WT,LLLFYLLIVLLGLLLGTLILI,clash,LLLFYLLGVLLGLLLGTLILI_0,1.1001100110011e+17,1.0,-70.7277,-71.9052,-58.7456,-224.315,-219.307,-239.268,-331.577,4684.01,3555.44,3542.48,-43.7105,-38.7189,-80.2451,-79.084,-33.5634,-76.4778,54.3843,-43.2051,6.76021,5.31355,4.62932,-39.066,-70.5949,52.7477,-43.07,-370.296,6.8566,4.21018,3.5014,0.0,LLLFYLLGVLLGLLLGTLILI,1.05809162515371,0.0801342345385411,G,99999900.0,-46.68169999999999,-11.982099999999996,14.953000000000005,7,G,I
LLLALLLGFLLGTLLGVLILI,WT,LLLALLLGFLLITLLGVLILI,clash,LLLALLLGFLLGTLLGVLILI_0,1.1001100110011e+17,1.0,-73.0889,-67.0194,-58.6797,-214.289,-209.484,-232.75,-340.691,4439.35,3397.92,3396.18,-43.5706,-29.9398,-96.883,-94.1274,-49.2612,-80.3642,52.6536,-34.8096,7.0524,5.66287,4.95268,-30.3321,-82.6456,43.881,-35.0,-370.631,7.5,4.82078,3.979,0.0,LLLALLLGFLLGTLLGVLILI,1.21733239367135,0.0806943384301634,G,99999900.0,-47.62179999999999,-14.409199999999998,18.461000000000013,11,G,I
LLLALLLGTLLGFLLSILILI,WT,LLLALLLGTLLIFLLSILILI,clash,LLLALLLGTLLGFLLSILILI_2,1.1001100110011e+17,1.0,-84.3362,-84.2485,-74.0793,-221.449,-222.055,-238.286,-362.898,4478.03,3621.55,3567.81,-43.2323,-30.9443,-100.346,-87.5388,-50.5325,-92.1451,53.5909,-35.9794,7.05335,7.55654,6.8604,-32.2458,-91.43,48.2927,-36.5962,-397.649,7.0472,6.73401,5.9584,2.0,LLLALLLGTLLGFLLSILILI,1.38311490094258,0.104112737731792,G,99999900.0,-49.813500000000005,-10.256900000000002,16.83699999999999,11,G,I
LLLSYLLGVLLGTLLGFLILI,WT,LLLSYLLGVLLITLLGFLILI,clash,LLLSYLLGVLLGTLLGFLILI_0,1.1001100110011e+17,1.0,-83.6882,-81.1759,-58.6887,-223.862,-226.157,-248.976,-339.766,4521.23,3614.85,3539.91,-42.8132,198.958,-75.0295,166.525,-32.1018,-76.0479,35.2419,-41.6651,6.82924,2.66484,1.69346,130.064,-69.5064,38.1576,-45.0,-140.808,6.5231,2.07724,1.1496,0.0,LLLSYLLGVLLGTLLGFLILI,0.864237885732473,0.095042538074375,G,99999900.0,-42.9277,-24.9995,25.114000000000004,11,G,I
LLLSYLLGLLLGTLLGFLILI,WT,LLLSYLLGLLLITLLGFLILI,clash,LLLSYLLGLLLGTLLGFLILI_1,1.1001100110011e+17,1.0,-83.5074,-67.2998,-58.7496,-228.819,-227.723,-250.628,-346.331,4571.34,3619.11,3552.22,-42.7948,744.346,-76.7986,693.038,-36.9527,-77.9201,42.0873,-45.3331,6.44901,3.86979,3.0011,734.705,-69.5064,38.1576,-45.0,381.85,6.5231,2.07724,1.1496,1.0,LLLSYLLGLLLGTLLGFLILI,0.916862948591495,0.0910374063002347,G,99999900.0,-39.84589999999999,-24.757800000000003,21.809,11,G,I
LLLALLLGLLLGVLLSTLILI,WT,LLLALLLILLLGVLLSTLILI,clash,LLLALLLGLLLGVLLSTLILI_1,1.1001100110011e+17,1.0,-91.1994,-87.956,-74.1192,-219.069,-217.28,-235.049,-376.841,4484.34,3589.29,3599.18,-42.7549,946.154,-109.327,874.549,-67.6724,-89.2311,54.0195,-39.7719,6.49144,7.17729,6.48759,-16.353,-97.764,38.4753,-38.0973,-393.95,7.04,6.35877,5.4359,1.0,LLLALLLGLLLGVLLSTLILI,1.02426422867071,0.0268932977000721,G,99999900.0,-41.6546,-17.08019999999999,15.980000000000018,7,G,I
LLLSYLLGVLLGLLLAFLILI,WT,LLLSYLLGVLLILLLAFLILI,clash,LLLSYLLGVLLGLLLAFLILI_0,1.1001100110011e+17,1.0,-70.0222,-67.7448,-44.9369,-226.74,-225.502,-250.735,-342.933,4561.79,3670.35,3604.49,-42.6317,-37.3632,-88.8021,-87.0492,-47.2606,-85.6043,44.9919,-45.1191,7.11198,5.41455,4.58943,-38.611,-83.7533,47.7994,-42.6647,-380.296,7.5,5.51591,4.7329,0.0,LLLSYLLGVLLGLLLAFLILI,1.03762150456864,0.119315756970009,G,99999900.0,-41.5415,-25.0853,23.995000000000005,11,G,I
LLLYFLLGALLGILLSLLILI,WT,LLLYFLLGALLIILLSLLILI,clash,LLLYFLLGALLGILLSLLILI_0,1.1001100110011e+17,1.0,-73.0694,-65.2413,-60.2613,-229.412,-221.721,-245.81,-345.068,4688.24,3681.29,3669.59,-42.6019,-28.6596,-85.1891,-86.7661,-38.9969,-81.5273,61.7652,-44.5859,6.57449,7.0674,6.49388,-28.2795,-75.95,58.5447,-41.9323,-373.728,6.6534,5.79603,5.1742,0.0,LLLYFLLGALLGILLSLLILI,0.992907173829393,0.114981645226138,G,99999900.0,-46.1922,-12.808100000000003,16.397999999999996,11,G,I
LLLTLLLGVLLGFLLGILILI,WT,LLLTLLLIVLLGFLLGILILI,clash,LLLTLLLGVLLGFLLGILILI_2,1.1001100110011e+17,1.0,-56.3341,-56.4243,-44.9313,-225.294,-224.609,-241.228,-340.112,4527.7,3612.26,3571.95,-42.3279,-39.0361,-100.812,-98.1145,-53.9534,-91.8775,43.6265,-45.3592,6.54818,6.1712,5.32559,-31.8196,-90.0074,38.3333,-42.1317,-373.032,6.7822,5.1761,4.2511,2.0,LLLTLLLGVLLGFLLGILILI,1.17816804985139,0.0577804764971336,G,99999900.0,-46.8586,-11.4028,15.933999999999996,7,G,I
LLLTFLLGALLGILLSLLILI,WT,LLLTFLLIALLGILLSLLILI,clash,LLLTFLLGALLGILLSLLILI_1,1.1001100110011e+17,1.0,-75.0733,-71.7627,-60.2746,-224.087,-224.201,-242.606,-357.483,4576.04,3598.52,3612.73,-42.2684,-35.3015,-100.591,-96.8205,-54.6024,-83.7188,57.1749,-42.1395,6.64092,6.77643,6.13405,-32.7373,-77.8631,56.6563,-43.9434,-390.872,6.8019,5.82806,5.1779,1.0,LLLTFLLGALLGILLSLLILI,1.10838392714295,0.0352431530028336,G,99999900.0,-45.98859999999999,-14.798700000000004,18.519000000000005,7,G,I
LLLTYLLGVLLGLLLGFLILI,WT,LLLTYLLGVLLILLLGFLILI,clash,LLLTYLLGVLLGLLLGFLILI_0,1.1001100110011e+17,1.0,-59.0906,-57.3899,-44.9134,-229.67,-226.723,-248.28,-336.902,4591.86,3576.56,3512.19,-42.2293,-30.0874,-90.3713,-82.8764,-43.709,-65.1604,53.428,-36.0875,6.50696,3.48684,2.78826,-28.7779,-70.6256,40.5984,-41.2559,-366.99,6.8843,2.57462,1.6836,0.0,LLLTYLLGVLLGLLLGFLILI,0.948513106373611,0.116001894480871,G,99999900.0,-46.6623,-14.1772,18.610000000000014,11,G,I
LLLYFLLGTLLGVLLALLILI,WT,LLLYFLLGTLLIVLLALLILI,clash,LLLYFLLGTLLGVLLALLILI_1,1.1001100110011e+17,1.0,-69.0517,-67.9945,-58.7627,-233.433,-226.047,-245.562,-338.795,4676.31,3601.74,3675.14,-42.1088,-31.6611,-78.4197,-76.4149,-34.4706,-79.8351,39.7778,-41.6485,6.85573,3.84526,2.94193,-31.1935,-70.6256,40.5984,-41.2559,-370.125,6.8843,2.57462,1.6836,1.0,LLLYFLLGTLLGVLLALLILI,1.00115845182161,0.0959992674866827,G,99999900.0,-43.94910000000001,-10.288999999999994,12.12900000000002,11,G,I
LLLAYLLGVLLGLLLGSLILI,WT,LLLAYLLGVLLILLLGSLILI,clash,LLLAYLLGVLLGLLLGSLILI_0,1.1001100110011e+17,1.0,-72.7513,-73.5397,-60.2742,-216.316,-214.832,-237.255,-348.662,4498.22,3471.45,3460.86,-41.9544,690.114,-101.549,629.824,-51.1329,-76.7902,43.5618,-36.218,6.67925,3.89936,3.05279,568.586,-71.2876,45.5524,-38.516,341.452,6.6243,3.34271,2.526,0.0,LLLAYLLGVLLGLLLGSLILI,1.22494880041836,0.125595583582947,G,99999900.0,-50.41610000000001,-12.4771,20.938999999999997,11,G,I
LLLSYLLGLLLGVLLGTLILI,WT,LLLSYLLGLLLIVLLGTLILI,clash,LLLSYLLGLLLGVLLGTLILI_0,1.1001100110011e+17,1.0,-83.58,-81.713,-58.7511,-221.522,-220.931,-247.414,-356.402,4529.24,3496.05,3561.44,-41.5625,-33.9563,-92.862,-87.7137,-50.2369,-82.5781,38.3716,-43.2536,6.6877,4.06688,3.14245,-32.9127,-82.2405,38.4729,-43.0414,-390.358,7.0713,4.02991,3.107,0.0,LLLSYLLGLLLGVLLGTLILI,1.09205484936625,0.0107621692266515,G,99999900.0,-42.6251,-24.8289,25.892,11,G,I
LLLYFLLGALLGILLTLLILI,WT,LLLYFLLIALLGILLTLLILI,clash,LLLYFLLGALLGILLTLLILI_2,1.1001100110011e+17,1.0,-67.377,-67.9612,-58.775,-227.9,-226.676,-246.988,-341.423,4712.69,3689.3,3659.07,-41.557,-39.5367,-87.703,-86.3222,-35.6595,-76.8108,60.327,-44.7846,6.66133,6.16576,5.57067,-37.2888,-72.8097,60.8563,-43.7016,-378.546,6.839,5.63706,5.0499,2.0,LLLYFLLGALLGILLTLLILI,1.11266771554141,0.120538530023752,G,99999900.0,-52.0435,-8.601999999999997,19.087999999999997,7,G,I
LLLYFLLGLLLGVLLGSLILI,WT,LLLYFLLGLLLIVLLGSLILI,clash,LLLYFLLGLLLGVLLGSLILI_0,1.1001100110011e+17,1.0,-75.2481,-75.5891,-60.2835,-220.842,-218.266,-243.193,-336.922,4639.74,3451.94,3448.81,-41.4836,-38.6305,-82.3146,-81.6969,-33.4451,-81.2578,53.2781,-39.8345,6.48963,5.88121,5.18039,-38.4342,-78.9548,52.0865,-37.7493,-375.552,6.5,5.3749,4.6562,0.0,LLLYFLLGLLLGVLLGSLILI,1.27787788865827,0.148971101255466,G,99999900.0,-48.8695,-14.964599999999995,22.351,11,G,I
LLLSYLLGVLLGLLLATLILI,WT,LLLSYLLGVLLILLLATLILI,clash,LLLSYLLGVLLGLLLATLILI_0,1.1001100110011e+17,1.0,-84.2493,-81.7305,-58.7839,-225.01,-224.764,-250.452,-362.713,4530.68,3562.42,3596.46,-41.3059,-37.0403,-94.7595,-93.2584,-53.4766,-86.6176,44.0155,-44.3024,6.70721,5.43474,4.59497,-35.826,-84.8765,45.4702,-44.3391,-399.753,6.8761,5.36995,4.552,0.0,LLLSYLLGVLLGLLLATLILI,1.12933217644683,0.120019108123777,G,99999900.0,-41.282900000000005,-25.4654,25.442000000000007,11,G,I
LLLSYLLGVLLGTLLGLLILI,WT,LLLSYLLGVLLITLLGLLILI,clash,LLLSYLLGVLLGTLLGLLILI_2,1.1001100110011e+17,1.0,-85.352,-82.076,-58.7296,-223.483,-223.778,-248.085,-357.45,4512.32,3512.95,3640.28,-41.0956,-12.2105,-89.7104,-63.8062,-50.6347,-81.047,35.5723,-44.4775,6.85738,3.45931,2.49289,-23.3255,-80.0419,31.8268,-44.1909,-383.159,7.2939,2.8029,1.7803,2.0,LLLSYLLGVLLGTLLGLLILI,1.16721429177851,0.107489572238615,G,99999900.0,-39.075700000000005,-26.62240000000001,24.602000000000004,11,G,I
LLLSYLLGTLLGLLLAFLILI,WT,LLLSYLLGTLLILLLAFLILI,clash,LLLSYLLGTLLGLLLAFLILI_0,1.1001100110011e+17,1.0,-82.4442,-70.5067,-58.7409,-228.325,-228.59,-250.973,-350.323,4552.14,3665.56,3537.71,-40.9,-25.4965,-80.4545,-76.7235,-40.6095,-75.1207,48.44,-45.7428,6.47723,4.30751,3.5341,-25.3084,-70.5949,52.7477,-43.07,-375.82,6.8566,4.21018,3.5014,0.0,LLLSYLLGTLLGLLLAFLILI,0.497660243818774,0.0775074437372705,G,99999900.0,-39.845,-23.70329999999999,22.648000000000025,11,G,I
LLLAYLLGTLLGFLLSLLILI,WT,LLLAYLLITLLGFLLSLLILI,clash,LLLAYLLGTLLGFLLSLLILI_1,1.1001100110011e+17,1.0,-87.6485,-89.8159,-74.0702,-221.51,-221.184,-243.332,-353.871,4560.33,3595.12,3581.21,-40.8403,19.7985,-85.5533,-23.0732,-36.4687,-88.564,53.1854,-38.0296,6.83718,6.96463,6.26241,-23.0506,-91.43,48.2927,-36.5962,-383.525,7.0472,6.73401,5.9584,1.0,LLLAYLLGTLLGFLLSLLILI,1.29978220831512,0.124143502961681,G,99999900.0,-49.0846,-13.5783,21.822000000000003,7,G,I
LLLTLLLGLLLGFLLSILILI,WT,LLLTLLLILLLGFLLSILILI,clash,LLLTLLLGLLLGFLLSILILI_2,1.1001100110011e+17,1.0,-73.5792,-72.6378,-60.3038,-224.327,-225.348,-246.158,-368.568,4541.92,3624.3,3593.83,-40.6018,5.76227,-111.263,-64.8196,-62.1065,-92.5904,43.2583,-44.2212,6.80456,6.22843,5.37731,-31.6359,-95.1054,38.6706,-41.1733,-400.399,7.1293,5.98634,5.0664,2.0,LLLTLLLGLLLGFLLSILILI,1.36901465620375,0.0870581974760032,G,99999900.0,-49.15650000000001,-13.275399999999998,21.83099999999999,7,G,I
LLLALLLGVLLGTLLSFLILI,WT,LLLALLLGVLLITLLSFLILI,clash,LLLALLLGVLLGTLLSFLILI_0,1.1001100110011e+17,1.0,-84.9944,-84.1744,-74.0352,-227.397,-217.479,-235.988,-360.126,4480.58,3695.16,3692.74,-40.5331,-27.1,-88.2669,-85.572,-50.1029,-98.9353,46.1511,-39.886,6.72577,7.57069,6.76295,-25.1109,-93.9928,36.7785,-43.1657,-387.226,6.6465,5.56402,4.6157,0.0,LLLALLLGVLLGTLLSFLILI,1.24798602895862,0.130972395446905,G,99999900.0,-38.16400000000001,-10.959199999999996,8.591000000000008,11,G,I
LLLYVLLGILLGLLLAFLILI,WT,LLLYVLLIILLGLLLAFLILI,clash,LLLYVLLGILLGLLLAFLILI_2,1.1001100110011e+17,1.0,-54.8213,-54.9466,-44.9417,-229.061,-226.055,-245.998,-337.385,4606.66,3703.86,3642.59,-40.2822,-25.7201,-93.7847,-82.1034,-46.4454,-84.5518,44.6249,-44.5397,6.68901,5.20713,4.3765,-19.4716,-75.4208,48.7219,-40.9997,-357.024,7.4067,4.39057,3.6214,2.0,LLLYVLLGILLGLLLAFLILI,0.891329021942314,0.0778300162486831,G,99999900.0,-47.3393,-9.879600000000003,16.936999999999983,7,G,I
LLLTFLLGVLLGLLLGALILI,WT,LLLTFLLGVLLILLLGALILI,clash,LLLTFLLGVLLGLLLGALILI_1,1.1001100110011e+17,1.0,-57.208,-57.9574,-44.9172,-216.281,-214.212,-237.765,-334.915,4574.75,3484.03,3459.93,-40.2395,-39.3923,-101.666,-102.138,-52.2334,-89.4115,42.404,-39.3201,6.65614,5.63627,4.77233,-38.2453,-87.213,39.461,-38.899,-373.41,6.5512,4.90918,4.00109,1.0,LLLTFLLGVLLGLLLGALILI,1.49609804327777,0.12704876079261,G,99999900.0,-49.4326,-12.290799999999996,21.48399999999998,11,G,I
LLLYFLLGLLLGVLLASLILI,WT,LLLYFLLILLLGVLLASLILI,clash,LLLYFLLGLLLGVLLASLILI_0,1.1001100110011e+17,1.0,-74.0304,-74.4252,-60.2828,-220.749,-217.614,-244.377,-341.131,4651.43,3606.86,3601.82,-40.1766,-37.9086,-86.5278,-87.0004,-36.4708,-86.5675,56.922,-41.2203,6.63663,7.1696,6.52343,-37.9098,-85.2491,54.6423,-40.0514,-379.039,6.6215,6.66407,5.9837,0.0,LLLYFLLGLLLGVLLASLILI,1.22285538130672,0.0632383219192625,G,99999900.0,-50.057,-13.747599999999998,23.62800000000001,7,G,I
LLLAYLLGLLLGFLLGTLILI,WT,LLLAYLLGLLLIFLLGTLILI,clash,LLLAYLLGLLLGFLLGTLILI_0,1.1001100110011e+17,1.0,-70.6754,-65.9749,-58.747,-220.524,-218.405,-239.727,-334.591,4547.34,3517.12,3497.32,-39.4923,-30.3773,-82.8832,-80.5887,-36.1169,-86.2948,43.4535,-35.9131,6.92225,5.31043,4.46224,-30.3388,-87.7841,38.6606,-35.7467,-364.968,7.5,4.88679,3.9667,0.0,LLLAYLLGLLLGFLLGTLILI,1.21858776028917,0.0277153384386553,G,99999900.0,-46.7663,-11.928399999999996,19.203000000000003,11,G,I
LLLLYLLGTLLGSLLAFLILI,WT,LLLLYLLGTLLISLLAFLILI,clash,LLLLYLLGTLLGSLLAFLILI_0,1.1001100110011e+17,1.0,-85.9112,-85.8223,-74.0364,-225.946,-216.739,-238.548,-348.081,4572.2,3709.37,3604.24,-38.813,-19.4862,-75.0366,-65.0057,-35.4967,-73.2967,55.3328,-49.4442,6.15524,4.96442,4.29442,-17.4381,-64.2017,54.9837,-44.9781,-367.567,6.5586,3.55305,2.8778,0.0,LLLLYLLGTLLGSLLAFLILI,0.311176646597765,0.0173056421126153,G,99999900.0,-39.53990000000001,-11.874799999999992,12.602000000000004,11,G,I
LLLTFLLGVLLGILLALLILI,WT,LLLTFLLIVLLGILLALLILI,clash,LLLTFLLGVLLGILLALLILI_1,1.1001100110011e+17,1.0,-55.023,-52.7137,-44.9728,-229.998,-226.151,-242.933,-347.056,4575.63,3584.24,3596.84,-38.7295,-30.0209,-100.765,-98.2117,-59.1501,-79.446,51.7609,-39.7354,7.0461,5.40463,4.68104,-30.3993,-72.6747,50.248,-40.0011,-378.377,7.1385,4.18468,3.4384,1.0,LLLTFLLGVLLGILLALLILI,1.29603609499469,0.0833220709516691,G,99999900.0,-41.6149,-10.050200000000004,12.935000000000002,7,G,I
LLLLFLLGILLGTLLASLILI,WT,LLLLFLLIILLGTLLASLILI,clash,LLLLFLLGILLGTLLASLILI_0,1.1001100110011e+17,1.0,-82.0309,-84.0651,-74.072,-223.715,-215.774,-236.149,-357.8,4506.55,3602.59,3576.18,-38.7096,-31.9435,-90.7643,-89.9043,-47.5792,-74.2607,58.9922,-47.2747,6.57756,5.60306,4.98795,-30.0187,-75.337,50.8884,-45.0,-389.744,6.5,4.67048,3.93381,0.0,LLLLFLLGILLGTLLASLILI,1.25750817307945,0.0735883085719636,G,99999900.0,-43.185100000000006,-7.9589,12.433999999999996,7,G,I
LLLALLLGVLLGTLLGFLILI,WT,LLLALLLIVLLGTLLGFLILI,clash,LLLALLLGVLLGTLLGFLILI_2,1.1001100110011e+17,1.0,-70.6423,-70.1653,-58.6964,-215.406,-218.846,-232.814,-340.529,4463.32,3551.41,3509.4,-38.0243,-34.1417,-92.5043,-85.6588,-49.0181,-97.3773,41.7582,-38.5586,6.76344,6.74396,5.87034,-32.988,-92.5815,39.7325,-40.3169,-373.522,6.7382,5.75111,4.8471,2.0,LLLALLLGVLLGTLLGFLILI,1.04010393039672,0.0456999078808674,G,99999900.0,-43.4862,-11.945900000000009,17.407999999999987,7,G,I
LLLTLLLGLLLGVLLASLILI,WT,LLLTLLLILLLGVLLASLILI,clash,LLLTLLLGLLLGVLLASLILI_2,1.1001100110011e+17,1.0,-73.762,-67.4607,-60.2643,-219.739,-222.381,-236.733,-370.643,4529.78,3593.0,3582.5,-37.2548,-23.3968,-114.397,-104.199,-73.6462,-89.4757,50.3646,-42.1382,6.58101,6.72058,5.97605,-25.7034,-97.764,38.4753,-38.0973,-396.16,7.04,6.35877,5.4359,2.0,LLLTLLLGLLLGVLLASLILI,1.18486592144128,0.0576156980495051,G,99999900.0,-40.75080000000001,-13.497700000000002,16.994,7,G,I
LLLAVLLGTLLGLLLSFLILI,WT,LLLAVLLGTLLILLLSFLILI,clash,LLLAVLLGTLLGLLLSFLILI_2,1.1001100110011e+17,1.0,-84.7994,-84.6008,-74.0838,-216.952,-214.481,-236.596,-360.96,4442.86,3657.16,3621.34,-36.8403,-34.1173,-96.0482,-95.9949,-50.28,-91.1272,51.605,-35.4919,7.02958,7.13575,6.40982,-32.7354,-91.43,48.2927,-36.5962,-394.415,7.0472,6.73401,5.9584,2.0,LLLAVLLGTLLGLLLSFLILI,1.11849915693941,0.086470559411543,G,99999900.0,-45.76819999999999,-10.71560000000001,19.644000000000005,11,G,I
LLLYLLLGILLGTLLAFLILI,WT,LLLYLLLGILLITLLAFLILI,clash,LLLYLLLGILLGTLLAFLILI_2,1.1001100110011e+17,1.0,-68.611,-66.8357,-58.7109,-231.654,-227.941,-246.075,-344.092,4623.77,3753.06,3601.64,-36.8294,-29.2519,-80.6564,-78.5676,-39.3058,-76.2714,38.32,-43.0741,6.84545,3.11392,2.18872,-29.278,-70.6256,40.5984,-41.2559,-372.954,6.8843,2.57462,1.6836,2.0,LLLYLLLGILLGTLLAFLILI,0.581595820080424,0.0552825292526677,G,99999900.0,-41.35060000000001,-9.900100000000002,14.420999999999992,11,G,I
LLLAYLLGVLLGLLLAFLILI,WT,LLLAYLLGVLLILLLAFLILI,clash,LLLAYLLGVLLGLLLAFLILI_1,1.1001100110011e+17,1.0,-56.53,-58.5939,-44.9245,-223.075,-217.561,-240.721,-332.295,4558.34,3583.78,3568.79,-35.5533,-23.7324,-88.2437,-79.8732,-46.65,-98.9406,51.6759,-33.7392,6.87798,8.31734,7.59247,-23.9546,-91.43,48.2927,-36.5962,-357.322,7.0472,6.73401,5.9584,1.0,LLLAYLLGVLLGLLLAFLILI,1.22898963488449,0.0625681112362493,G,99999900.0,-41.593700000000005,-11.6055,17.646000000000015,11,G,I
LLLYFLLALLLGTLLGSLILI,WT,LLLYFLLALLLITLLGSLILI,clash,LLLYFLLALLLGTLLGSLILI_0,1.1001100110011e+17,1.0,-78.3189,-83.9993,-74.1108,-233.512,-223.528,-244.875,-349.27,4648.58,3560.72,3498.43,-35.4122,118014.0,-72.8514,117972.0,-30.2842,-75.6369,53.8835,-36.7396,6.94922,5.11981,4.42806,81998.1,-62.8637,50.8317,-39.7383,117665.0,6.5162,2.79183,2.05431,0.0,LLLYFLLALLLGTLLGSLILI,0.253332918036776,0.0129640187594623,G,99999900.0,-42.5672,-4.208100000000002,11.363,11,G,I
LLLSYLLTALLGALLGFLILI,WT,LLLSALLTALLGALLGFLILI,void,LLLSYLLTALLGALLGFLILI_1,1.1001100110011e+17,1.0,-82.6847,-79.649,-58.6186,-226.849,-224.614,-246.505,-338.832,4521.57,3671.93,3651.12,-35.278,-4.02782,-64.5767,-38.5972,-33.7089,-50.9131,69.3248,-50.0875,6.78896,3.49581,3.03568,-15.1027,-47.4319,67.7648,-45.0,-356.336,6.6781,2.76303,2.2795,1.0,LLLSYLLTALLGALLGFLILI,0.869121749666412,0.0353036596062518,G,99999900.0,-30.867800000000003,-24.06610000000001,19.65600000000001,4,Y,A
LLLTLLLGVLLGLLLAFLILI,WT,LLLTLLLIVLLGLLLAFLILI,clash,LLLTLLLGVLLGLLLAFLILI_2,1.1001100110011e+17,1.0,-56.3039,-47.2181,-44.9757,-221.873,-218.164,-242.235,-351.366,4530.29,3711.17,3622.42,-35.2233,-10.9785,-108.413,-96.9623,-64.1554,-91.4879,31.6473,-45.5091,6.61274,4.49557,3.47028,-12.2678,-92.2092,24.1928,-42.7136,-362.344,7.3162,3.59741,2.4603,2.0,LLLTLLLGVLLGLLLAFLILI,1.5301869822075,0.0583920585559432,G,99999900.0,-44.2576,-11.328199999999995,20.362000000000023,7,G,I
LLLYFLLATLLGLLLGVLILI,WT,LLLYFLLATLLILLLGVLILI,clash,LLLYFLLATLLGLLLGVLILI_0,1.1001100110011e+17,1.0,-56.611,-60.2792,-58.7388,-233.424,-228.843,-245.524,-338.28,4700.58,3596.57,3545.15,-35.1245,-23.6767,-83.3692,-72.8346,-34.017,-73.4706,41.2727,-40.7903,6.80468,3.09241,2.2115,-21.3632,-71.1719,34.5088,-41.0473,-361.956,6.9662,1.83447,0.852102,0.0,LLLYFLLATLLGLLLGVLILI,0.387029629144961,0.0429610460253384,G,99999900.0,-49.3522,2.1278000000000006,12.099999999999994,11,G,I
LLLYLLLGALLGALLTFLILI,WT,LLLYLLLGALLIALLTFLILI,clash,LLLYLLLGALLGALLTFLILI_0,1.1001100110011e+17,1.0,-66.9161,-66.9258,-58.7574,-224.871,-218.148,-242.063,-337.181,4598.7,3792.53,3670.42,-34.3203,-24.1876,-79.7139,-76.2947,-36.3602,-66.7136,73.9978,-42.2511,6.41222,6.49675,6.10672,-24.0426,-68.1028,64.3439,-40.6526,-361.368,6.5,5.40184,4.867,0.0,LLLYLLLGALLGALLTFLILI,1.22701610330402,0.129867645095865,G,99999900.0,-43.3537,-8.158700000000003,17.19199999999998,11,G,I
LLLYLLLASLLGILLAFLILI,WT,LLLYALLASLLGILLAFLILI,void,LLLYLLLASLLGILLAFLILI_2,1.1001100110011e+17,1.0,-67.2057,-66.9852,-60.2539,-231.893,-232.662,-246.099,-349.049,4624.45,3906.51,3648.17,-34.1671,262.131,-84.117,212.73,-42.6963,-66.0626,61.4586,-48.2429,6.8402,4.7063,4.12818,224.436,-61.1438,57.1136,-44.3354,-86.4636,6.8899,3.3819,2.7386,2.0,LLLYLLLASLLGILLAFLILI,0.158721072340438,0.0541778073353169,G,99999900.0,-41.4207,-6.951799999999992,14.205999999999989,4,L,A
LLLTFLLGVLLGLLLAILILI,WT,LLLTFLLGVLLILLLAILILI,clash,LLLTFLLGVLLGLLLAILILI_1,1.1001100110011e+17,1.0,-55.4099,-54.638,-44.9375,-221.923,-220.936,-243.242,-347.049,4587.11,3570.19,3575.06,-34.1083,-28.4466,-103.824,-99.9219,-58.8693,-83.5798,39.641,-43.9883,6.72259,4.38851,3.48313,-26.498,-80.0044,42.005,-45.0,-373.697,7.041,4.17133,3.3014,1.0,LLLTFLLGVLLGLLLAILILI,1.35454455581545,0.0611679868249052,G,99999900.0,-44.9547,-10.4724,21.31899999999999,11,G,I
LLLSYLLVLLLGTLLAFLILI,WT,LLLSALLVLLLGTLLAFLILI,void,LLLSYLLVLLLGTLLAFLILI_2,1.1001100110011e+17,1.0,-79.3512,-77.8471,-58.8025,-234.411,-234.416,-254.078,-356.361,4642.07,3798.03,3586.98,-33.6668,248.544,-76.2658,204.445,-43.4802,-59.1149,58.5991,-43.4854,7.79524,3.27811,2.6571,202.16,-58.1657,52.5749,-41.2091,-114.686,7.4407,2.32247,1.61109,2.0,LLLSYLLVLLLGTLLAFLILI,0.382797034338711,0.0375733677179918,G,99999900.0,-32.785599999999995,-20.548700000000004,19.667,4,Y,A
LLLYFLLGVLLGTLLGLLILI,WT,LLLYFLLGVLLITLLGLLILI,clash,LLLYFLLGVLLGTLLGLLILI_0,1.1001100110011e+17,1.0,-72.4578,-68.1971,-58.6992,-214.784,-213.212,-244.372,-334.454,4667.69,3447.13,3634.25,-33.5794,-22.505,-80.7917,-75.5507,-31.3834,-85.1222,31.7554,-42.2893,7.06462,3.55531,2.53164,-25.1112,-83.9549,29.1297,-45.0,-356.959,7.4713,3.02575,1.9627,0.0,LLLYFLLGVLLGTLLGLLILI,1.17643084028928,0.0547433602069068,G,99999900.0,-49.4083,-13.758600000000008,29.588000000000022,11,G,I
LLLYVLLGALLGILLTLLILI,WT,LLLYVLLIALLGILLTLLILI,clash,LLLYVLLGALLGILLTLLILI_0,1.1001100110011e+17,1.0,-67.581,-66.8813,-58.7202,-222.276,-219.4,-243.993,-355.39,4577.17,3713.97,3707.28,-33.5505,-28.7808,-99.0838,-97.8896,-52.6768,-79.0724,56.9607,-46.8199,6.65198,6.05056,5.40497,-29.2053,-72.8097,60.8563,-43.7016,-384.171,6.839,5.63706,5.0499,0.0,LLLYVLLGALLGILLTLLILI,1.04166435715815,0.0310927500546802,G,99999900.0,-46.407,-8.860800000000005,21.716999999999985,7,G,I
LLLYFLLGTLLGALLGLLILI,WT,LLLYFLLITLLGALLGLLILI,clash,LLLYFLLGTLLGALLGLLILI_0,1.1001100110011e+17,1.0,-67.8755,-71.9354,-58.7237,-230.743,-225.614,-241.707,-330.996,4639.13,3885.36,3689.04,-33.0203,52026.4,-65.3975,51992.9,-30.565,-35.6956,80.6273,-49.953,6.92846,2.73903,2.44844,13876.1,-43.2635,63.1811,-42.5139,51695.4,7.006,1.51898,0.966697,0.0,LLLYFLLGTLLGALLGLLILI,0.888848940155324,0.0744403373682714,G,99999900.0,-34.8325,-9.1518,10.964,7,G,I
LLLTVLLGLLLGLLLGFLILI,WT,LLLTVLLILLLGLLLGFLILI,clash,LLLTVLLGLLLGLLLGFLILI_2,1.1001100110011e+17,1.0,-54.9992,-49.7414,-44.9562,-226.138,-228.708,-239.979,-346.126,4552.35,3722.53,3645.16,-32.923,-18.5234,-97.9115,-86.2001,-61.1906,-88.4589,43.0354,-44.6274,6.44294,5.57862,4.72415,-15.838,-94.6454,29.8466,-40.7669,-361.997,7.1745,4.7261,3.6738,2.0,LLLTVLLGLLLGLLLGFLILI,0.592482783995343,0.0297385193360666,G,99999900.0,-36.7209,-10.043,13.841000000000008,7,G,I
LLLYLLLGALLGTLLSFLILI,WT,LLLYLLLGALLITLLSFLILI,clash,LLLYLLLGALLGTLLSFLILI_2,1.1001100110011e+17,1.0,-87.8257,-64.8344,-73.9921,-229.752,-226.157,-244.099,-352.576,4590.74,3851.81,3611.13,-32.8979,3295.38,-67.8958,3233.8,-34.4848,-70.5384,60.6479,-49.6731,6.71354,5.26822,4.67794,2073.31,-60.6857,64.7023,-38.4105,3008.78,7.3229,4.33767,3.8082,2.0,LLLYLLLGALLGTLLSFLILI,0.581744937441889,0.0534340156690685,G,99999900.0,-33.410999999999994,-13.833600000000004,14.34699999999998,11,G,I
LLLALLLGALLGTLLSFLILI,WT,LLLALLLIALLGTLLSFLILI,clash,LLLALLLGALLGTLLSFLILI_0,1.1001100110011e+17,1.0,-87.5111,-82.9814,-73.9598,-217.176,-213.266,-233.4,-356.946,4442.12,3739.07,3599.94,-32.4267,-17.3037,-84.6853,-78.0026,-49.5867,-86.3449,55.5528,-46.3318,6.18455,6.95136,6.28465,-15.1578,-74.197,65.2656,-42.419,-374.25,6.5325,6.44041,5.91939,0.0,LLLALLLGALLGTLLSFLILI,1.10077602554293,0.10841874553529,G,99999900.0,-35.0986,-13.551299999999998,16.224000000000018,7,G,I
LLLWSLLTLLLGVLLAFLILI,WT,LLLWSLLILLLGVLLAFLILI,clash,LLLWSLLTLLLGVLLAFLILI_1,1.1001100110011e+17,1.0,-71.0853,-71.4998,-58.686,-232.421,-230.709,-251.005,-354.854,4725.78,3812.23,3602.11,-32.3543,148.58,-83.7021,95.9356,-45.1634,-61.2269,56.9762,-43.5863,7.73997,3.37582,2.73046,102.91,-58.1657,52.5749,-41.2091,-213.576,7.4407,2.32247,1.61109,1.0,LLLWSLLTLLLGVLLAFLILI,0.293377183227332,0.0518989707932593,G,99999900.0,-38.5387,-12.399300000000004,18.584000000000003,7,T,I
LLLYILLGLLLGTLLASLILI,WT,LLLYILLGLLLITLLASLILI,clash,LLLYILLGLLLGTLLASLILI_2,1.1001100110011e+17,1.0,-83.0258,-84.3341,-74.0156,-226.321,-215.206,-242.917,-366.336,4552.73,3797.52,3559.45,-32.0771,118.28,-89.066,51.4843,-49.4036,-95.3462,51.9102,-48.4287,6.8681,7.80981,7.08846,-2.33195,-97.764,38.4753,-38.0973,-355.567,7.04,6.35877,5.4359,2.0,LLLYILLGLLLGTLLASLILI,0.33893921343096,0.0284993242915619,G,99999900.0,-39.662400000000005,-9.010199999999998,16.596000000000004,11,G,I
LLLVYLLATLLGILLALLILI,WT,LLLVYLLATLLIILLALLILI,clash,LLLVYLLATLLGILLALLILI_0,1.1001100110011e+17,1.0,-69.8685,-70.7631,-58.7295,-224.274,-220.774,-239.987,-358.292,4566.53,3685.74,3627.3,-31.9577,-26.9802,-96.1077,-93.735,-59.5754,-66.7525,58.041,-44.7269,7.01062,4.34842,3.71903,-26.6637,-65.984,55.7173,-41.1231,-385.273,6.918,3.91944,3.2552,0.0,LLLVYLLATLLGILLALLILI,0.353775962345188,0.0803543933710716,G,99999900.0,-36.53229999999999,-11.138999999999996,15.712999999999994,11,G,I
LLLSYLLFVLLGILLALLILI,WT,LLLSYLLFVLLIILLALLILI,clash,LLLSYLLFVLLGILLALLILI_0,1.1001100110011e+17,1.0,-66.7019,-58.21,-44.9887,-234.275,-231.562,-252.888,-350.835,4617.46,3666.63,3614.31,-31.8762,908.62,-81.734,847.558,-52.9577,-56.3648,52.9309,-48.3788,7.69353,2.10039,1.39435,866.027,-52.0033,51.666,-44.2967,557.785,7.439,1.27541,0.550401,0.0,LLLSYLLFVLLGILLALLILI,0.577444010965661,0.0624599162914843,G,99999900.0,-28.776299999999992,-21.713199999999997,18.613,11,G,I
LLLLFLLATLLGYLLSILILI,WT,LLLLFLLATLLIYLLSILILI,clash,LLLLFLLATLLGYLLSILILI_0,1.1001100110011e+17,1.0,-76.3792,-75.4692,-74.0056,-234.023,-221.805,-245.466,-359.39,4659.21,3678.18,3624.33,-31.6928,-17.902,-80.6812,-80.0181,-39.9192,-72.2379,70.4289,-42.1327,7.55117,6.84359,6.40002,-17.8493,-75.6695,54.0605,-40.3366,-377.292,7.5,5.14859,4.4595,0.0,LLLLFLLATLLGYLLSILILI,0.459536997590713,0.0518402730691943,G,99999900.0,-40.76200000000001,-2.373599999999996,11.443000000000012,11,G,I
LLLSYLLILLLGTLLAFLILI,WT,LLLSYLLILLLITLLAFLILI,clash,LLLSYLLILLLGTLLAFLILI_2,1.1001100110011e+17,1.0,-77.5021,-80.5431,-58.7724,-235.899,-233.19,-254.115,-358.48,4648.53,3755.63,3610.15,-31.4653,76.6867,-76.5443,31.9396,-45.5928,-59.2179,59.6636,-44.173,7.74884,3.43728,2.83223,60.5926,-58.1657,52.5749,-41.2091,-281.794,7.4407,2.32247,1.61109,2.0,LLLSYLLILLLGTLLAFLILI,0.346355775922211,0.0601204914912728,G,99999900.0,-30.95150000000001,-18.7297,18.216000000000008,11,G,I
LLLSYLLVALLGLLLGFLILI,WT,LLLSALLVALLGLLLGFLILI,void,LLLSYLLVALLGLLLGFLILI_2,1.1001100110011e+17,1.0,-63.4627,-62.4916,-44.9412,-232.247,-227.768,-249.798,-340.968,4597.83,3813.77,3559.34,-31.3426,37703.7,-76.6006,37653.0,-46.229,-58.4163,65.6615,-44.546,8.1213,4.12674,3.61167,37067.7,-56.9491,49.4969,-37.5681,37343.7,7.4308,1.72445,0.966904,2.0,LLLSYLLVALLGLLLGFLILI,0.584662461110347,0.0077118278870199,G,99999900.0,-30.3716,-18.5215,17.550999999999988,4,Y,A
LLLFGLLATLLGVLLSLLILI,WT,LLLFGLLATLLIVLLSLLILI,clash,LLLFGLLATLLGVLLSLLILI_0,1.1001100110011e+17,1.0,-71.0782,-65.8862,-74.1264,-230.58,-222.614,-235.085,-357.212,4553.55,3680.07,3728.36,-31.1229,-20.4364,-86.6768,-89.1478,-47.9997,-67.7405,62.2765,-42.4509,7.53575,5.06839,4.50254,-20.1112,-73.2508,43.1479,-42.798,-377.648,7.4823,3.31258,2.4598,0.0,LLLFGLLATLLGVLLSLLILI,0.463623137627989,0.0499627582669887,G,99999900.0,-38.6771,3.0482000000000085,4.504999999999996,11,G,I
LLLYFLLATLLGILLALLILI,WT,LLLYFLLATLLIILLALLILI,clash,LLLYFLLATLLGILLALLILI_1,1.1001100110011e+17,1.0,-66.2998,-65.9438,-58.7599,-228.477,-228.204,-248.144,-346.686,4690.38,3763.49,3711.86,-31.0751,-10.5857,-82.9841,-63.123,-39.782,-66.4453,54.7534,-48.225,7.01263,3.8585,3.1798,-17.2337,-63.7124,52.8763,-44.516,-362.158,6.9734,3.19516,2.4883,1.0,LLLYFLLATLLGILLALLILI,0.278553156702368,0.0770365071872632,G,99999900.0,-43.2021,-7.539900000000003,19.667,11,G,I
LLLGLLLGALLGTLLSFLILI,WT,LLLGLLLGALLITLLSFLILI,clash,LLLGLLLGALLGTLLSFLILI_0,1.1001100110011e+17,1.0,-87.1493,-77.0075,-74.0016,-217.871,-213.989,-235.279,-355.239,4400.73,3709.6,3564.59,-30.9664,-18.7351,-81.1846,-82.9772,-45.9576,-64.1958,76.2812,-37.7066,6.56985,6.42732,6.07154,-17.5801,-70.6341,63.5646,-35.8262,-373.974,6.7474,5.67633,5.1298,0.0,LLLGLLLGALLGTLLSFLILI,1.12285171586036,0.0535875040415068,G,99999900.0,-35.227000000000004,-13.1477,17.407999999999987,11,G,I
LLLTYLLAVLLGLLLGFLILI,WT,LLLTYLLAVLLILLLGFLILI,clash,LLLTYLLAVLLGLLLGFLILI_2,1.1001100110011e+17,1.0,-56.1785,-55.8749,-44.9568,-230.601,-226.013,-248.52,-340.209,4613.55,3764.73,3449.14,-30.953,26801.1,-84.3825,26742.8,-46.732,-66.6415,49.3213,-46.0388,6.75411,3.15461,2.39443,12280.2,-62.6538,43.9976,-40.9419,26460.9,6.5,1.83774,0.997703,2.0,LLLTYLLAVLLGLLLGFLILI,0.94755545270992,0.0416934533394447,G,99999900.0,-37.6505,-11.221699999999998,17.91900000000001,11,G,I
LLLAYLLGVLLGLLLSFLILI,WT,LLLAYLLGVLLILLLSFLILI,clash,LLLAYLLGVLLGLLLSFLILI_2,1.1001100110011e+17,1.0,-74.7891,-71.8153,-60.3304,-219.048,-218.96,-242.921,-347.722,4552.46,3657.66,3601.13,-30.8562,-27.4364,-84.7418,-84.383,-44.471,-85.759,42.1839,-47.045,6.83581,5.05868,4.19144,-20.8804,-85.0833,46.26,-43.2731,-372.15,7.339,5.5076,4.7015,2.0,LLLAYLLGVLLGLLLSFLILI,1.11056360834883,0.0814870704020987,G,99999900.0,-40.2708,-14.458700000000007,23.87299999999999,11,G,I
LLLAFLLGLLLGTLLTVLILI,WT,LLLAFLLILLLGTLLTVLILI,clash,LLLAFLLGLLLGTLLTVLILI_0,1.1001100110011e+17,1.0,-78.0455,-75.8857,-72.4773,-223.573,-220.754,-237.516,-353.277,4501.74,3716.73,3586.56,-30.3085,-22.7997,-81.9673,-79.4372,-43.2843,-72.3435,52.1913,-42.044,6.57944,4.39735,3.68022,-21.758,-63.2674,60.5559,-36.2287,-376.077,7.0661,4.16516,3.5735,0.0,LLLAFLLGLLLGTLLTVLILI,1.40703661180701,0.123645848822005,G,99999900.0,-38.68299999999999,-5.5682000000000045,13.942999999999984,7,G,I
LLLYLLLGALLGILLSTLILI,WT,LLLYLLLGALLIILLSTLILI,clash,LLLYLLLGALLGILLSTLILI_2,1.1001100110011e+17,1.0,-87.8849,-84.2539,-74.098,-225.831,-222.402,-243.131,-366.528,4545.06,3683.22,3700.64,-29.8955,-20.4119,-82.7067,-80.284,-49.2984,-72.4414,62.446,-43.0112,6.54645,5.79642,5.23311,-16.732,-63.07,66.418,-42.249,-383.164,7.1117,4.92693,4.4232,2.0,LLLYLLLGALLGILLSTLILI,0.81997238412789,0.0706331230567297,G,99999900.0,-33.4083,-13.786900000000005,17.30000000000001,11,G,I
LLLYGLLFALLGTLLSLLILI,WT,LLLYGLLFALLGTLLSALILI,void,LLLYGLLFALLGTLLSLLILI_0,1.1001100110011e+17,1.0,-84.7943,-76.5236,-74.0094,-231.712,-223.825,-245.08,-351.817,4612.19,3858.2,3786.28,-29.5268,-16.1146,-64.8374,-67.5824,-32.727,-60.2611,76.5547,-41.2768,6.49335,5.87404,5.52236,-15.5061,-64.5043,61.457,-37.6682,-367.931,6.656,4.47234,3.89419,0.0,LLLYGLLFALLGTLLSLLILI,0.201820163038714,0.0246372771930771,G,99999900.0,-32.110400000000006,-10.784900000000007,13.368000000000023,16,L,A
LLLYFLLAVLLGLLLGTLILI,WT,LLLYFLLIVLLGLLLGTLILI,clash,LLLYFLLAVLLGLLLGTLILI_0,1.1001100110011e+17,1.0,-62.4705,-60.3616,-58.7556,-230.136,-227.336,-244.883,-337.368,4699.11,3567.92,3581.88,-29.4048,-23.8917,-74.1664,-73.5613,-33.7288,-73.0152,36.8474,-41.5935,6.86622,2.42668,1.47939,-22.3846,-71.1719,34.5088,-41.0473,-361.259,6.9662,1.83447,0.852102,0.0,LLLYFLLAVLLGLLLGTLILI,0.30307986497919,0.0651692469687096,G,99999900.0,-40.4376,-3.7149,14.747000000000014,7,A,I
LLLSTLLGALLGLLLGFLILI,WT,LLLSTLLGALLGLLLIFLILI,clash,LLLSTLLGALLGLLLGFLILI_0,1.1001100110011e+17,1.0,-71.7335,-68.5954,-44.8671,-217.318,-216.517,-252.927,-350.948,4480.13,3553.89,3566.3,-29.2663,-20.1158,-91.1623,-85.9513,-53.1541,-66.4376,69.7948,-35.2262,6.40853,5.88795,5.43487,-21.2744,-68.8242,63.6738,-35.7825,-371.064,6.5843,5.41959,4.8747,0.0,LLLSTLLGALLGLLLGFLILI,0.921588079723441,0.0542226086819605,G,99999900.0,-38.0082,-26.86640000000001,35.60899999999998,15,G,I
LLLYGLLFLLLGVLLASLILI,WT,LLLYGLLILLLGVLLASLILI,clash,LLLYGLLFLLLGVLLASLILI_0,1.1001100110011e+17,1.0,-66.7508,-69.1034,-60.3826,-230.127,-223.613,-244.353,-342.669,4679.64,3845.23,3672.04,-28.7714,-20.3789,-74.5627,-70.3315,-37.9329,-68.3016,61.0098,-44.1491,7.21905,4.98156,4.39671,-20.0746,-65.984,55.7173,-41.1231,-363.047,6.918,3.91944,3.2552,0.0,LLLYGLLFLLLGVLLASLILI,0.349213686049056,0.0719454710966091,G,99999900.0,-36.62980000000001,-6.368200000000002,14.226,7,F,I
LLLYFLLALLLGVLLGTLILI,WT,LLLYFLLILLLGVLLGTLILI,clash,LLLYFLLALLLGVLLGTLILI_0,1.1001100110011e+17,1.0,-60.0935,-64.6672,-58.7258,-233.5,-221.74,-245.325,-337.758,4656.96,3578.12,3510.02,-28.6578,-23.7551,-72.8225,-75.1056,-33.7069,-83.5165,41.0163,-32.018,7.80494,4.56468,3.67992,-23.3286,-72.2097,37.011,-35.0,-361.513,7.3038,2.32794,1.3831,0.0,LLLYFLLALLLGVLLGTLILI,0.332705079794464,0.0950996727451971,G,99999900.0,-39.11560000000001,-1.3676999999999992,11.824999999999989,7,A,I
LLLYVLLATLLGLLLGFLILI,WT,LLLYVLLATLLGLLLGALILI,void,LLLYVLLATLLGLLLGFLILI_0,1.1001100110011e+17,1.0,-65.945,-66.8369,-58.7168,-231.148,-222.718,-245.137,-340.649,4614.05,3996.22,3684.26,-28.483,-20.3736,-72.0391,-71.4685,-36.7952,-68.8725,56.9525,-45.5209,6.54801,4.51947,3.87376,-20.7222,-65.7313,50.1254,-42.5945,-361.023,6.5,3.12662,2.3785,0.0,LLLYVLLATLLGLLLGFLILI,0.329130102366268,0.0381047644779614,G,99999900.0,-35.243900000000004,-7.228199999999994,13.989000000000004,16,F,A
LLLSTLLGALLGLLLAVLILI,WT,LLLSTLLGALLILLLAVLILI,clash,LLLSTLLGALLGLLLAVLILI_2,1.1001100110011e+17,1.0,-71.6597,-73.6306,-44.8908,-216.924,-214.575,-251.685,-365.853,4457.29,3562.07,3534.97,-28.3075,34.4964,-105.577,-43.1512,-69.2765,-74.5802,62.4375,-36.9936,6.68774,6.1161,5.55266,24.7585,-68.8242,63.6738,-35.7825,-331.356,6.5843,5.41959,4.8747,2.0,LLLSTLLGALLGLLLAVLILI,0.997851092018697,0.0426246085352861,G,99999900.0,-36.3005,-26.7689,34.761,11,G,I
LLLYGLLFALLGILLTLLILI,WT,LLLYGLLFALLGILLILLILI,clash,LLLYGLLFALLGILLTLLILI_0,1.1001100110011e+17,1.0,-62.1536,-62.2616,-58.7811,-229.807,-224.042,-247.16,-344.278,4647.51,3733.7,3686.52,-28.2666,-19.681,-80.5845,-77.6558,-38.3375,-68.732,65.7314,-36.4739,6.65498,5.68353,5.1695,-19.6463,-64.5043,61.457,-37.6682,-363.959,6.656,4.47234,3.89419,0.0,LLLYGLLFALLGILLTLLILI,0.300534368039989,0.0344152633936583,G,99999900.0,-42.24700000000001,-3.372499999999995,17.35300000000001,15,T,I
LLLYILLGLLLGTLLAFLILI,WT,LLLYILLGLLLITLLAFLILI,clash,LLLYILLGLLLGTLLAFLILI_0,1.1001100110011e+17,1.0,-64.5284,-66.0716,-58.718,-233.32,-223.872,-245.856,-344.416,4620.04,3774.29,3595.63,-28.199,1002.08,-74.7665,947.608,-39.8414,-53.7146,85.1722,-40.5927,7.30631,6.05544,5.83302,996.455,-60.6857,64.7023,-38.4105,657.664,7.3229,4.33767,3.8082,0.0,LLLYILLGLLLGTLLAFLILI,0.267533611749477,0.079529630066097,G,99999900.0,-34.92509999999999,-5.810400000000001,12.536,11,G,I
LLLTVLLGALLGILLSLLILI,WT,LLLTVLLGALLIILLSLLILI,clash,LLLTVLLGALLGILLSLLILI_2,1.1001100110011e+17,1.0,-73.8375,-74.0442,-60.2863,-222.565,-222.716,-238.209,-370.03,4454.09,3659.24,3677.21,-28.1139,-25.5241,-101.741,-98.7939,-71.5339,-70.1584,67.8016,-43.3554,6.94017,6.17697,5.694,-20.3816,-63.7261,69.6712,-42.7158,-390.435,7.3752,5.46453,5.0096,2.0,LLLTVLLGALLGILLSLLILI,0.374742614502315,0.0327169700127431,G,99999900.0,-30.2071,-13.551200000000009,15.644000000000004,11,G,I
LLLLTLLVGLLFALLYGLILI,WT,LLLLTLLVILLFALLYGLILI,clash,LLLLTLLVGLLFALLYGLILI_2,1.1001100110011e+17,1.0,-51.878,-48.9606,-44.9471,-224.977,-224.319,-240.912,-328.671,4650.37,3711.44,3692.81,-27.8546,-19.4499,-79.6709,-74.8415,-42.8121,-38.6955,77.068,-40.373,7.13733,2.7085,2.36452,-14.5025,-33.3677,74.3197,-39.8132,-343.8,7.0315,1.53831,1.15311,2.0,LLLLTLLVGLLFALLYGLILI,0.274779362187683,0.0391372737226246,G,99999900.0,-36.8588,-6.930900000000001,15.935000000000002,8,G,I
LLLLVLLIGLLFGLLFALILI,WT,LLLLVLLIILLFGLLFALILI,clash,LLLLVLLIGLLFGLLFALILI_0,1.1001100110011e+17,1.0,-44.9897,-44.9897,-44.9897,-227.902,-219.076,-239.544,-328.247,4619.78,3816.55,3647.49,-27.8482,-19.394,-83.2038,-83.575,-43.7135,-31.7523,88.8339,-41.9175,7.19067,3.25543,3.08794,-19.3734,-36.3206,72.3714,-40.8966,-347.641,7.2598,1.71823,1.3038,0.0,LLLLVLLIGLLFGLLFALILI,0.99495754936484,0.0647629432703646,G,99999900.0,-39.4903,0.0,11.642000000000024,8,G,I
LLLYVLLFTLLGALLGLLILI,WT,LLLYVLLFTLLIALLGLLILI,clash,LLLYVLLFTLLGALLGLLILI_1,1.1001100110011e+17,1.0,-67.5606,-66.86,-58.7108,-227.567,-227.122,-244.94,-341.06,4602.48,3895.77,3813.16,-27.8242,-5.74464,-73.7564,-52.8225,-37.4092,-47.1934,67.5556,-48.0015,6.72359,2.69902,2.21235,-3.91634,-42.798,67.046,-44.058,-342.976,7.0511,1.97091,1.4766,1.0,LLLYVLLFTLLGALLGLLILI,0.234989882012887,0.0332055999331679,G,99999900.0,-36.3472,-8.849799999999995,17.37299999999999,11,G,I
LLLTGLLFALLGILLSLLILI,WT,LLLTGLLAALLGILLSLLILI,void,LLLTGLLFALLGILLSLLILI_1,1.1001100110011e+17,1.0,-71.025,-68.9457,-60.3521,-225.332,-226.475,-242.059,-357.004,4554.95,3733.55,3625.16,-27.7412,-27.5609,-88.3887,-89.145,-54.5935,-67.1174,57.3259,-45.5359,6.67745,4.30661,3.6665,-26.5916,-63.9595,61.7605,-42.8864,-383.824,6.8445,4.43159,3.858,1.0,LLLTGLLFALLGILLSLLILI,0.346864385110761,0.0032073655435774,G,99999900.0,-33.7952,-10.672900000000006,16.727000000000004,7,F,A
LLLSYLLVLLLGALLGFLILI,WT,LLLSALLVLLLGALLGFLILI,void,LLLSYLLVLLLGALLGFLILI_2,1.1001100110011e+17,1.0,-66.336,-68.2701,-44.9843,-229.782,-231.461,-249.795,-340.466,4624.26,3651.08,3468.63,-27.6836,4280.05,-72.0313,4239.31,-45.6874,-46.4585,70.7855,-50.3229,6.94224,3.02482,2.5866,3955.65,-47.4319,67.7648,-45.0,3920.32,6.6781,2.76303,2.2795,2.0,LLLSYLLVLLLGALLGFLILI,0.72536488091706,0.0140943484953068,G,99999900.0,-26.343900000000005,-21.3517,20.012999999999977,4,Y,A
LLLTVLLGLLLGFLLSALILI,WT,LLLTVLLILLLGFLLSALILI,clash,LLLTVLLGLLLGFLLSALILI_2,1.1001100110011e+17,1.0,-68.4505,-59.2011,-60.2116,-220.891,-220.564,-239.134,-354.65,4506.17,3739.3,3625.34,-27.6655,-18.0657,-92.9747,-92.9513,-55.3045,-92.8798,36.9481,-50.0512,6.8624,5.41997,4.47419,-21.3505,-95.479,27.325,-44.2015,-375.7,7.2798,4.51072,3.42059,2.0,LLLTVLLGLLLGFLLSALILI,0.791905527646259,0.0618664101213363,G,99999900.0,-37.6702,-8.238900000000008,18.242999999999995,7,G,I
LLLYGLLFLLLGVLLATLILI,WT,LLLYGLLFLLLGVLLITLILI,clash,LLLYGLLFLLLGVLLATLILI_1,1.1001100110011e+17,1.0,-63.4679,-63.8461,-58.8381,-233.222,-232.531,-245.733,-339.747,4670.87,3750.53,3667.42,-27.6423,29.1074,-70.6992,-14.2623,-35.1759,-74.0218,49.047,-38.3841,7.42122,4.22462,3.46033,-25.0839,-73.2508,43.1479,-42.798,-364.538,7.4823,3.31258,2.4598,1.0,LLLYGLLFLLLGVLLATLILI,0.436939740064447,0.0285572789256492,G,99999900.0,-35.523300000000006,-4.629800000000003,12.510999999999996,15,A,I
LLLVTLLLTLLGALLSALILI,WT,LLLATLLLTLLGALLSALILI,void,LLLVTLLLTLLGALLSALILI_0,1.1001100110011e+17,1.0,-78.4193,-68.8739,-74.1219,-228.539,-218.781,-235.375,-375.531,4457.55,3752.41,3682.65,-27.561,-9.60554,-96.1341,-97.4823,-66.0343,-28.2173,99.097,-39.423,7.65347,4.11069,4.09715,-9.60576,-35.1672,74.1308,-38.712,-385.137,7.5,1.78274,1.3947,0.0,LLLVTLLLTLLGALLSALILI,0.300969993583195,0.0366778220770425,G,99999900.0,-30.0998,-4.29740000000001,6.836000000000013,3,V,A
LLLGYLLALLLGTLLSFLILI,WT,LLLGYLLILLLGTLLSFLILI,clash,LLLGYLLALLLGTLLSFLILI_2,1.1001100110011e+17,1.0,-80.1234,-77.5196,-74.0304,-230.157,-226.511,-246.401,-357.941,4572.88,3745.51,3604.41,-27.3622,-24.9684,-75.0226,-78.879,-37.5096,-72.3552,56.4751,-41.2524,7.07671,4.97743,4.32456,-24.4171,-68.9875,54.3485,-39.7512,-382.78,6.8746,4.18517,3.5004,2.0,LLLGYLLALLLGTLLSFLILI,0.627312732238995,0.0522604130780391,G,99999900.0,-37.513,-6.093000000000004,16.244,7,A,I
LLLYVLLALLLGTLLGFLILI,WT,LLLYVLLALLLITLLGFLILI,clash,LLLYVLLALLLGTLLGFLILI_0,1.1001100110011e+17,1.0,-59.8141,-59.711,-58.7232,-232.845,-228.053,-245.129,-340.67,4630.28,3645.86,3602.07,-27.2545,-20.9266,-75.2653,-73.8332,-36.8178,-67.9928,46.4551,-38.4074,6.88534,2.97037,2.1672,-20.5644,-71.1719,34.5088,-41.0473,-361.597,6.9662,1.83447,0.852102,0.0,LLLYVLLALLLGTLLGFLILI,0.194091600839591,0.0219587648404322,G,99999900.0,-38.4475,-1.0909000000000049,12.283999999999992,11,G,I
LLLTFLLGILLGVLLSLLILI,WT,LLLTFLLGILLIVLLSLLILI,clash,LLLTFLLGILLGVLLSLLILI_0,1.1001100110011e+17,1.0,-67.1965,-61.3404,-60.3629,-225.844,-222.234,-241.778,-358.396,4570.21,3649.25,3567.03,-27.1168,-16.4532,-92.4724,-91.2748,-56.2552,-97.2596,48.3051,-38.7102,7.27677,7.61014,6.83471,-15.7248,-98.6157,38.1977,-36.4813,-374.849,7.493,6.44904,5.522,0.0,LLLTFLLGILLGVLLSLLILI,1.26910160103882,0.0744492171657757,G,99999900.0,-36.21719999999999,-6.833599999999997,15.933999999999996,11,G,I
LLLTFLLAVLLGLLLGSLILI,WT,LLLTFLLAVLLILLLGSLILI,clash,LLLTFLLAVLLGLLLGSLILI_0,1.1001100110011e+17,1.0,-67.4916,-67.9558,-60.2706,-224.601,-222.325,-240.694,-353.869,4576.44,3704.58,3540.11,-27.0086,17824.3,-88.7857,17760.7,-52.9043,-59.1896,55.9769,-46.5586,7.33995,2.93532,2.27497,16313.2,-62.877,50.983,-41.0408,17470.4,7.3408,2.81426,2.07901,0.0,LLLTFLLAVLLGLLLGSLILI,0.656549459724966,0.0888558783029159,G,99999900.0,-35.881400000000006,-7.221000000000004,16.09299999999999,11,G,I
LLLVALLALLLGTLLSFLILI,WT,LLLVALLALLLITLLSFLILI,clash,LLLVALLALLLGTLLSFLILI_0,1.1001100110011e+17,1.0,-74.0371,-74.0769,-74.0748,-225.467,-222.325,-237.392,-363.757,4533.23,3638.66,3589.65,-27.0071,-22.8188,-91.2598,-90.1735,-52.2907,-65.1475,61.5042,-37.6164,6.60817,4.57519,3.99776,-22.7339,-68.1464,52.7276,-38.529,-386.576,6.6534,3.84019,3.1311,0.0,LLLVALLALLLGTLLSFLILI,0.308707033990314,0.0421196357767263,G,99999900.0,-38.9691,0.0377000000000009,11.924999999999985,11,G,I
LLLAALLFSLLGLLLGTLILI,WT,LLLAALLFSLLGALLGTLILI,void,LLLAALLFSLLGLLLGTLILI_0,1.1001100110011e+17,1.0,-81.6033,-79.3024,-74.0983,-223.892,-213.762,-233.91,-354.98,4478.19,3694.36,3679.1,-26.9172,-11.2466,-76.4018,-73.1613,-46.9713,-51.9674,74.0913,-37.3657,6.64975,4.29744,3.90881,-11.0696,-43.753,64.4796,-35.9038,-366.226,6.884,1.7677,1.23489,0.0,LLLAALLFSLLGLLLGTLILI,0.318715748093607,0.0638814243921886,G,99999900.0,-29.430499999999995,-7.50500000000001,10.018,12,L,A
LLLTALLAFLLGVLLGLLILI,WT,LLLTALLAFLLIVLLGLLILI,clash,LLLTALLAFLLGVLLGLLILI_0,1.1001100110011e+17,1.0,-50.3566,-54.4724,-44.9299,-217.649,-215.151,-239.294,-341.718,4519.1,3426.88,3411.58,-26.8092,1552.52,-100.521,1480.42,-57.4944,-63.7398,60.0345,-33.7875,7.06759,4.16562,3.56614,255.07,-66.9239,51.0441,-36.0241,1210.8,6.7893,3.42954,2.6952,0.0,LLLTALLAFLLGVLLGLLILI,1.19741988807036,0.103400464105555,G,99999900.0,-43.0266,-5.426699999999997,21.64500000000001,11,G,I
LLLYFLLTILLGVLLALLILI,WT,LLLYFLLTILLIVLLALLILI,clash,LLLYFLLTILLGVLLALLILI_0,1.1001100110011e+17,1.0,-59.9777,-62.6932,-58.7631,-238.783,-230.857,-249.709,-347.559,4712.78,3790.74,3717.76,-26.564,751.228,-75.3625,697.219,-39.0869,-60.4446,69.3359,-46.3258,7.40595,4.92704,4.46708,642.479,-53.1809,65.2257,-42.5009,403.669,7.3951,3.28261,2.761,0.0,LLLYFLLTILLGVLLALLILI,0.441204728190261,0.071887290077802,G,99999900.0,-36.2756,-1.2145999999999972,10.926000000000016,11,G,I
LLLLVLLTGLLFGLLYALILI,WT,LLLLVLLTGLLFILLYALILI,clash,LLLLVLLTGLLFGLLYALILI_0,1.1001100110011e+17,1.0,-58.7605,-58.7605,-58.7605,-231.328,-219.986,-240.497,-338.361,4611.05,3752.18,3584.7,-26.5088,-12.8994,-74.7812,-72.5138,-39.1039,-29.8613,95.0993,-41.8286,7.24525,3.8176,3.74409,-12.958,-36.3206,72.3714,-40.8966,-351.261,7.2598,1.71823,1.3038,0.0,LLLLVLLTGLLFGLLYALILI,0.336989806535836,0.0474038370919786,G,99999900.0,-35.677299999999995,0.0,9.169000000000011,12,G,I
LLLFALLASLLGILLTLLILI,WT,LLLFALLASLLGILLILLILI,clash,LLLFALLASLLGILLTLLILI_2,1.1001100110011e+17,1.0,-77.1749,-77.9528,-74.1364,-220.679,-217.49,-237.372,-364.881,4562.89,3642.58,3678.2,-26.3468,-4.50382,-93.3745,-73.9422,-53.3732,-70.3327,61.8423,-41.024,6.77693,5.39862,4.82625,-9.4575,-63.0433,66.4747,-39.1069,-376.887,7.1192,4.93058,4.4277,2.0,LLLFALLASLLGILLTLLILI,0.210367769757527,0.0184788013513758,G,99999900.0,-40.0013,-3.038499999999999,16.693000000000012,15,T,I
LLLVTLLLGLLFALLSTLILI,WT,LLLVTLLLILLFALLSTLILI,clash,LLLVTLLLGLLFALLSTLILI_0,1.1001100110011e+17,1.0,-82.967,-82.4298,-74.2333,-227.603,-222.444,-240.028,-367.556,4533.91,3693.25,3587.76,-26.1611,-19.7079,-83.1476,-82.3899,-53.2951,-38.0369,81.7087,-40.6455,7.55506,3.23621,2.96184,-19.2501,-35.3319,75.5554,-40.8432,-387.264,7.5,1.99977,1.6331,0.0,LLLVTLLLGLLFALLSTLILI,0.269592519301504,0.0529644088186293,G,99999900.0,-29.8525,-8.733699999999999,12.424999999999985,8,G,I
LLLYFLLATLLGVLLSLLILI,WT,LLLYFLLATLLIVLLSLLILI,clash,LLLYFLLATLLGVLLSLLILI_2,1.1001100110011e+17,1.0,-85.1982,-72.62,-74.1442,-226.283,-228.463,-248.691,-357.884,4687.88,3909.77,3767.44,-26.047,87.2037,-72.4496,30.4023,-35.0484,-67.6928,55.4785,-48.5409,7.32859,4.14352,3.4757,-13.7243,-69.3266,52.1387,-41.8459,-372.798,7.431,3.93772,3.2198,2.0,LLLYFLLATLLGVLLSLLILI,0.353636336785937,0.0432125674754976,G,99999900.0,-37.4012,-11.054000000000002,22.408000000000012,11,G,I
LLLYALLALLLGTLLSFLILI,WT,LLLYALLALLLITLLSFLILI,clash,LLLYALLALLLGTLLSFLILI_0,1.1001100110011e+17,1.0,-74.1668,-74.0211,-74.0925,-232.841,-225.822,-246.272,-356.494,4634.81,3896.42,3676.76,-25.9788,-18.9588,-75.4644,-75.6098,-36.1297,-63.2106,79.0996,-38.353,7.20802,6.66003,6.34652,-18.7226,-66.9322,64.0684,-37.8112,-375.453,7.282,5.18907,4.6501,0.0,LLLYALLALLLGTLLSFLILI,0.239186721390603,0.0395093616749004,G,99999900.0,-39.3347,-0.0742999999999938,13.430999999999983,11,G,I
LLLSYLLFLLLGVLLGSLILI,WT,LLLSYLLFLLLIVLLGSLILI,clash,LLLSYLLFLLLGVLLGSLILI_2,1.1001100110011e+17,1.0,-78.8442,-82.1631,-60.3605,-232.436,-227.394,-249.58,-353.246,4616.99,3802.5,3564.37,-25.6805,796.676,-67.6472,752.987,-43.3062,-67.4615,54.8791,-45.7041,8.40022,4.02791,3.3511,236.931,-62.877,50.983,-41.0408,443.43,7.3408,2.81426,2.07901,2.0,LLLSYLLFLLLGVLLGSLILI,0.767586443770055,0.0498233017435356,G,99999900.0,-24.341,-18.4837,17.144000000000005,11,G,I
LLLSYLLALLLGFLLGTLILI,WT,LLLSYLLALLLIFLLGTLILI,clash,LLLSYLLALLLGFLLGTLILI_0,1.1001100110011e+17,1.0,-81.1068,-90.0626,-58.7285,-230.942,-230.463,-250.905,-349.475,4585.1,3723.26,3524.67,-25.6064,39644.6,-63.0316,39615.6,-39.8406,-46.9877,61.9759,-48.0273,7.52109,1.91491,1.34455,16492.7,-53.2783,54.8563,-43.0796,39295.1,6.5679,1.89735,1.2202,0.0,LLLSYLLALLLGFLLGTLILI,1.09751743237958,0.0784048096149595,G,99999900.0,-23.190999999999995,-22.37830000000001,19.962999999999997,11,G,I
LLLTYLLGVLLGLLLSFLILI,WT,LLLTYLLGVLLILLLSFLILI,clash,LLLTYLLGVLLGLLLSFLILI_0,1.1001100110011e+17,1.0,-74.0257,-67.965,-60.3458,-220.33,-218.469,-251.533,-355.029,4594.74,3655.41,3632.02,-25.5589,-13.0371,-86.2324,-81.6326,-43.1508,-92.6268,31.4462,-46.3147,6.33514,4.63925,3.61094,-13.6235,-97.5099,26.7148,-43.9703,-368.066,7.0225,4.73298,3.6337,0.0,LLLTYLLGVLLGLLLSFLILI,0.99609879385529,0.0603019972491105,G,99999900.0,-43.0816,-13.679900000000004,31.20299999999997,11,G,I
LLLALLLTVLLGGLLFSLILI,WT,LLLALLLTVLLGGLLASLILI,void,LLLALLLTVLLGGLLFSLILI_0,1.1001100110011e+17,1.0,-74.0376,-73.3007,-74.0963,-226.291,-217.066,-235.968,-357.368,4539.15,3746.58,3540.1,-25.5002,-9.60408,-82.5393,-76.6054,-47.3035,-23.9843,92.5128,-44.895,7.18788,2.58686,2.47456,-9.41569,-30.525,71.559,-44.3251,-366.972,7.1169,0.739215,0.3126,0.0,LLLALLLTVLLGGLLFSLILI,0.285907322411218,0.0196124425876371,G,99999900.0,-35.2358,0.0587000000000017,9.676999999999992,15,F,A
LLLAGLLFLLLGTLLSYLILI,WT,LLLAGLLFLLLGTLLIYLILI,clash,LLLAGLLFLLLGTLLSYLILI_0,1.1001100110011e+17,1.0,-78.4919,-75.1791,-74.1054,-225.202,-224.282,-241.571,-352.215,4582.51,3655.13,3608.75,-25.4222,-17.2779,-73.9431,-70.0317,-36.5381,-71.5582,55.9458,-36.2558,6.98874,4.78641,4.1256,-16.5443,-64.7067,61.3173,-36.5921,-369.492,7.395,4.48384,3.9036,0.0,LLLAGLLFLLLGTLLSYLILI,0.152049891326389,0.0382827046323151,G,99999900.0,-37.405,-4.386499999999998,16.369,15,S,I
LLLLVLLTTLLGGLLFALILI,WT,LLLLVLLTTLLGGLLFILILI,clash,LLLLVLLTTLLGGLLFALILI_1,1.1001100110011e+17,1.0,-76.8233,-75.9748,-72.5234,-221.318,-223.069,-236.744,-352.976,4545.39,3794.94,3648.94,-25.3189,-25.199,-80.154,-79.1315,-43.709,-43.0583,70.3275,-46.1708,6.88295,2.45296,2.00788,-17.0205,-38.0441,72.2659,-45.0,-372.722,7.1084,1.96251,1.5465,1.0,LLLLVLLTTLLGGLLFALILI,0.312996594477637,0.0380921567991332,G,99999900.0,-36.44499999999999,-4.299900000000008,15.425999999999988,16,A,I
LLLYLLLGALLAFLLSTLILI,WT,LLLYLLLGALLIFLLSTLILI,clash,LLLYLLLGALLAFLLSTLILI_0,1.1001100110011e+17,1.0,-74.6746,-75.4661,-74.0462,-230.061,-221.931,-245.215,-355.02,4624.31,3790.15,3709.56,-25.0501,-13.8429,-75.3339,-71.4655,-35.7582,-77.654,66.9831,-42.4094,7.35468,7.19083,6.69557,-13.9425,-74.4436,60.1664,-43.4591,-368.862,7.3574,5.789,5.1915,0.0,LLLYLLLGALLAFLLSTLILI,0.193339280921305,0.0216575803903022,G,99999900.0,-39.5757,-0.6283999999999992,15.153999999999996,11,A,I
LLLYVLLFLLLGALLGTLILI,WT,LLLYVLLFALLGALLGTLILI,void,LLLYVLLFLLLGALLGTLILI_2,1.1001100110011e+17,1.0,-63.7157,-70.5456,-58.7437,-225.461,-219.991,-244.948,-340.981,4619.64,3910.04,3724.47,-25.0459,-10.2027,-76.8503,-60.6474,-37.2894,-50.5164,54.6065,-48.0498,6.43778,1.44933,0.768431,-6.37181,-41.6132,59.4908,-39.8529,-351.184,6.5091,0.773238,0.1656,2.0,LLLYVLLFLLLGALLGTLILI,0.183425660406946,0.0441685336413894,G,99999900.0,-39.5609,-4.972000000000001,19.486999999999995,8,L,A
LLLLVLLGALLGTLLSFLILI,WT,LLLLVLLGALLITLLSFLILI,clash,LLLLVLLGALLGTLLSFLILI_0,1.1001100110011e+17,1.0,-83.0368,-80.9268,-74.0199,-223.859,-214.367,-235.631,-357.897,4506.31,3834.13,3699.71,-24.9299,-12.7055,-75.9312,-75.309,-48.2463,-60.5523,83.5304,-40.9545,7.18981,6.85946,6.61241,-11.8629,-62.3587,69.782,-39.5227,-370.603,7.3379,5.27437,4.8211,0.0,LLLLVLLGALLGTLLSFLILI,0.486407457429885,0.0517344917660161,G,99999900.0,-27.68490000000001,-9.016899999999993,11.771999999999991,11,G,I
LLLTSLLLGLLFALLAYLILI,WT,LLLTSLLLGLLFILLAYLILI,clash,LLLTSLLLGLLFALLAYLILI_1,1.1001100110011e+17,1.0,-59.6874,-60.0854,-44.9453,-230.963,-227.518,-252.168,-345.666,4605.82,3735.17,3614.36,-24.7309,11715.5,-79.7461,11657.4,-48.5523,-39.6426,75.7982,-42.8622,7.44851,2.67915,2.31612,8387.79,-40.0595,64.5531,-38.0126,11299.5,7.2779,1.2236,0.691897,1.0,LLLTSLLLGLLFALLAYLILI,0.236643530580443,0.0934876320029112,G,99999900.0,-31.1938,-14.742099999999994,21.205000000000013,12,A,I
LLLTYLLALLLGVLLGSLILI,WT,LLLTYLLALLLIVLLGSLILI,clash,LLLTYLLALLLGVLLGSLILI_2,1.1001100110011e+17,1.0,-70.8343,-65.4912,-60.2923,-226.841,-228.499,-245.168,-361.295,4571.74,3602.14,3505.81,-24.6589,28621.0,-88.2779,28553.7,-55.8342,-66.7231,46.6526,-44.9641,7.02849,2.80656,2.00635,19955.4,-59.4498,45.2469,-38.8459,28246.4,6.6517,1.5258,0.704503,2.0,LLLTYLLALLLGVLLGSLILI,0.87911866926088,0.0730084270855575,G,99999900.0,-32.4437,-10.542000000000002,18.327,11,G,I
LLLYSLLFALLGALLTLLILI,WT,LLLYSLLFALLGALLILLILI,clash,LLLYSLLFALLGALLTLLILI_0,1.1001100110011e+17,1.0,-62.2456,-65.7597,-58.8315,-230.217,-219.368,-246.009,-344.564,4624.23,3953.6,3700.4,-24.6116,180.647,-76.7128,121.21,-39.7239,-62.892,77.3466,-48.422,7.15863,6.37559,6.03579,148.893,-60.6829,69.0631,-38.9844,-163.918,7.1168,4.92595,4.4619,0.0,LLLYSLLFALLGALLTLLILI,0.388084916945927,0.0327447404793642,G,99999900.0,-36.9889,-3.414100000000005,15.791999999999971,15,T,I
LLLTALLVGLLGGLLFLLILI,WT,LLLTALLVILLGGLLFLLILI,clash,LLLTALLVGLLGGLLFLLILI_0,1.1001100110011e+17,1.0,-53.4197,-52.1578,-44.9383,-221.659,-220.442,-238.3,-336.348,4574.35,3827.11,3695.05,-24.5791,-21.724,-85.8484,-85.4723,-53.1098,-48.8715,63.288,-48.5633,6.45213,2.37461,1.82392,-21.402,-45.1876,67.311,-43.6659,-358.072,6.6072,2.36513,1.8748,0.0,LLLTALLVGLLGGLLFLLILI,0.318848298311818,0.0247841725288763,G,99999900.0,-32.7386,-8.4814,16.64100000000002,8,G,I
LLLTYLLAILLGLLLGFLILI,WT,LLLTYLLAILLGLLLIFLILI,clash,LLLTYLLAILLGLLLGFLILI_1,1.1001100110011e+17,1.0,-51.7281,-56.4467,-44.9626,-232.944,-227.76,-250.232,-344.234,4609.53,3792.54,3675.33,-24.4513,7.62003,-84.013,-52.4069,-49.0392,-65.3052,45.733,-45.6803,6.92873,2.46973,1.65572,-16.3287,-61.5471,48.1349,-42.0502,-363.19,7.2784,2.23028,1.4523,1.0,LLLTYLLAILLGLLLGFLILI,0.849979906594468,0.0689949323294422,G,99999900.0,-34.973800000000004,-6.765499999999996,17.28800000000001,15,G,I
LLLTVLLAILLGLLLGFLILI,WT,LLLTVLLAILLILLLGFLILI,clash,LLLTVLLAILLGLLLGFLILI_2,1.1001100110011e+17,1.0,-52.0582,-52.6571,-44.964,-224.166,-221.209,-240.911,-347.61,4515.9,3789.32,3609.58,-24.2915,-11.9696,-95.6772,-85.7135,-61.7352,-67.1264,48.9998,-48.6068,6.84146,3.18393,2.41893,-18.1239,-71.1566,42.8294,-43.0573,-365.782,7.0278,2.95546,2.0979,2.0,LLLTVLLAILLGLLLGFLILI,0.390686029424553,0.0529645959308883,G,99999900.0,-33.942,-7.094200000000001,16.745000000000005,11,G,I
LLLATLLVGLLFGLLFLLILI,WT,LLLATLLVGLLFILLFLLILI,clash,LLLATLLVGLLFGLLFLLILI_0,1.1001100110011e+17,1.0,-52.4445,-52.6274,-45.0114,-223.471,-223.134,-240.866,-328.557,4630.06,3699.82,3567.23,-24.2877,69.3824,-76.9285,16.5872,-42.679,-40.8563,81.4035,-39.6227,7.55352,3.61792,3.33897,69.296,-40.652,76.0053,-35.3219,-259.174,7.3774,2.85852,2.4986,0.0,LLLATLLVGLLFGLLFLLILI,0.528124637720743,0.0501895176817273,G,99999900.0,-34.2495,-7.433099999999996,17.39500000000001,12,G,I
LLLYFLLATLLGVLLALLILI,WT,LLLYFLLATLLGVLLILLILI,clash,LLLYFLLATLLGVLLALLILI_2,1.1001100110011e+17,1.0,-65.9177,-66.6539,-58.756,-225.77,-224.163,-246.669,-342.795,4700.93,3792.16,3755.58,-23.9593,-21.8474,-75.0674,-73.8262,-37.3706,-69.124,53.472,-38.7145,7.14205,4.08732,3.3894,-22.1847,-67.743,51.6604,-38.5819,-365.27,7.1139,3.6356,2.91051,2.0,LLLYFLLATLLGVLLALLILI,0.392813897989551,0.0669728852120214,G,99999900.0,-37.6968,-7.161699999999996,20.899,15,A,I
LLLYFLLAVLLGLLLGSLILI,WT,LLLYFLLIVLLGLLLGSLILI,clash,LLLYFLLAVLLGLLLGSLILI_0,1.1001100110011e+17,1.0,-63.8555,-62.1583,-60.2613,-224.477,-218.734,-244.382,-341.778,4689.61,3547.51,3535.76,-23.9386,-13.1808,-77.3847,-74.0664,-37.1351,-72.6753,42.234,-37.8073,7.33155,3.10289,2.2364,-14.6225,-72.2097,37.011,-35.0,-354.959,7.3038,2.32794,1.3831,0.0,LLLYFLLAVLLGLLLGSLILI,0.272581696881808,0.134745545345738,G,99999900.0,-40.2496,-3.5942000000000007,19.905,7,A,I
LLLSSLLALLLGVLLGTLILI,WT,LLLSSLLALLLGVLLITLILI,clash,LLLSSLLALLLGVLLGTLILI_2,1.1001100110011e+17,1.0,-78.4809,-84.143,-58.7566,-217.902,-215.045,-254.545,-376.616,4457.19,3483.67,3370.9,-23.6391,1647.73,-103.873,1570.3,-63.315,-73.0069,50.1636,-37.5176,7.07945,4.22312,3.47557,869.94,-66.9239,51.0441,-36.0241,1271.11,6.7893,3.42954,2.6952,2.0,LLLSSLLALLLGVLLGTLILI,0.617040533206853,0.0363522398628411,G,99999900.0,-40.55800000000001,-19.724300000000007,36.643,15,G,I
LLLVALLLTLLGGLLFALILI,WT,LLLVALLATLLGGLLFALILI,void,LLLVALLLTLLGGLLFALILI_2,1.1001100110011e+17,1.0,-63.6576,-63.5771,-58.7189,-220.46,-219.46,-234.113,-343.216,4562.54,3750.41,3696.6,-23.4919,-22.3562,-82.5901,-82.5348,-50.3837,-45.4632,67.1288,-49.5235,6.70372,2.38188,1.88881,-18.2495,-38.0441,72.2659,-45.0,-361.523,7.1084,1.96251,1.5465,2.0,LLLVALLLTLLGGLLFALILI,0.349278182636287,0.0132404076815172,G,99999900.0,-32.20640000000001,-4.938700000000004,13.652999999999992,7,L,A
LLLYVLLATLLGGLLFLLILI,WT,LLLYVLLATLLGGLLFALILI,void,LLLYVLLATLLGGLLFLLILI_1,1.1001100110011e+17,1.0,-65.0887,-62.2616,-58.655,-227.186,-219.176,-245.122,-339.095,4673.43,3962.01,3759.27,-23.0313,-12.5612,-69.8512,-70.2183,-35.3175,-49.0987,65.7512,-42.9041,6.58105,2.74123,2.22749,-14.1242,-42.5413,66.4514,-37.8047,-354.349,6.7945,1.85213,1.3489,1.0,LLLYVLLATLLGGLLFLLILI,0.226601440296664,0.0355643066661345,G,99999900.0,-34.5337,-6.433700000000002,17.936000000000007,16,L,A
LLLVALLFALLGLLLGTLILI,WT,LLLVALLFALLGALLGTLILI,void,LLLVALLFALLGLLLGTLILI_0,1.1001100110011e+17,1.0,-67.0476,-67.8302,-58.7454,-217.855,-211.815,-234.123,-341.393,4567.17,3798.44,3656.9,-22.9376,-11.2694,-79.4276,-73.0162,-48.5243,-45.7082,74.4951,-42.1799,6.66281,3.41306,3.03048,-10.5206,-48.7411,63.2863,-39.7126,-352.662,6.542,2.35481,1.8041,0.0,LLLVALLFALLGLLLGTLILI,0.426427906959892,0.0140840405089715,G,99999900.0,-30.9033,-8.302200000000006,16.268,12,L,A
LLLAVLLFSLLGLLLGTLILI,WT,LLLAVLLFSLLGALLGTLILI,void,LLLAVLLFSLLGLLLGTLILI_1,1.1001100110011e+17,1.0,-81.1921,-79.288,-74.0995,-222.101,-219.769,-236.44,-358.863,4487.65,3782.03,3657.88,-22.904,-13.5951,-78.4737,-73.4015,-48.3234,-50.4358,66.3439,-41.8553,6.88266,3.02179,2.51695,-11.4281,-42.8159,67.1774,-38.5102,-370.575,7.1897,1.99134,1.499,1.0,LLLAVLLFSLLGLLLGTLILI,0.297571053756382,0.0072757897686692,G,99999900.0,-30.150299999999994,-7.09259999999999,14.339,12,L,A
LLLAALLTSLLGLLLGYLILI,WT,LLLAALLTSLLILLLGYLILI,clash,LLLAALLTSLLGLLLGYLILI_2,1.1001100110011e+17,1.0,-87.9727,-85.0278,-74.2143,-218.708,-216.802,-235.475,-359.888,4456.46,3693.49,3719.19,-22.8367,-9.72587,-76.044,-67.7838,-50.1987,-50.446,64.551,-42.1137,7.02179,2.78128,2.24955,-16.2033,-45.4737,68.435,-39.6413,-376.118,7.396,2.55978,2.0863,2.0,LLLAALLTSLLGLLLGYLILI,0.298245310937422,0.0363675311955924,G,99999900.0,-25.845299999999995,-13.758400000000009,16.766999999999996,11,G,I
LLLYSLLALLLGTLLGFLILI,WT,LLLYSLLALLLITLLGFLILI,clash,LLLYSLLALLLGTLLGFLILI_2,1.1001100110011e+17,1.0,-65.3928,-71.9728,-58.7271,-220.765,-220.593,-245.189,-340.151,4627.04,3635.74,3545.36,-22.5895,8081.87,-76.5826,8034.28,-36.2353,-72.9009,48.3326,-32.4582,7.09777,3.96004,3.18503,4464.22,-65.5548,56.8812,-35.0605,7741.72,6.8434,4.01218,3.3654,2.0,LLLYSLLALLLGTLLGFLILI,0.163590168147537,0.0323094615081717,G,99999900.0,-40.3473,-6.665699999999994,24.424000000000007,11,G,I
LLLYTLLVALLALLLGLLILI,WT,LLLYTLLVALLILLLGLLILI,clash,LLLYTLLVALLALLLGLLILI_1,1.1001100110011e+17,1.0,-50.6671,-51.9392,-44.9829,-232.415,-232.467,-245.215,-353.426,4717.11,3840.35,3659.68,-22.5333,13015.3,-92.8777,12946.3,-63.2284,-38.0234,78.4303,-40.302,7.66955,2.7916,2.46805,6333.22,-36.0293,69.0807,-35.6829,12654.7,7.2857,1.23029,0.766501,1.0,LLLYTLLVALLALLLGLLILI,0.355305826218835,0.0458813291983051,G,99999900.0,-29.649300000000004,-5.684199999999997,12.800000000000011,11,A,I
LLLTYLLAVLLGLLLAFLILI,WT,LLLTYLLAVLLILLLAFLILI,clash,LLLTYLLAVLLGLLLAFLILI_2,1.1001100110011e+17,1.0,-54.5364,-53.5416,-44.9868,-230.074,-230.805,-249.641,-344.551,4610.77,3768.62,3650.13,-22.5308,-12.9312,-82.4713,-73.1353,-49.9228,-71.4285,46.9146,-44.9365,6.94558,3.54774,2.75146,-13.7724,-71.1566,42.8294,-43.0573,-361.888,7.0278,2.95546,2.0979,2.0,LLLTYLLAVLLGLLLAFLILI,0.508470813495443,0.0326994630702972,G,99999900.0,-32.5485,-9.549599999999998,19.56699999999998,11,G,I
LLLSSLLALLLGTLLGFLILI,WT,LLLSSLLALLLGTLLIFLILI,clash,LLLSSLLALLLGTLLGFLILI_2,1.1001100110011e+17,1.0,-78.6554,-87.3085,-58.7549,-218.489,-215.468,-257.279,-366.15,4497.43,3496.56,3364.94,-22.4564,4849.87,-91.4626,4786.49,-50.1164,-72.8387,50.0454,-36.2611,7.01999,4.18193,3.43261,3655.68,-65.5548,56.8812,-35.0605,4483.72,6.8434,4.01218,3.3654,2.0,LLLSSLLALLLGTLLGFLILI,0.223389785977079,0.0618249767128492,G,99999900.0,-41.3462,-19.9005,38.78999999999999,15,G,I
LLLYVLLTLLLGALLGFLILI,WT,LLLYVLLTALLGALLGFLILI,void,LLLYVLLTLLLGALLGFLILI_1,1.1001100110011e+17,1.0,-64.7038,-64.1167,-58.8225,-229.534,-226.853,-245.098,-340.314,4636.71,3929.35,3595.03,-22.3624,34376.8,-68.4392,34327.5,-36.3936,-47.7011,58.2363,-57.6852,6.9523,1.51707,0.890611,25726.6,-43.2635,63.1811,-42.5139,34021.8,7.006,1.51898,0.966697,1.0,LLLYVLLTLLLGALLGFLILI,0.284873832345898,0.098933818546618,G,99999900.0,-32.0456,-5.881300000000003,15.56400000000002,8,L,A
LLLSYLLTVLLGILLGLLILI,WT,LLLSYLLTVLLIILLGLLILI,clash,LLLSYLLTVLLGILLGLLILI_2,1.1001100110011e+17,1.0,-70.7324,-77.5614,-58.7344,-234.407,-230.637,-252.369,-367.703,4561.92,3841.45,3485.44,-22.3046,1203920.0,-84.8689,1203860.0,-56.6,-49.9802,68.333,-52.6985,8.69212,3.22198,2.74697,1136500.0,-50.2915,51.0798,-42.8435,1203520.0,7.1438,0.939503,0.205701,2.0,LLLSYLLTVLLGILLGLLILI,0.644090550159492,0.0597603324102001,G,99999900.0,-28.268899999999995,-11.997999999999998,17.96199999999999,11,G,I
LLLTVLLLGLLFGLLFALILI,WT,LLLTVLLLGLLFILLFALILI,clash,LLLTVLLLGLLFGLLFALILI_1,1.1001100110011e+17,1.0,-44.9318,-44.9318,-44.9318,-225.568,-223.207,-241.416,-331.738,4581.23,3780.08,3587.08,-22.2553,-18.0324,-83.4927,-81.6312,-45.3894,-33.4521,72.8288,-42.6631,7.17856,1.3497,0.94213,-18.2896,-30.525,71.559,-44.3251,-350.036,7.1169,0.739215,0.3126,1.0,LLLTVLLLGLLFGLLFALILI,0.546356986778503,0.0655744661588295,G,99999900.0,-38.1033,0.0,15.847999999999985,12,G,I
LLLGYLLATLLGILLSLLILI,WT,LLLGYLLATLLIILLSLLILI,clash,LLLGYLLATLLGILLSLLILI_1,1.1001100110011e+17,1.0,-86.6257,-77.678,-74.1017,-227.083,-224.675,-245.762,-373.028,4512.71,3734.11,3688.97,-22.2065,7.70819,-81.5259,-62.9672,-53.164,-65.1039,58.8715,-47.904,7.29141,4.21324,3.59631,-12.3139,-65.1561,56.5106,-42.7605,-386.616,7.4768,3.90234,3.25,1.0,LLLGYLLATLLGILLSLLILI,0.549998780666348,0.0526847700428469,G,99999900.0,-28.36189999999999,-12.524,18.679,11,G,I
LLLFSLLTALLGLLLGVLILI,WT,LLLFSLLTALLGALLGVLILI,void,LLLFSLLTALLGLLLGVLILI_2,1.1001100110011e+17,1.0,-68.738,-65.4497,-58.781,-224.363,-215.754,-236.504,-345.098,4563.79,3713.65,3566.03,-21.795,1633020.0,-73.7923,1632960.0,-49.8133,-48.1389,81.6066,-46.2523,7.9296,4.73772,4.46182,716774.0,-50.5887,64.17,-37.5151,1632660.0,7.0583,2.75125,2.2138,2.0,LLLFSLLTALLGLLLGVLILI,0.29354623192668,0.031191339785009,G,99999900.0,-23.979,-9.957,12.140999999999991,12,L,A
LLLALLLGLLLGTLLGFLILI,WT,LLLALLLGLLLITLLGFLILI,clash,LLLALLLGLLLGTLLGFLILI_2,1.1001100110011e+17,1.0,-65.563,-67.028,-58.691,-211.277,-209.011,-234.168,-346.902,4518.35,3596.78,3443.88,-21.7615,85305.6,-91.8235,85234.7,-54.0432,-73.8671,40.6092,-35.7724,7.04094,3.06231,2.17145,80394.6,-60.7383,56.5303,-35.0,84958.7,7.1924,3.24234,2.5903,2.0,LLLALLLGLLLGTLLGFLILI,0.888997419651783,0.0801175570778713,G,99999900.0,-37.7803,-6.872,22.89100000000002,11,G,I
LLLTALLALLLGVLLSILILI,WT,LLLTALLALLLIVLLSILILI,clash,LLLTALLALLLGVLLSILILI_2,1.1001100110011e+17,1.0,-63.3361,-64.9308,-60.3301,-225.997,-223.436,-242.138,-375.892,4515.36,3622.9,3650.75,-21.7073,22.1133,-108.266,-65.412,-73.424,-75.2466,64.7399,-41.4414,7.17431,6.52688,5.99798,-15.1967,-72.8398,58.7702,-43.8998,-392.431,7.2749,5.35995,4.7415,2.0,LLLTALLALLLGVLLSILILI,0.610417546109909,0.0152894729555588,G,99999900.0,-34.842,-3.006,16.14099999999999,11,G,I
LLLTFLLAVLLGLLLGILILI,WT,LLLTFLLAVLLILLLGILILI,clash,LLLTFLLAVLLGLLLGILILI_2,1.1001100110011e+17,1.0,-46.7373,-46.6906,-44.9676,-225.832,-227.683,-242.611,-346.056,4602.05,3460.56,3560.25,-21.4497,-4.62983,-94.9366,-76.3126,-58.4772,-74.4227,50.0801,-37.573,7.37199,4.42422,3.67542,-17.6165,-76.6711,46.9516,-39.8118,-361.62,7.5,4.33913,3.5434,2.0,LLLTFLLAVLLGLLLGILILI,0.709163879853886,0.0698510304812401,G,99999900.0,-36.4594,-1.7697000000000005,16.778999999999996,11,G,I
LLLYALLVGLLFLLLGTLILI,WT,LLLYALLVILLFLLLGTLILI,clash,LLLYALLVGLLFLLLGTLILI_2,1.1001100110011e+17,1.0,-58.7681,-58.7681,-58.7681,-231.467,-227.334,-245.008,-336.364,4679.26,4005.79,3767.0,-21.3081,-17.2032,-67.4369,-67.4648,-32.588,-50.9677,74.2111,-45.0529,7.33683,4.16366,3.77682,-17.1185,-44.9135,70.5331,-40.7685,-353.473,7.218,2.759,2.317,2.0,LLLYALLVGLLFLLLGTLILI,0.268359942525149,0.0376763553296793,G,99999900.0,-34.84889999999999,0.0,13.540999999999997,8,G,I
LLLTSLLLALLFGLLFALILI,WT,LLLTSLLLALLFILLFALILI,clash,LLLTSLLLALLFGLLFALILI_0,1.1001100110011e+17,1.0,-53.5521,-54.3076,-44.9597,-228.987,-228.799,-250.123,-341.195,4608.91,3628.14,3563.43,-21.25,-21.0026,-79.9056,-79.0905,-46.1121,-33.9501,71.4488,-37.705,7.37174,1.23811,0.809843,-20.7693,-33.5044,71.7656,-37.0663,-362.197,7.3729,1.21402,0.790504,0.0,LLLTSLLLALLFGLLFALILI,0.415632313658557,0.0669767889812237,G,99999900.0,-33.79350000000001,-8.592400000000005,21.136,12,G,I
LLLAVLLTSLLGGLLFLLILI,WT,LLLAVLLTSLLGILLFLLILI,clash,LLLAVLLTSLLGGLLFLLILI_1,1.1001100110011e+17,1.0,-80.4875,-78.6747,-74.1107,-219.898,-217.743,-236.44,-357.908,4528.42,3773.85,3600.8,-21.1266,-19.846,-78.6489,-81.3367,-47.3571,-49.1399,65.1403,-42.4884,6.66545,2.66492,2.14203,-14.338,-42.5413,66.4514,-37.8047,-374.057,6.7945,1.85213,1.3489,1.0,LLLAVLLTSLLGGLLFLLILI,0.272396209455142,0.0267342843315312,G,99999900.0,-31.291799999999995,-6.376800000000003,16.542,12,G,I
LLLSYLLTVLLGTLLAFLILI,WT,LLLSYLLTVLLITLLAFLILI,clash,LLLSYLLTVLLGTLLAFLILI_2,1.1001100110011e+17,1.0,-84.167,-88.9422,-72.5251,-234.107,-232.392,-253.872,-358.537,4570.76,3859.84,3657.38,-21.0729,300.738,-61.336,263.535,-32.1405,-49.2565,69.1616,-47.9826,8.18718,3.2253,2.76272,295.542,-49.156,60.31,-42.3523,-57.7995,7.5,2.01525,1.4199,2.0,LLLSYLLTVLLGTLLAFLILI,0.32390782856842,0.0492434465109351,G,99999900.0,-29.1955,-11.641900000000009,19.76500000000001,11,G,I
LLLTFLLAILLGLLLGVLILI,WT,LLLTFLLAILLILLLGVLILI,clash,LLLTFLLAILLGLLLGVLILI_1,1.1001100110011e+17,1.0,-46.1653,-44.9832,-44.9832,-223.56,-220.863,-242.571,-344.612,4591.78,3552.06,3468.98,-21.0149,-15.1953,-95.9021,-93.9612,-57.0577,-72.9985,32.8864,-39.0204,7.31596,1.88944,0.882736,-15.5271,-74.241,27.0676,-35.812,-360.679,7.4865,1.29028,0.196294,1.0,LLLTFLLAILLGLLLGVLILI,0.702724736757846,0.0719763605766067,G,99999900.0,-38.84440000000001,-1.1821000000000057,19.011,11,G,I
LLLYALLVLLLGTLLAFLILI,WT,LLLYALLVLLLITLLAFLILI,clash,LLLYALLVLLLGTLLAFLILI_1,1.1001100110011e+17,1.0,-58.7698,-58.7698,-58.7698,-236.703,-226.805,-246.837,-344.197,4677.94,3983.16,3696.09,-20.9597,1994.83,-69.6831,1936.21,-38.5896,-60.86,65.4717,-44.122,7.71633,4.46768,3.94976,1955.05,-52.9906,59.3407,-40.4383,1637.6,7.2557,2.45959,1.8497,1.0,LLLYALLVLLLGTLLAFLILI,0.213962589164624,0.0344196625138548,G,99999900.0,-31.0935,0.0,10.133999999999986,11,G,I
LLLLTLLVALLAGLLFSLILI,WT,LLLLTLLVALLAILLFSLILI,clash,LLLLTLLVALLAGLLFSLILI_2,1.1001100110011e+17,1.0,-67.0364,-66.8381,-60.3111,-222.381,-221.893,-237.175,-353.622,4555.23,3728.0,3642.96,-20.3132,-16.3945,-84.5178,-81.285,-56.1356,-38.6849,77.9988,-39.6124,7.71916,2.83257,2.50255,-14.7329,-35.1672,74.1308,-38.712,-369.06,7.5,1.78274,1.3947,2.0,LLLLTLLVALLAGLLFSLILI,0.33195432694274,0.0299403922900491,G,99999900.0,-28.3822,-6.725299999999997,14.794000000000011,12,G,I
LLLAYLLAVLLGLLLGFLILI,WT,LLLAYLLAVLLILLLGFLILI,clash,LLLAYLLAVLLGLLLGFLILI_1,1.1001100110011e+17,1.0,-50.9929,-44.9566,-44.9566,-220.049,-222.145,-240.732,-331.848,4576.5,3595.12,3501.1,-20.2534,-8.69894,-81.0591,-73.4452,-46.1591,-73.7562,50.4479,-39.2689,7.2831,4.37389,3.63061,-16.5135,-76.6711,46.9516,-39.8118,-347.859,7.5,4.33913,3.5434,1.0,LLLAYLLAVLLGLLLGFLILI,0.760123486342336,0.0362557485793568,G,99999900.0,-34.9,-6.036299999999997,20.682999999999996,11,G,I
LLLTFLLALLLGYLLGSLILI,WT,LLLTFLLALLLIYLLGSLILI,clash,LLLTFLLALLLGYLLGSLILI_0,1.1001100110011e+17,1.0,-63.9199,-61.5111,-60.2601,-225.599,-226.604,-244.905,-346.916,4558.97,3668.58,3571.28,-20.1244,-17.9348,-77.5217,-76.7358,-41.7503,-78.363,39.366,-45.0715,7.22746,3.56887,2.65936,-17.765,-75.8727,44.54,-43.5756,-364.851,7.3804,3.8938,3.0619,0.0,LLLTFLLALLLGYLLGSLILI,1.03752033602722,0.125925779627079,G,99999900.0,-35.77139999999999,-3.659799999999997,19.30600000000001,11,G,I
LLLYLLLTTLLAGLLFSLILI,WT,LLLYLLLTTLLAILLFSLILI,clash,LLLYLLLTTLLAGLLFSLILI_1,1.1001100110011e+17,1.0,-87.9013,-84.6885,-87.9598,-235.255,-232.896,-248.44,-366.037,4649.53,3812.83,3690.42,-20.0883,-17.4404,-62.9682,-65.8923,-29.6366,-36.8018,76.0349,-45.7416,7.55218,2.28499,1.92551,-12.0636,-30.525,71.559,-44.3251,-375.59,7.1169,0.739215,0.3126,1.0,LLLYLLLTTLLAGLLFSLILI,0.189024386991861,0.100055328592239,G,99999900.0,-33.3316,0.0584999999999951,13.185000000000002,12,G,I
LLLLVLLATLLGGLLSILILI,WT,LLLAVLLATLLGGLLSILILI,void,LLLLVLLATLLGGLLSILILI_0,1.1001100110011e+17,1.0,-78.7134,-71.7422,-73.9676,-223.591,-217.299,-234.608,-372.048,4460.3,3850.23,3735.22,-19.9317,-6.02469,-89.6756,-89.0322,-63.473,-31.6522,88.3456,-46.9431,7.07206,3.17448,2.99967,-5.62342,-38.0441,72.2659,-45.0,-378.073,7.1084,1.96251,1.5465,0.0,LLLLVLLATLLGGLLSILILI,0.274006141787157,0.0654550578524253,G,99999900.0,-26.202600000000004,-4.7457999999999885,11.016999999999996,3,L,A
LLLAGLLYLLLGTLLSFLILI,WT,LLLAGLLALLLGTLLSFLILI,void,LLLAGLLYLLLGTLLSFLILI_0,1.1001100110011e+17,1.0,-74.9734,-71.4388,-74.1125,-229.157,-225.305,-250.22,-359.153,4568.01,3852.86,3615.85,-19.6213,-10.844,-74.6436,-73.253,-34.8203,-62.8116,71.85,-49.3039,7.16048,5.62149,5.19924,-12.851,-65.1522,61.6911,-42.5151,-369.997,7.5,4.60113,4.0265,0.0,LLLAGLLYLLLGTLLSFLILI,0.309040813403947,0.101400433537498,G,99999900.0,-39.8233,-0.8609000000000009,21.062999999999988,7,Y,A
LLLYLLLGTLLGILLAFLILI,WT,LLLYLLLGTLLGILLIFLILI,clash,LLLYLLLGTLLGILLAFLILI_2,1.1001100110011e+17,1.0,-58.7658,-58.7658,-58.7658,-236.781,-234.728,-246.112,-341.177,4624.75,3948.89,3715.83,-19.353,1726.44,-64.9834,1678.76,-36.2992,-60.5419,67.9079,-44.2301,7.82123,4.74885,4.26747,1394.91,-52.9906,59.3407,-40.4383,1378.58,7.2557,2.45959,1.8497,2.0,LLLYLLLGTLLGILLAFLILI,0.470243978587295,0.0881506788952897,G,99999900.0,-28.684200000000004,0.0,9.330999999999989,15,A,I
LLLSYLLVLLLGALLAFLILI,WT,LLLSYLLVLLLIALLAFLILI,clash,LLLSYLLVLLLGALLAFLILI_0,1.1001100110011e+17,1.0,-59.5449,-71.9213,-44.9973,-228.09,-230.429,-250.985,-344.807,4636.62,3761.85,3547.79,-19.2403,239.101,-76.4127,196.645,-48.8246,-57.5302,54.3842,-45.4912,7.86357,2.4714,1.78716,207.989,-52.4575,65.3118,-43.1135,-105.706,7.3978,3.18572,2.6654,0.0,LLLSYLLVLLLGALLAFLILI,0.856040127707436,0.0574554421062121,G,99999900.0,-27.588100000000004,-14.547599999999996,22.89500000000001,11,G,I
LLLYLLLAVLLGTLLSFLILI,WT,LLLYLLLAVLLGTLLIFLILI,clash,LLLYLLLAVLLGTLLSFLILI_1,1.1001100110011e+17,1.0,-74.0075,-58.7596,-74.0075,-237.398,-232.453,-247.837,-359.722,4629.28,4031.28,3805.77,-19.1454,811.16,-67.4619,742.651,-37.8783,-44.5685,76.8981,-47.432,8.51336,3.56652,3.21999,674.24,-49.156,60.31,-42.3523,435.204,7.5,2.01525,1.4199,1.0,LLLYLLLAVLLGTLLSFLILI,0.203302878738498,0.0446142480390299,G,99999900.0,-29.5836,0.0,10.438999999999991,15,S,I
LLLYFLLATLLGVLLGLLILI,WT,LLLYFLLATLLIVLLGLLILI,clash,LLLYFLLATLLGVLLGLLILI_0,1.1001100110011e+17,1.0,-60.3161,-63.2456,-58.7598,-231.943,-224.451,-245.515,-338.688,4686.21,3808.71,3721.28,-19.1367,-13.2411,-65.5651,-64.2323,-34.4132,-79.0159,52.9073,-45.5555,7.65251,5.49487,4.78848,-12.7256,-75.4208,48.7219,-40.9997,-351.929,7.4067,4.39057,3.6214,0.0,LLLYFLLATLLGVLLGLLILI,0.370252707268876,0.0207241354902579,G,99999900.0,-31.1519,-1.5563000000000002,13.571999999999974,11,G,I
LLLTGLLFGLLAILLSLLILI,WT,LLLTGLLAGLLAILLSLLILI,void,LLLTGLLFGLLAILLSLLILI_1,1.1001100110011e+17,1.0,-60.4741,-61.7857,-60.3201,-227.258,-225.218,-242.1,-356.754,4569.77,3690.55,3694.94,-19.0554,-9.31552,-88.0777,-79.0661,-54.3339,-73.137,70.9944,-40.6621,7.536,7.0548,6.61971,-15.2273,-69.3499,66.3154,-44.3229,-372.843,7.423,5.85507,5.3498,1.0,LLLTGLLFGLLAILLSLLILI,0.176149687150202,0.0092560616169173,G,99999900.0,-33.74379999999999,-0.1540000000000034,14.841999999999985,7,F,A
LLLTALLVGLLGLLLGFLILI,WT,LLLTALLVGLLILLLGFLILI,clash,LLLTALLVGLLGLLLGFLILI_1,1.1001100110011e+17,1.0,-52.3473,-50.8227,-44.921,-220.624,-221.028,-238.495,-337.874,4528.1,3902.95,3748.99,-18.6812,-8.89136,-83.5835,-74.9141,-54.4578,-55.2814,57.5008,-48.8271,6.81375,2.5548,1.91732,-6.98986,-48.1591,65.1383,-40.7743,-345.83,7.1702,2.51753,1.9946,1.0,LLLTALLVGLLGLLLGFLILI,0.293089676843976,0.014171633087535,G,99999900.0,-29.1257,-7.426299999999998,17.87100000000001,11,G,I
LLLLALLFALLGILLSTLILI,WT,LLLLALLFALLIILLSTLILI,clash,LLLLALLFALLGILLSTLILI_2,1.1001100110011e+17,1.0,-74.2567,-81.2034,-74.1402,-226.934,-221.29,-237.47,-364.52,4493.39,3774.92,3687.85,-18.6792,4.47894,-82.0089,-57.5481,-52.9094,-60.3935,69.4893,-40.9753,7.3407,4.94007,4.48241,-12.3501,-58.8131,62.5969,-39.1181,-377.45,7.175,3.77255,3.2115,2.0,LLLLALLFALLGILLSTLILI,0.270802358783344,0.0944223658130876,G,99999900.0,-29.0995,-0.116500000000002,10.536,11,G,I
LLLAALLALLLGVLLGTLILI,WT,LLLAALLAALLGVLLGTLILI,void,LLLAALLALLLGVLLGTLILI_2,1.1001100110011e+17,1.0,-60.097,-64.8164,-58.784,-217.852,-203.693,-230.145,-352.637,4429.73,3670.9,3549.21,-17.8014,-16.366,-92.4895,-100.494,-63.7085,-86.968,58.5683,-37.2364,7.61473,7.45192,6.83045,-15.8739,-78.0946,55.6007,-36.5199,-368.501,7.2728,5.72029,5.0543,2.0,LLLAALLALLLGVLLGTLILI,0.426057966391634,0.0308558284700628,G,99999900.0,-28.78100000000001,-1.3130000000000024,12.293000000000006,8,L,A
LLLLVLLTTLLGALLFGLILI,WT,LLLLVLLATLLGALLFGLILI,void,LLLLVLLTTLLGALLFGLILI_0,1.1001100110011e+17,1.0,-75.0546,-76.25,-72.5569,-219.244,-213.367,-236.75,-352.856,4559.46,3879.29,3763.69,-17.7281,-10.3708,-76.2858,-73.6096,-43.5488,-37.0836,81.5284,-48.2501,7.16869,3.06887,2.7918,-9.83516,-42.798,67.046,-44.058,-363.227,7.0511,1.97091,1.4766,0.0,LLLLVLLTTLLGALLFGLILI,0.172063719159858,0.0380853304887563,G,99999900.0,-32.736999999999995,-2.4976999999999947,17.506,7,T,A
LLLVTLLFSLLGALLSLLILI,WT,LLLVTLLFSLLGALLSALILI,void,LLLVTLLFSLLGALLSLLILI_0,1.1001100110011e+17,1.0,-83.5124,-84.5615,-75.6823,-219.224,-218.541,-239.065,-368.098,4572.4,3651.88,3710.84,-17.1925,-16.3438,-82.5534,-81.3388,-53.3502,-44.1856,78.9213,-43.2586,7.21453,3.78221,3.46603,-15.4456,-42.921,79.469,-43.7354,-384.441,7.3097,3.66647,3.35851,0.0,LLLVTLLFSLLGALLSLLILI,0.523474448694754,0.0206145457679114,G,99999900.0,-29.203199999999995,-7.830100000000002,19.841000000000008,16,L,A
LLLTALLFLLLGVLLASLILI,WT,LLLTALLFLLLIVLLASLILI,clash,LLLTALLFLLLGVLLASLILI_2,1.1001100110011e+17,1.0,-60.3462,-60.3462,-60.3462,-227.776,-226.56,-240.448,-355.85,4565.71,3649.38,3532.84,-16.1501,813.015,-83.8775,744.071,-55.0555,-66.3945,66.0403,-44.8469,8.15907,5.37461,4.86522,790.193,-60.5958,60.1642,-40.2827,442.07,7.5,3.71154,3.114,2.0,LLLTALLFLLLGVLLASLILI,0.893650784291643,0.0940545131484864,G,99999900.0,-28.822,0.0,12.671999999999995,11,G,I
LLLYALLALLLGTLLGFLILI,WT,LLLYALLAALLGTLLGFLILI,void,LLLYALLALLLGTLLGFLILI_1,1.1001100110011e+17,1.0,-62.8003,-55.2484,-58.7826,-219.159,-212.952,-243.072,-336.979,4626.06,3710.83,3543.2,-16.1247,238431.0,-71.1451,238362.0,-35.1246,-72.0399,44.1342,-35.6915,7.13983,3.26411,2.42612,69214.6,-61.4491,56.4783,-36.3969,238120.0,6.7439,3.34193,2.6891,1.0,LLLYALLALLLGTLLGFLILI,0.206548847472384,0.0310254658490695,G,99999900.0,-36.0205,-4.017699999999998,23.91300000000001,8,L,A
LLLTALLFLLLGYLLGSLILI,WT,LLLTALLFLLLGYLLISLILI,clash,LLLTALLFLLLGYLLGSLILI_0,1.1001100110011e+17,1.0,-68.1953,-70.5599,-60.326,-231.03,-224.657,-243.454,-345.34,4574.29,3786.1,3533.11,-15.8473,38373.9,-61.9617,38323.8,-41.5592,-45.8399,76.5283,-49.3682,7.55735,3.7073,3.35522,36917.0,-54.4566,55.8714,-40.6917,38028.6,7.0594,2.21113,1.5492,0.0,LLLTALLFLLLGYLLGSLILI,1.19091786920356,0.0629021297144379,G,99999900.0,-20.402500000000003,-7.869300000000003,12.424000000000008,15,G,I
LLLYVLLTLLLGALLAFLILI,WT,LLLYVLLTLLLIALLAFLILI,clash,LLLYVLLTLLLGALLAFLILI_2,1.1001100110011e+17,1.0,-58.7433,-64.1818,-58.7433,-237.632,-226.244,-246.257,-344.789,4645.49,4083.33,3693.25,-15.7578,330.764,-64.1709,276.401,-39.7888,-43.1674,79.4352,-47.6186,8.53663,3.69887,3.3904,188.368,-43.2635,63.1811,-42.5139,-14.0246,7.006,1.51898,0.966697,2.0,LLLYVLLTLLLGALLAFLILI,0.254925897226049,0.0401969431081801,G,99999900.0,-24.3821,0.0,8.625,11,G,I
LLLYALLFLLLGTLLSILILI,WT,LLLYALLFILLGTLLSILILI,clash,LLLYALLFLLLGTLLSILILI_0,1.1001100110011e+17,1.0,-70.7208,-71.3173,-74.0819,-233.803,-227.043,-250.083,-362.562,4665.6,3812.65,3687.89,-15.4472,274.992,-73.4856,210.791,-38.3965,-66.7986,62.0788,-42.1708,7.516,4.90043,4.33161,271.496,-60.5958,60.1642,-40.2827,-87.5696,7.5,3.71154,3.114,0.0,LLLYALLFLLLGTLLSILILI,0.188491147423354,0.0462006055749655,G,99999900.0,-35.0891,3.3611000000000075,16.28,8,L,I
LLLYALLTALLGLLLGFLILI,WT,LLLYALLTALLILLLGFLILI,clash,LLLYALLTALLGLLLGFLILI_1,1.1001100110011e+17,1.0,-63.8663,-66.3123,-58.802,-222.802,-220.205,-242.535,-336.701,4602.77,3931.27,3817.22,-15.1785,-3.81433,-65.211,-53.9979,-35.363,-51.2462,66.7657,-44.6821,6.86675,3.2003,2.70179,-11.2742,-49.4233,66.044,-43.1773,-348.202,6.8387,2.82944,2.3201,1.0,LLLYALLTALLGLLLGFLILI,0.247923238551579,0.0452688531551939,G,99999900.0,-29.848,-5.064300000000003,19.733000000000004,11,G,I
LLLVGLLLILLGALLATLILI,WT,LLLVGLLLILLIALLATLILI,clash,LLLVGLLLILLGALLATLILI_1,1.1001100110011e+17,1.0,-63.525,-62.1411,-58.7586,-219.812,-222.965,-233.286,-359.091,4487.44,3772.72,3751.97,-15.0755,-14.1932,-90.8296,-88.1784,-67.0469,-49.2642,56.4515,-50.0632,7.19607,1.51058,0.857355,-5.3878,-40.5762,61.5678,-43.055,-364.547,7.4828,0.898083,0.3216,1.0,LLLVGLLLILLGALLATLILI,1.04435203041285,0.108810348004044,G,99999900.0,-23.78270000000001,-4.766399999999997,13.47399999999999,11,G,I
LLLFVLLTILLGALLSLLILI,WT,LLLFVLLTALLGALLSLLILI,void,LLLFVLLTILLGALLSLLILI_0,1.1001100110011e+17,1.0,-79.5735,-72.2679,-74.2311,-228.011,-221.736,-241.221,-368.611,4572.19,3942.57,3706.26,-15.0561,75.6844,-76.0818,1.07723,-53.1586,-43.2246,72.1937,-49.8064,7.59518,2.72985,2.31276,50.0581,-47.9501,60.2066,-41.6343,-292.926,7.3755,1.8204,1.2235,0.0,LLLFVLLTILLGALLSLLILI,0.275637657986686,0.041258027245334,G,99999900.0,-22.9232,-5.342399999999998,13.210000000000008,8,I,A
LLLTALLIGLLFGLLVLLILI,WT,LLLTALLIGLLFILLVLLILI,clash,LLLTALLIGLLFGLLVLLILI_2,1.1001100110011e+17,1.0,-44.9826,-44.9826,-44.9826,-224.591,-225.253,-241.892,-345.433,4621.0,3755.83,3704.82,-14.9522,-13.6361,-90.8116,-88.8334,-58.5577,-47.6494,70.7991,-37.6499,7.52485,3.20529,2.76728,-12.7759,-44.147,67.923,-36.7071,-358.652,7.5,2.29165,1.81049,2.0,LLLTALLIGLLFGLLVLLILI,0.420999437086072,0.080313547745564,G,99999900.0,-32.2539,0.0,17.300999999999988,12,G,I
LLLSYLLAVLLGLLLGTLILI,WT,LLLSYLLAVLLILLLGTLILI,clash,LLLSYLLAVLLGLLLGTLILI_2,1.1001100110011e+17,1.0,-65.3137,-74.4551,-58.7719,-222.315,-223.555,-248.99,-361.07,4549.84,3500.97,3597.04,-14.7277,-10.3278,-88.1687,-73.3874,-53.3075,-73.7302,34.2602,-34.3313,7.55672,2.18466,1.19857,-8.69269,-71.6801,32.6466,-35.8841,-371.271,7.5,1.6593,0.648998,2.0,LLLSYLLAVLLGLLLGTLILI,1.04276063405921,0.13940559354937,G,99999900.0,-34.861200000000004,-6.541799999999995,26.67500000000001,11,G,I
LLLVLLLTGLLFALLAYLILI,WT,LLLVLLLTGLLFILLAYLILI,clash,LLLVLLLTGLLFALLAYLILI_1,1.1001100110011e+17,1.0,-59.8335,-60.0949,-58.7499,-224.595,-219.958,-241.212,-344.208,4596.23,3769.93,3637.89,-14.1823,78070.4,-73.9619,78006.2,-44.2459,-38.5244,72.7446,-48.5642,7.53054,2.09918,1.69035,1348.85,-38.7525,65.3789,-42.5319,1259.74,7.4041,1.13902,0.619703,1.0,LLLVLLLTGLLFALLAYLILI,0.26266077366633,0.0693525302057894,G,99999900.0,-29.716,-1.083600000000004,16.61699999999999,12,A,I
LLLTALLFLLLGVLLGILILI,WT,LLLTALLFLLLGVLLIILILI,clash,LLLTALLFLLLGVLLGILILI_1,1.1001100110011e+17,1.0,-48.7774,-49.3802,-44.96,-223.056,-222.659,-241.311,-344.385,4555.75,3687.9,3619.57,-13.9665,-13.6127,-86.5183,-85.9587,-58.1133,-65.6057,59.0884,-35.4836,7.21837,4.31778,3.70411,-13.6858,-65.2659,57.7881,-36.226,-358.061,7.2064,4.09128,3.4581,1.0,LLLTALLFLLLGVLLGILILI,0.786560574063156,0.0781648279746628,G,99999900.0,-28.404999999999998,-3.8173999999999992,18.254999999999995,15,G,I
LLLYVLLTLLLGGLLFALILI,WT,LLLYVLLTLLLGGLLFILILI,clash,LLLYVLLTLLLGGLLFALILI_1,1.1001100110011e+17,1.0,-58.7757,-58.7757,-58.7757,-225.014,-220.036,-245.108,-339.069,4692.11,3901.05,3723.73,-13.7289,-0.412589,-69.008,-60.6699,-35.1854,-39.7429,71.7453,-35.3339,7.42748,2.14706,1.72323,-9.50044,-36.0293,69.0807,-35.6829,-348.726,7.2857,1.23029,0.766501,1.0,LLLYVLLTLLLGGLLFALILI,0.339347191721786,0.0549721024725505,G,99999900.0,-33.822599999999994,0.0,20.093999999999998,16,A,I
LLLVLLLATLLGSLLGTLILI,WT,LLLVLLLATLLGSLLITLILI,clash,LLLVLLLATLLGSLLGTLILI_0,1.1001100110011e+17,1.0,-89.392,-87.858,-87.858,-218.615,-212.947,-233.349,-377.92,4426.61,3699.23,3598.42,-13.7028,-5.7956,-83.6164,-82.9113,-56.7138,-33.8066,81.4045,-42.1729,7.11028,2.56059,2.28166,-5.63475,-36.3206,72.3714,-40.8966,-383.716,7.2598,1.71823,1.3038,0.0,LLLVLLLATLLGSLLGTLILI,0.335966566153103,0.0368293309204412,G,99999900.0,-26.9026,-1.5339999999999918,14.73399999999998,15,G,I
LLLTALLAGLLFLLLSVLILI,WT,LLLTALLIGLLFLLLSVLILI,clash,LLLTALLAGLLFLLLSVLILI_1,1.1001100110011e+17,1.0,-60.2509,-60.7795,-60.3184,-224.389,-223.403,-244.41,-361.483,4589.87,3669.78,3598.38,-13.0571,-10.8076,-89.9002,-88.1086,-56.755,-71.4599,71.1443,-43.3483,7.22564,6.82346,6.39062,-12.0823,-68.8165,69.6202,-43.3499,-373.591,7.0847,6.2212,5.7655,1.0,LLLTALLAGLLFLLLSVLILI,0.340857085285182,0.0151994770724244,G,99999900.0,-33.1452,0.0674999999999954,20.020999999999987,7,A,I
LLLASLLTLLLGYLLGVLILI,WT,LLLASLLTLLLGALLGVLILI,void,LLLASLLTLLLGYLLGVLILI_2,1.1001100110011e+17,1.0,-66.9408,-67.5226,-58.7469,-228.5,-224.087,-240.323,-353.599,4503.71,3786.38,3537.81,-12.9772,2275860.0,-71.1361,2275800.0,-54.5296,-41.7321,80.577,-41.6525,9.00952,3.63771,3.34637,1263610.0,-47.0876,58.6724,-35.0,2275020.0,7.44,1.48391,0.863996,2.0,LLLASLLTLLLGYLLGVLILI,0.44338204159428,0.0595545135836635,G,99999900.0,-16.606499999999997,-8.1939,11.823000000000008,12,Y,A
LLLYVLLTLLLGTLLAFLILI,WT,LLLYVLLTLLLITLLAFLILI,clash,LLLYVLLTLLLGTLLAFLILI_1,1.1001100110011e+17,1.0,-72.6251,-72.6251,-72.6251,-231.776,-225.572,-249.396,-356.281,4657.91,4025.5,3717.91,-11.7317,861.395,-63.6117,803.31,-34.2599,-39.9628,76.07,-43.1789,8.24861,2.76387,2.40492,562.922,-48.9252,56.7148,-39.7132,492.379,7.3783,1.49528,0.846002,1.0,LLLYVLLTLLLGTLLAFLILI,0.201943375956141,0.0220967047972561,G,99999900.0,-29.3518,0.0,17.619999999999976,11,G,I
LLLTSLLVGLLAYLLGLLILI,WT,LLLTSLLVGLLIYLLGLLILI,clash,LLLTSLLVGLLAYLLGLLILI_2,1.1001100110011e+17,1.0,-61.9059,-54.7547,-44.9603,-230.17,-226.586,-252.375,-354.422,4588.81,3820.38,3611.41,-11.5639,1573960.0,-73.9098,1573890.0,-57.0864,-51.5585,77.1725,-40.658,8.73437,4.65207,4.30966,1063590.0,-47.0876,58.6724,-35.0,1556800.0,7.44,1.48391,0.863996,2.0,LLLTSLLVGLLAYLLGLLILI,0.451164240315974,0.0106062142165194,G,99999900.0,-16.823400000000007,-16.945600000000006,22.205000000000013,11,A,I
LLLYVLLTLLLGALLSFLILI,WT,LLLYVLLTALLGALLSFLILI,void,LLLYVLLTLLLGALLSFLILI_0,1.1001100110011e+17,1.0,-74.4941,-71.4867,-74.2441,-232.949,-227.142,-248.297,-359.943,4647.22,3999.92,3750.52,-11.0444,344.467,-63.5441,283.153,-37.4018,-49.3287,64.1061,-53.8132,7.33578,2.55364,2.01523,341.228,-47.9501,60.2066,-41.6343,-15.4756,7.3755,1.8204,1.2235,0.0,LLLYVLLTLLLGALLSFLILI,0.21984397701446,0.0496108993318355,G,99999900.0,-26.1423,-0.25,15.347999999999985,8,L,A
LLLTVLLALLLGFLLGSLILI,WT,LLLTVLLALLLGFLLISLILI,clash,LLLTVLLALLLGFLLGSLILI_2,1.1001100110011e+17,1.0,-60.3442,-60.3442,-60.3442,-229.305,-220.036,-238.886,-354.868,4500.03,4001.16,3568.39,-9.60802,273882.0,-74.8271,273807.0,-55.6382,-57.7114,66.0761,-46.594,9.86837,4.07698,3.56812,148316.0,-52.4326,53.6154,-37.48,273400.0,7.3254,1.60297,0.907201,2.0,LLLTVLLALLLGFLLGSLILI,0.850475545074676,0.0861926417300435,G,99999900.0,-19.188900000000004,0.0,9.580999999999989,15,G,I
LLLYILLTLLLGALLAFLILI,WT,LLLYILLILLLGALLAFLILI,clash,LLLYILLTLLLGALLAFLILI_0,1.1001100110011e+17,1.0,-58.8678,-65.4677,-58.7429,-229.554,-224.628,-246.982,-347.928,4647.15,4105.7,3709.3,-6.71418,155.659,-66.22,97.8274,-42.2026,-40.0737,73.5224,-48.2495,8.54327,2.43658,2.03942,121.182,-48.1219,61.2568,-42.1281,-192.268,7.3101,1.98795,1.4068,0.0,LLLYILLTLLLGALLAFLILI,0.314973652678578,0.149985781376297,G,99999900.0,-24.0174,-0.1249000000000037,17.427999999999997,7,T,I
LLLSSLLFLLLGVLLGTLILI,WT,LLLSSLLFLLLIVLLGTLILI,clash,LLLSSLLFLLLGVLLGTLILI_0,1.1001100110011e+17,1.0,-58.7727,-84.6167,-58.7727,-227.935,-213.692,-253.885,-362.49,4545.49,3653.68,3371.42,-6.06397,24723.3,-81.8471,24659.1,-49.8323,-60.3278,78.0899,-42.7346,7.66249,6.09131,5.76266,22557.6,-63.2674,60.5559,-36.2287,24360.8,7.0661,4.16516,3.5735,0.0,LLLSSLLFLLLGVLLGTLILI,0.323396379341273,0.0550942017286072,G,99999900.0,-32.0148,0.0,25.94999999999999,11,G,I
LLLYSLLTLLLGFLLAILILI,WT,LLLYSLLTLLLGALLAILILI,void,LLLYSLLTLLLGFLLAILILI_1,1.1001100110011e+17,1.0,-58.7666,-67.0674,-58.8807,-231.594,-230.093,-250.224,-351.387,4664.65,4085.67,3632.59,16.8166,18259.9,-44.2097,18205.6,-42.2824,-46.1169,65.5779,-55.6272,8.99205,2.27055,1.75421,12928.1,-51.8272,69.3895,-41.3353,17862.2,7.4139,3.64166,3.1825,1.0,LLLYSLLTLLLGFLLAILILI,0.406653715557329,0.119995214773644,G,99999900.0,-1.9272999999999956,0.1141000000000005,18.629999999999995,12,F,A
LLLASLLFLLLGYLLGTLILI,WT,LLLASLLFLLLGALLGTLILI,void,LLLASLLFLLLGYLLGTLILI_0,1.1001100110011e+17,1.0,-58.7329,-73.903,-58.7329,-230.147,-223.322,-241.487,-340.643,4564.77,3831.06,3580.9,24616.8,1194430.0,24565.0,1194390.0,-40.423,-52.9948,67.7992,-39.4619,8.72843,3.60212,3.11911,1159640.0,-47.0876,58.6724,-35.0,1194090.0,7.44,1.48391,0.863996,0.0,LLLASLLFLLLGYLLGTLILI,0.780428868072678,0.0510809625687767,G,99999900.0,24605.423,0.0,11.340000000000003,12,Y,A
LLLTFLLAVLLGILLGLLILI,WT,LLLTFLLAVLLIILLGLLILI,clash,LLLTFLLAVLLGILLGLLILI_0,1.1001100110011e+17,1.0,-44.9923,-56.2012,-44.9923,-221.561,-224.114,-242.307,-346.271,4581.65,3816.69,3458.82,30641.4,384014.0,30561.7,383948.0,-58.971,-51.9729,43.7014,-41.0738,8.16393,0.195626,-0.648852,346276.0,-58.9856,45.4304,-41.2673,383668.0,6.5,1.48094,0.662396,0.0,LLLTFLLAVLLGILLGLLILI,0.573383526182937,0.0636350856098358,G,99999900.0,30620.671,0.0,20.74599999999998,11,G,I
LLLASLLTLLLGVLLGFLILI,WT,LLLASLLTALLGVLLGFLILI,void,LLLASLLTLLLGVLLGFLILI_1,1.1001100110011e+17,1.0,-58.7011,-68.0389,-58.7011,-220.576,-218.73,-241.027,-348.23,4551.24,3794.69,3518.17,32964.7,346120.0,32895.7,346059.0,-48.5022,-46.8499,44.903,-38.7488,8.24806,-0.410621,-1.23708,286952.0,-49.8102,59.0204,-35.0,300252.0,7.4753,1.93929,1.3246,1.0,LLLASLLTLLLGVLLGFLILI,0.281323641260448,0.0476690353665733,G,99999900.0,32944.2022,0.0,20.450999999999997,8,L,A
LLLTILLALLLGFLLGSLILI,WT,LLLTILLALLLIFLLGSLILI,clash,LLLTILLALLLGFLLGSLILI_0,1.1001100110011e+17,1.0,-60.2535,-69.9134,-60.2535,-212.865,-220.188,-238.81,-357.464,4514.85,3810.16,3524.17,36697.5,281325.0,36613.1,281258.0,-58.4,-49.6679,45.2246,-41.5324,8.08749,0.0555059,-0.766126,215507.0,-54.4566,55.8714,-40.6917,280968.0,7.0594,2.21113,1.5492,0.0,LLLTILLALLLGFLLGSLILI,0.822352863762856,0.0410153656812771,G,99999900.0,36671.5,0.0,25.944999999999997,11,G,I
LLLTALLFLLLGLLLGSLILI,WT,LLLTALLFLLLILLLGSLILI,clash,LLLTALLFLLLGLLLGSLILI_0,1.1001100110011e+17,1.0,-60.3637,-72.8179,-60.3637,-226.37,-220.27,-240.564,-358.105,4596.29,3770.83,3397.8,38023.3,1251140.0,37951.9,1251080.0,-57.1777,-57.6422,59.7447,-43.9033,8.45234,3.21187,2.60804,902958.0,-54.4566,55.8714,-40.6917,1250790.0,7.0594,2.21113,1.5492,0.0,LLLTALLFLLLGLLLGSLILI,1.07349138398839,0.0381492929600042,G,99999900.0,38009.0777,0.0,14.193999999999988,11,G,I
LLLAGLLFLLLGTLLGSLILI,WT,LLLAGLLFLLLGTLLISLILI,clash,LLLAGLLFLLLGTLLGSLILI_2,1.1001100110011e+17,1.0,-75.4319,-84.8856,-74.1241,-211.125,-214.237,-233.501,-351.077,4491.68,3659.71,3473.32,46594.5,139510.0,46530.0,139458.0,-43.4512,-52.3917,42.6725,-38.5818,7.70603,0.119544,-0.740368,128029.0,-59.4498,45.2469,-38.8459,139159.0,6.6517,1.5258,0.704503,2.0,LLLAGLLFLLLGTLLGSLILI,0.255548481791616,0.0169183008612263,G,99999900.0,46573.4512,-1.3078000000000003,22.376000000000005,15,G,I
LLLYALLFLLLGTLLGSLILI,WT,LLLYALLFLLLITLLGSLILI,clash,LLLYALLFLLLGTLLGSLILI_1,1.1001100110011e+17,1.0,-75.0326,-69.7359,-74.1625,-216.586,-210.483,-244.923,-351.402,4638.82,3841.52,3531.27,47250.8,309187.0,47191.0,309116.0,-32.3167,-51.6363,48.0463,-41.394,8.05571,0.731697,-0.0476078,232021.0,-54.4566,55.8714,-40.6917,749508.0,7.0594,2.21113,1.5492,1.0,LLLYALLFLLLGTLLGSLILI,0.252512591178388,0.0284838455860911,G,99999900.0,47223.3167,-0.8701000000000079,28.33699999999999,11,G,I
