Sample,Sequence,Mutant,Position,Type,Mutant Type,WT_AA,mut_AA,PercentGpA,PercentStd,toxgreen_fluor,toxgreen_std,WT Fluor,Delta Fluorescence,WT PercentGpA,Delta PercentGpA
G,LLLAFLLGILLGLLLGTLILI,LLLAALLGILLGLLLGTLILI,4,Mutant,void,F,A,1.143108081408175,0.0896062219501384,27542.17209966684,1758.701318052788,29662.52500906388,2120.352909397039,1.2311110369267992,0.08800295551862414
G,LLLYTLLAILLGLLLGFLILI,LLLYTLLAILLGLLLGALILI,16,Mutant,void,F,A,0.3694243760613936,0.2296317090435437,8900.951632621598,4506.981553387697,5662.461797111709,-3238.4898355098894,0.2350143560673,-0.1344100199940936
G,LLLALLLGVLLGTLLGFLILI,LLLAALLGVLLGTLLGFLILI,4,Mutant,void,L,A,0.8214231074540933,0.0034796458698974,19791.458883195774,68.29500948010836,22973.829026010488,3182.370142814714,0.9535039402641506,0.13208083281005734
G,LLLAYLLGLLLGVLLGTLILI,LLLAALLGLLLGVLLGTLILI,4,Mutant,void,Y,A,1.0766767042896024,0.098566459716473,25941.567177746507,1934.5639048130247,25271.258870992417,-670.3083067540902,1.0488562825835344,-0.02782042170606802
G,LLLALLLGVLLGTLLGFLILI,LLLALLLGVLLGALLGFLILI,12,Mutant,void,T,A,1.0102549481727794,0.0539368584950444,24341.19406529033,1058.618721620249,22973.829026010488,-1367.3650392798409,0.9535039402641506,-0.05675100790862875
G,LLLTFLLGLLLGYLLASLILI,LLLTFLLGLLLGALLASLILI,12,Mutant,void,Y,A,1.3083872331347577,0.1705024865327579,31524.426197366305,3346.452303061244,29663.61188621728,-1860.8143111490244,1.231156146588345,-0.07723108654641275
L,LLLLLLLLFVLATLLSILILI,LLLLLLLLFVLATLLIILILI,15,Mutant,clash,S,I,0.1679080182189834,0.1385397282593034,3945.046702677531,2719.1192461731016,5315.929863263078,1370.883160585547,0.2262551791312308,0.0583471609122474
L,LLLYALLFVLLLLLTSLLILI,LLLAALLFVLLLLLTSLLILI,3,Mutant,void,Y,A,0.2822672616439174,0.0729516691081902,6631.9496919395615,1431.8224094450838,4016.949392342393,-2615.0002995971686,0.1709683211863616,-0.11129894045755581
L,LLLLLALLFVLTSLLYLLILI,LLLLLALLFVLTSLLALLILI,15,Mutant,void,Y,A,0.4959766980749752,0.0444709827569,11653.11375692961,872.8319784619814,9687.55068552812,-1965.5630714014897,0.4123189305094241,-0.0836577675655511
G,LLLAYLLGLLLGVLLGTLILI,LLLAYLLGALLGVLLGTLILI,8,Mutant,void,L,A,0.8113361255963853,0.0694214312947647,19548.422030591388,1362.5344319747812,25271.258870992417,5722.836840401029,1.0488562825835344,0.237520156987149
L,LLLYALLFVLLLLLTSLLILI,LLLYALLFVLALLLTSLLILI,10,Mutant,void,L,A,0.2334141444737348,0.0791367634864805,5484.1317925840185,1553.2172567820598,4016.949392342393,-1467.1824002416256,0.1709683211863616,-0.06244582328737319
L,LLLLLLLLFILAVLLSTLILI,LLLLALLLFILAVLLSTLILI,4,Mutant,void,L,A,0.2757370920675153,0.1104898779113097,6478.52149822023,2168.584833468955,3845.0818949227055,-2633.439603297524,0.163653342918805,-0.11208374914871028
G,LLLYLLLGALLAFLLSTLILI,LLLALLLGALLAFLLSTLILI,3,Mutant,void,Y,A,0.5109688628939635,0.0342048217051182,12311.340098506334,671.3380356073254,4354.937478543326,-7956.402619963009,0.1807469725871981,-0.3302218903067654
G,LLLTLLLGLLLGVLLGSLILI,LLLTALLGLLLGVLLGSLILI,4,Mutant,void,L,A,0.835114299887184,0.1885297497968802,20121.3359826273,3700.273399196312,21902.985275617568,1781.649292990267,0.9090597279285144,0.07394542804133042
L,LLLYALLFVLLLLLTSLLILI,LLLYALLFVLLLLLISLLILI,14,Mutant,clash,T,I,0.1025186076124688,0.0712905812376568,2408.703880134906,1399.2202377699648,4016.949392342393,1608.245512207487,0.1709683211863616,0.0684497135738928
G,LLLAFLLGTLLGVLLGLLILI,LLLAALLGTLLGVLLGLLILI,4,Mutant,void,F,A,0.9496517216117784,0.0382307873988608,22881.013245239064,750.3556642839618,32042.91028784085,9161.897042601784,1.3299063548579249,0.3802546332461465
G,LLLTLLLGLLLGVLLGSLILI,LLLTLLLGALLGVLLGSLILI,8,Mutant,void,L,A,0.5770286201427799,0.0873799262554466,13902.991170352769,1715.005812589341,21902.985275617568,7999.994105264799,0.9090597279285144,0.3320311077857345
L,LLLYALLFVLLLLLTSLLILI,LLLYALLFVLLILLTSLLILI,11,Mutant,clash,L,I,0.1306426803963026,0.0484431813066662,3069.486978820509,950.79431935612,4016.949392342393,947.4624135218837,0.1709683211863616,0.040325640790058986
G,LLLAYLLGTLLGILLALLILI,LLLAYLLGTLLGILLAALILI,16,Mutant,void,L,A,0.8977155375383827,0.0542152637156807,21629.65710209629,1064.0829808430292,24155.209152365365,2525.5520502690742,1.002535845401996,0.10482030786361318
L,LLLLLLLLFVLATLLSILILI,LLLLALLLFVLATLLSILILI,4,Mutant,void,L,A,0.2902197680795929,0.0823627906177263,6818.796095216439,1616.5344912289302,5315.929863263078,-1502.8662319533614,0.2262551791312308,-0.06396458894836207
G,LLLAYLLGVLLGLLLAFLILI,LLLAALLGVLLGLLLAFLILI,4,Mutant,void,Y,A,1.1520432307369748,0.076694342449695,27757.45657238901,1505.2798593391544,27006.59050553616,-750.8660668528464,1.120879346277354,-0.031163884459620705
G,LLLALLLGALLGTLLSFLILI,LLLAALLGALLGTLLSFLILI,4,Mutant,void,L,A,1.104076073204422,0.0799868529435157,26601.730592154985,1569.9019626139673,24308.430328671297,-2293.3002634836885,1.0088951246997548,-0.09518094850466707
R,LLLYSLLIALLFVLLTLLILI,LLLYSLLIALLFILLTLLILI,12,Mutant,clash,V,I,0.2420819425232982,0.0435189220545219,5552.356330404323,854.1458831155319,6395.205134130253,842.8488037259303,0.2788300299183599,0.03674808739506172
L,LLLLLLLLFVLATLLSILILI,LLLLLLLLAVLATLLSILILI,8,Mutant,void,F,A,0.2827473845101659,0.0427608593444741,6643.230315399244,839.267386311172,5315.929863263078,-1327.3004521361663,0.2262551791312308,-0.056492205378935095
R,LLLYTLLVLLLAFLLSILILI,LLLYTLLVALLAFLLSILILI,8,Mutant,void,L,A,0.3642404731477315,0.0360375447535938,8354.166674839527,707.3088908426744,6931.114390563535,-1423.052284275992,0.3021955969146628,-0.0620448762330687
L,LLLYALLLLLVTLLFSLLILI,LLLYALLLALVTLLFSLLILI,8,Mutant,void,L,A,0.3398238350931326,0.0076764878246403,7984.257774978407,150.66642647621643,5172.010907119737,-2812.24686785867,0.2201297391706713,-0.11969409592246127
L,LLLLLALLFVLTSLLYLLILI,LLLLLALLAVLTSLLYLLILI,8,Mutant,void,F,A,0.4329001115323792,0.0360496933254661,10171.111394379355,707.5473308090634,9687.55068552812,-483.5607088512352,0.4123189305094241,-0.020581181022955086
G,LLLYGLLFALLGILLTLLILI,LLLYGLLAALLGILLTLLILI,7,Mutant,void,F,A,0.2329312866519046,0.0293974659144961,5612.2720930368405,576.9840634156799,6711.510569746516,1099.2384767096755,0.2785539914114004,0.045622704759495813
G,LLLTVLLGALLGILLSLLILI,LLLTVLLGALLGILLSALILI,16,Mutant,void,L,A,0.4159782647369131,0.0377225206300611,10022.626157267256,740.3799123814094,8284.364043535807,-1738.262113731449,0.3438335746725419,-0.07214469006437119
G,LLLTSLLLGLLFALLAYLILI,LLLTSLLLGLLFALLAALILI,16,Mutant,void,Y,A,0.2554581723416824,0.0525308557930209,6155.037359615896,1031.023106575027,5270.241147849244,-884.796211766652,0.2187356619880081,-0.0367225103536743
G,LLLAYLLGVLLGLLLAFLILI,LLLAYLLGVLLGALLAFLILI,12,Mutant,void,L,A,1.1722312890646185,0.3126135925372273,28243.869874680164,6135.666980463044,27006.59050553616,-1237.279369144002,1.120879346277354,-0.051351942787264404
G,LLLYVLLFLLLGALLGTLILI,LLLYVLLALLLGALLGTLILI,7,Mutant,void,F,A,0.2998586717573895,0.0035145935736139,7224.827886067821,68.98092801569574,4138.419445325069,-3086.4084407427517,0.1717606256627425,-0.128098046094647
G,LLLYFLLAVLLGLLLGTLILI,LLLAFLLAVLLGLLLGTLILI,3,Mutant,void,Y,A,0.5995041441028623,0.0775917768394109,14444.518921742128,1522.8938040011583,6727.66813840063,-7716.850783341499,0.2792245938330572,-0.32027955026980515
G,LLLYGLLFLLLGVLLATLILI,LLLYGLLFLLLGVLLITLILI,15,Mutant,clash,A,I,0.1756638823783009,0.0754769758638404,4232.464942819691,1481.3866052799008,9715.750565987191,5483.2856231675005,0.4032417250365863,0.22757784265828537
G,LLLYALLALLLGTLLSFLILI,LLLYALLALLLGTLLSALILI,16,Mutant,void,F,A,0.233609534903377,0.040475106928346,5628.613881161745,794.4049235842073,5316.829885327964,-311.78399583378086,0.2206692771778806,-0.012940257725496396
L,LLLYALLFVLLLLLTSLLILI,LLLYALLAVLLLLLTSLLILI,7,Mutant,void,F,A,0.1329545728090101,0.0760143562743175,3123.8055493958286,1491.9337703792946,4016.949392342393,893.1438429465643,0.1709683211863616,0.0380137483773515
G,LLLYVLLALLLGTLLGFLILI,LLLAVLLALLLGTLLGFLILI,3,Mutant,void,Y,A,0.2810299767035464,0.0351095718443397,6771.167232267846,689.0955665138655,4378.707513778295,-2392.459718489551,0.1817335222054698,-0.09929645449807661
R,LLLYSLLIALLFVLLTLLILI,LLLYSLLIALLAVLLTLLILI,11,Mutant,void,F,A,0.431425361933909,0.0843345304297983,9895.109541693222,1655.2338286789343,6395.205134130253,-3499.904407562969,0.2788300299183599,-0.1525953320155491
G,LLLYVLLALLLGTLLGFLILI,LLLYVLLALLLGTLLGALILI,16,Mutant,void,F,A,0.2600518722533982,0.1111064911962255,6265.718471582055,2180.68710260064,4378.707513778295,-1887.01095780376,0.1817335222054698,-0.07831835004792842
R,LLLYTLLVLLLAFLLSILILI,LLLYTLLVLLLAFLLIILILI,15,Mutant,clash,S,I,0.2376361366029994,0.0170224219458649,5450.387970492185,334.0990755174738,6931.114390563535,1480.7264200713507,0.3021955969146628,0.0645594603116634
G,LLLYFLLAVLLGLLLGSLILI,LLLAFLLAVLLGLLLGSLILI,3,Mutant,void,Y,A,0.6255703256244128,0.056091428721501,15072.56037217385,1100.9064715049294,5980.235446166506,-9092.324926007343,0.2482032078757476,-0.37736711774866527
L,LLLLFVLTILLALLYSLLILI,LLLLFVLTILLALLASLLILI,14,Mutant,void,Y,A,0.3026343684982148,0.1029120708558009,7110.480667243583,2019.8552144162368,4488.02632324682,-2622.454343996764,0.1910181710051354,-0.11161619749307938
L,LLLLYVLIALLTLLFSLLILI,LLLLYVLAALLTLLFSLLILI,7,Mutant,void,I,A,0.3117445046591007,0.0926819298111492,7324.525910545149,1819.0682361921856,6550.51428050418,-774.0116300409691,0.2788012295326536,-0.03294327512644707
G,LLLYGLLFLLLGVLLATLILI,LLLYGLLFALLGVLLATLILI,8,Mutant,void,L,A,0.3013792609190021,0.0046798502647518,7261.465128917112,91.85142111355265,9715.750565987191,2454.285437070079,0.4032417250365863,0.1018624641175842
G,LLLYFLLALLLGTLLGSLILI,LLLYALLALLLGTLLGSLILI,4,Mutant,void,F,A,0.1617712358491485,0.0627407352500457,3897.733986195997,1231.412410690765,5656.73827184067,1759.0042856446726,0.2347768073376949,0.07300557148854642
L,LLLLLLLLFVLATLLSILILI,LLLLLLLLFVLITLLSILILI,11,Mutant,clash,A,I,0.1829031850312329,0.1236831615674787,4297.362416964349,2427.529411732283,5315.929863263078,1018.567446298729,0.2262551791312308,0.043351994099997904
L,LLLYALLLLLVTLLFSLLILI,LLLYALLLLLVILLFSLLILI,11,Mutant,clash,T,I,0.2209277247120822,0.1995259368089165,5190.759804660645,3916.095561278232,5172.010907119737,-18.74889754090873,0.2201297391706713,-0.0007979855414108894
G,LLLVTLLLGLLFGLLFALILI,LLLVTLLLGLLFGLLFILILI,16,Mutant,clash,A,I,0.2821247286704289,0.0100456243559726,6797.544306809174,197.16546927195108,20071.61291483627,13274.068608027097,0.8330505977064301,0.5509258690360012
R,LLLYTLLVLLLAFLLSILILI,LLLYTLLVLLLAALLSILILI,12,Mutant,void,F,A,0.3639700018081963,0.0880402619719487,8347.963183415164,1727.9662216570707,6931.114390563535,-1416.8487928516288,0.3021955969146628,-0.061774404893533474
L,LLLLYWLLTILAFLLSLLILI,LLLLYWLLTILAALLSLLILI,12,Mutant,void,F,A,0.3872905509532982,0.0729714998504527,9099.501780772096,1432.2116273711756,9314.86060504264,215.35882427054457,0.3964565953945984,0.009166044441300203
G,LLLAYLLGVLLGLLLAFLILI,LLLAYLLGVLLGLLLIFLILI,15,Mutant,clash,A,I,0.3168215172470829,0.0255145574548144,7633.532554832367,500.7742191351119,27006.59050553616,19373.057950703795,1.120879346277354,0.8040578290302711
G,LLLYVLLFLLLGALLGTLILI,LLLYVLLFALLGALLGTLILI,8,Mutant,void,L,A,0.1656827811876622,0.1647382019095543,3991.9791906883183,3233.3166887944208,4138.419445325069,146.44025463675098,0.1717606256627425,0.006077844475080307
G,LLLYSLLALLLGTLLGFLILI,LLLASLLALLLGTLLGFLILI,3,Mutant,void,Y,A,0.2090760432732526,0.0223631268723289,5037.501229898957,438.9210910800927,3663.6917141444414,-1373.8095157545154,0.1520575643345895,-0.0570184789386631
L,LLLYALLLLLVTLLFSLLILI,LLLYALLALLVTLLFSLLILI,7,Mutant,void,L,A,0.2124312881533068,0.0682413776999324,4991.133608248873,1339.3735199234736,5172.010907119737,180.87729887086334,0.2201297391706713,0.007698451017364494
G,LLLSSLLALLLGVLLGTLILI,LLLSSLLALLLGALLGTLILI,12,Mutant,void,V,A,0.3011644047978849,0.0757190398185631,7256.288361864051,1486.1375944247084,13607.39098437705,6351.102622513,0.564760053952013,0.2635956491541281
R,LLLYSLLLTLLATLLVFLILI,LLLYSLLLTLLATLLVALILI,16,Mutant,void,F,A,0.2543900750614342,0.0708942236266479,5834.653873521111,1391.4409270558767,4807.107426052426,-1027.546447468685,0.2095891967933434,-0.04480087826809079
L,LLLLLLLLFILAVLLSTLILI,LLLLLLLLAILAVLLSTLILI,8,Mutant,void,F,A,0.3073087144903459,0.168878844987121,7220.305757404824,3314.5850901435206,3845.0818949227055,-3375.223862482119,0.163653342918805,-0.1436553715715409
R,LLLYSLLLTLLATLLVFLILI,LLLYSLLLILLATLLVFLILI,8,Mutant,clash,T,I,0.1516301630309362,0.1194705996805514,3477.767432203734,2344.8494598198085,4807.107426052426,1329.3399938486914,0.2095891967933434,0.057959033762407186
R,LLLYSLLVALLFTLLFLLILI,LLLYSLLVALLFTLLALLILI,15,Mutant,void,F,A,0.2895621454099864,0.0605216516606407,6641.355378802794,1187.8584570895894,5297.546561781757,-1343.8088170210367,0.230972273024855,-0.058589872385131414
L,LLLLYVLIALLTLLFSLLILI,LLLLAVLIALLTLLFSLLILI,4,Mutant,void,Y,A,0.3544785635680657,0.0423114658591908,8328.574793589665,830.4471403000385,6550.51428050418,-1778.0605130854856,0.2788012295326536,-0.07567733403541205
G,LLLSSLLALLLGVLLGTLILI,LLLSSLLAALLGVLLGTLILI,8,Mutant,void,L,A,0.2295228954563658,0.0550875022803055,5530.149939924038,1081.2024071538149,13607.39098437705,8077.241044453012,0.564760053952013,0.33523715849564717
L,LLLLLLLLFILAVLLSTLILI,LLLLLLLLFILIVLLSTLILI,11,Mutant,clash,A,I,0.2090770105064258,0.1491266932943656,4912.323899781936,2926.909608880581,3845.0818949227055,-1067.2420048592307,0.163653342918805,-0.045423667587620786
G,LLLYSLLALLLGTLLGFLILI,LLLYSLLAALLGTLLGFLILI,8,Mutant,void,L,A,0.1575945862874942,0.0883357462576582,3797.101331341517,1733.7656916812796,3663.6917141444414,-133.40961719707548,0.1520575643345895,-0.005537021952904703
G,LLLYFLLAVLLGLLLGTLILI,LLLYALLAVLLGLLLGTLILI,4,Mutant,void,F,A,0.2961082782098752,0.1064479927527127,7134.465490602335,2089.2547536502866,6727.66813840063,-406.7973522017055,0.2792245938330572,-0.016883684376817976
L,LLLLYWLLTILAFLLSLLILI,LLLLYWLLIILAFLLSLLILI,8,Mutant,clash,T,I,0.1892436115233291,0.0922299138660855,4446.332542892753,1810.1965191923991,9314.86060504264,4868.528062149888,0.3964565953945984,0.20721298387126927
G,LLLTALLFLLLGYLLGSLILI,LLLTALLFLLLGALLGSLILI,12,Mutant,void,Y,A,0.593185757291067,0.030079286302057,14292.2830135269,590.366152240672,26267.8244955396,11975.5414820127,1.0902176615987655,0.4970319043076985
G,LLLYALLALLLGTLLSFLILI,LLLYALLALLLGTLLIFLILI,15,Mutant,clash,S,I,0.2100889399747199,0.0503830280587505,5061.906074664767,988.8676916017532,5316.829885327964,254.9238106631965,0.2206692771778806,0.010580337203160706
G,LLLTALLAGLLFLLLSVLILI,LLLAALLAGLLFLLLSVLILI,3,Mutant,void,T,A,0.2984438277866903,0.0750270889452094,7190.738479511693,1472.5566746494292,7567.0676793298435,376.3291998181503,0.3140629644342067,0.015619136647516407
L,LLLFALLLILTALLYVLLILI,LLLFALLLILTILLYVLLILI,11,Mutant,clash,A,I,0.1955383319933539,0.1141401921236249,4594.228792819141,2240.2295505571724,8634.575428714788,4040.3466358956475,0.3675024804193403,0.1719641484259864
R,LLLYSLLLALLFALLTILILI,LLLYSLLLALLAALLTILILI,11,Mutant,void,F,A,0.5164872246181413,0.067362573771704,11846.076089561107,1322.1252353710374,10229.347626258335,-1616.728463302772,0.44599809465675,-0.07048912996139134
R,LLLYFLLAILLAVLLTLLILI,LLLAFLLAILLAVLLTLLILI,3,Mutant,void,Y,A,0.4253790114471111,0.0570380583721329,9756.431323696392,1119.485971622716,5448.458989326912,-4307.9723343694795,0.2375520332997598,-0.1878269781473513
R,LLLYVLLIALLFTLLSLLILI,LLLYVLLAALLFTLLSLLILI,7,Mutant,void,I,A,0.2574297551684846,0.0430858431823168,5904.371535678161,845.6458440924384,5913.882343152772,9.510807474610374,0.2578444250151666,0.0004146698466819809
G,LLLYVLLTLLLGGLLFALILI,LLLYVLLTLLLGILLFALILI,12,Mutant,clash,G,I,0.2055432398848022,0.0852511725816344,4952.381475705438,1673.22476414235,7600.143156975107,2647.7616812696688,0.3154357263813125,0.10989248649651032
R,LLLYTLLVALLSTLLFLLILI,LLLYTLLVALLSTLLFALILI,16,Mutant,void,L,A,0.2602642499402376,0.0486607224220395,5969.383096739217,955.063998924561,5236.273046570613,-733.1100501686042,0.2283007565180744,-0.0319634934221632
G,LLLYLLLGALLAFLLSTLILI,LLLYLLLGALLAALLSTLILI,12,Mutant,void,F,A,0.1492077733590253,0.0156548328526726,3595.028536293545,307.2574042950292,4354.937478543326,759.9089422497805,0.1807469725871981,0.031539199228172804
G,LLLYALLALLLGTLLSFLILI,LLLAALLALLLGTLLSFLILI,3,Mutant,void,Y,A,0.2037028554252375,0.0837675969627346,4908.039049701156,1644.10662547147,5316.829885327964,408.7908356268081,0.2206692771778806,0.016966421752643096
R,LLLYSLLLALLFALLTILILI,LLLYSLLLALLFILLTILILI,12,Mutant,clash,A,I,0.2186885672347974,0.0551523128107182,5015.809267014888,1082.474443476197,10229.347626258335,5213.538359243447,0.44599809465675,0.2273095274219526
R,LLLYSLLIALLFVLLTLLILI,LLLYSLLAALLFVLLTLLILI,7,Mutant,void,I,A,0.2446444883791785,0.0377672434776793,5611.130510564885,741.2576876917695,6395.205134130253,784.0746235653678,0.2788300299183599,0.034185541539181435
R,LLLYSLLLILLAVLLTFLILI,LLLYSLLAILLAVLLTFLILI,7,Mutant,void,L,A,0.2474222400131775,0.0935476869108454,5674.840619248173,1836.0604509138573,5578.592498331119,-96.24812091705462,0.2432258356955973,-0.004196404317580199
G,LLLVTLLLGLLFGLLFALILI,LLLVTLLLGLLFGLLAALILI,15,Mutant,void,F,A,0.7111988925537615,0.1000609168928642,17135.70450118212,1963.895615815875,20071.61291483627,2935.9084136541496,0.8330505977064301,0.12185170515266863
R,LLLYFLLAILLAVLLTLLILI,LLLYFLLIILLAVLLTLLILI,7,Mutant,clash,A,I,0.2466686994348881,0.2169698298058989,5657.557521818904,4258.466849426899,5448.458989326912,-209.09853249199205,0.2375520332997598,-0.009116666135128293
G,LLLVLLLTGLLFALLAYLILI,LLLVLLLTGLLFILLAYLILI,12,Mutant,clash,A,I,0.1960349652510724,0.0227778908924616,4723.288058730062,447.0616644844603,5947.16227297864,1223.874214248578,0.2468305415725857,0.0507955763215133
R,LLLYILLSVLLALLLTFLILI,LLLYILLSVLLALLLTALILI,16,Mutant,void,F,A,0.2021773718471808,0.0179531811584044,4637.110883858174,352.3670865742952,4415.47822382424,-221.63266003393437,0.1925142195420049,-0.009663152305175893
R,LLLYSLLVALLATLLFLLILI,LLLYSLLVALLAILLFLLILI,12,Mutant,clash,T,I,0.2147575335837626,0.068107961326148,4925.647649226292,1336.7549568824804,6070.911904089481,1145.2642548631893,0.2646908914317006,0.04993335784793801
G,LLLTSLLLGLLFALLAYLILI,LLLTSLLLGLLAALLAYLILI,11,Mutant,void,F,A,0.2545019567179353,0.1112094952832214,6131.998194989875,2182.708763865078,5270.241147849244,-861.7570471406307,0.2187356619880081,-0.035766294729927206
G,LLLYLLLGALLAFLLSTLILI,LLLYLLLGILLAFLLSTLILI,8,Mutant,clash,A,I,0.1785084525880748,0.0422198990439736,4301.002330964313,828.6499585673214,4354.937478543326,53.935147579012664,0.1807469725871981,0.0022385199991233062
R,LLLYSLLVALLATLLFLLILI,LLLYSLLIALLATLLFLLILI,7,Mutant,clash,V,I,0.247945495650225,0.0584601542969607,5686.841934659471,1147.3974483436584,6070.911904089481,384.06996943001013,0.2646908914317006,0.016745395781475603
R,LLLYLLLAVLLAFLLTSLILI,LLLYALLAVLLAFLLTSLILI,4,Mutant,void,L,A,0.2909130552076545,0.044156870654955,6672.339650029747,866.6669002982673,5501.73453368736,-1170.6051163423863,0.239874839420465,-0.05103821578718948
G,LLLALLLGVLLGTLLGFLILI,LLLALLLGVLLITLLGFLILI,11,Mutant,clash,G,I,0.2258604120272945,0.0939970545851978,5441.905660535067,1844.880190221611,22973.829026010488,17531.92336547542,0.9535039402641506,0.7276435282368561
G,LLLYLLLGALLGVLLSTLILI,LLLYALLGALLGVLLSTLILI,4,Mutant,void,L,A,0.7097184484659169,0.0356902371238362,17100.034518175682,700.4922840545809,20308.516385488827,3208.481867313145,0.8428830201770091,0.1331645717110922
R,LLLTVLLLALLFALLSILILI,LLLTVLLLALLAALLSILILI,11,Mutant,void,F,A,0.3605186689953933,0.0314287438623403,8268.803914491791,616.8519557602618,8183.376488790299,-85.42742570149221,0.3567940454427866,-0.0037246235526067206
R,LLLAILLLTLLFVLLSLLILI,LLLAILLLTLLAVLLSLLILI,11,Mutant,void,F,A,0.3894531977747195,0.0603727225793637,8932.442070836869,1184.935426014708,7503.185302677016,-1429.256768159853,0.327137806930995,-0.062315390843724505
R,LLLYALLVALLLTLLSWLILI,LLLYALLVALLATLLSWLILI,11,Mutant,void,L,A,0.3140296639877568,0.0678434888739538,7202.538836917491,1331.5641560668153,6194.617430185071,-1007.9214067324201,0.2700844346913545,-0.043945229296402266
L,LLLFALLLILTALLYVLLILI,LLLFILLLILTALLYVLLILI,4,Mutant,clash,A,I,0.2301278364668177,0.058643620729034,5406.919050154086,1150.998343882986,8634.575428714788,3227.6563785607023,0.3675024804193403,0.1373746439525226
G,LLLYGLLFALLGILLTLLILI,LLLYGLLFALLIILLTLLILI,11,Mutant,clash,G,I,0.2070768885578026,0.0235263307162476,4989.333375852958,461.75129287070297,6711.510569746516,1722.177193893558,0.2785539914114004,0.07147710285359782
R,LLLYFLLVALLLALLSTLILI,LLLYALLVALLLALLSTLILI,4,Mutant,void,F,A,0.3479878681927286,0.0326678507676662,7981.399284349008,641.1719069853818,7280.807475357838,-700.5918089911702,0.3174421654388616,-0.030545702753866977
L,LLLVALLLFLLSLLYTLLILI,LLLVILLLFLLSLLYTLLILI,4,Mutant,clash,A,I,0.1909033449059363,0.1447635633800205,4485.328451338532,2841.274458144412,6417.888941720247,1932.5604903817148,0.2731564654815684,0.08225312057563211
L,LLLVALLLFLLSLLYTLLILI,LLLVALLLFLLSLLATLLILI,14,Mutant,void,Y,A,0.250440605189866,0.1041643770183632,5884.173335586638,2044.43422744632,6417.888941720247,533.7156061336091,0.2731564654815684,0.022715860291702417
G,LLLYFLLAVLLGLLLGSLILI,LLLYALLAVLLGLLLGSLILI,4,Mutant,void,F,A,0.2753055846118613,0.1590441092922339,6633.243098306964,3121.558732996509,5980.235446166506,-653.007652140458,0.2482032078757476,-0.02710237673611368
R,LLLYVLLFALLTVLLSLLILI,LLLYVLLFALLTVLLSALILI,16,Mutant,void,L,A,0.2255812462047825,0.0346285448234401,5173.898752375368,679.6544492097978,6858.8477105604,1684.948958185032,0.2990447799939424,0.0734635337891599
R,LLLLVLLIALLFTLLSYLILI,LLLLVLLIALLATLLSYLILI,11,Mutant,void,F,A,0.3827828268406832,0.0519606057475196,8779.451410350153,1019.8308089661944,7622.854832703295,-1156.5965776468583,0.3323553813388555,-0.050427445501827706
G,LLLTSLLLGLLFALLAYLILI,LLLTSLLLGLLFILLAYLILI,12,Mutant,clash,A,I,0.1814751659858328,0.0482094514491109,4372.482650551532,946.2069034757924,5270.241147849244,897.758497297712,0.2187356619880081,0.03726049600217529
R,LLLYVLLTALLFALLSLLILI,LLLYVLLTALLFALLSALILI,16,Mutant,void,L,A,0.2667424252342488,0.0394713352128143,6117.965585894909,774.703896176342,7236.297066015781,1118.3314801208717,0.315501517952316,0.04875909271806722
L,LLLLFVLLALLTILLSLLILI,LLLLFVLLALLTALLSLLILI,12,Mutant,void,I,A,0.2537975762246561,0.0460052586734642,5963.046325976163,902.945211819526,3450.3875344528874,-2512.6587915232753,0.1468544675489525,-0.10694310867570359
R,LLLYILLFTLLVALLSLLILI,LLLAILLFTLLVALLSLLILI,3,Mutant,void,Y,A,0.3508141252200196,0.0648774277429015,8046.2219056937,1273.3492742768185,4359.7546976044,-3686.4672080893006,0.1900846817620346,-0.16072944345798498
R,LLLYALLVALLLTLLSWLILI,LLLYALLVALLLILLSWLILI,12,Mutant,clash,T,I,0.2360416326843749,0.117296777204226,5413.816659834699,2302.1838460843846,6194.617430185071,780.8007703503717,0.2700844346913545,0.03404280200697962
G,LLLVLLLTGLLFALLAYLILI,LLLVLLLTGLLFALLIYLILI,15,Mutant,clash,A,I,0.206711985697938,0.0108237910741549,4980.541366126689,212.4385474234529,5947.16227297864,966.6209068519511,0.2468305415725857,0.04011855587464769
R,LLLYTLLVALLSTLLFLLILI,LLLYTLLVALLSTLLALLILI,15,Mutant,void,F,A,0.4877425824203585,0.0594824668606857,11186.793144320773,1167.462377029186,5236.273046570613,-5950.52009775016,0.2283007565180744,-0.2594418259022841
R,LLLYSLLVALLATLLFLLILI,LLLYSLLVALLATLLFALILI,16,Mutant,void,L,A,0.2581576287411242,0.054535302390792,5921.065938391223,1070.36437998356,6070.911904089481,149.84596569825771,0.2646908914317006,0.0065332626905764135
R,LLLYSLLLALLATLLVFLILI,LLLYSLLLALLATLLVALILI,16,Mutant,void,F,A,0.3148296379621107,0.0184544716027931,7220.886923988521,362.2059141249664,5591.927429251181,-1628.9594947373398,0.2438072367780761,-0.07102240118403463
R,LLLYILLSVLLALLLTFLILI,LLLAILLSVLLALLLTFLILI,3,Mutant,void,Y,A,0.2929713586452162,0.0329207706333934,6719.5485992029,646.1359651827497,4415.47822382424,-2304.07037537866,0.1925142195420049,-0.10045713910321127
R,LLLYTLLVLLLAFLLSILILI,LLLYTLLVLLLIFLLSILILI,11,Mutant,clash,A,I,0.1453701522674582,0.0418856755019502,3334.1887330815057,822.0901530209172,6931.114390563535,3596.9256574820297,0.3021955969146628,0.1568254446472046
R,LLLLALLFALLVSLLTWLILI,LLLLALLAALLVSLLTWLILI,7,Mutant,void,F,A,0.3236927917479136,0.0113922067739507,7424.17093399106,223.59484233718592,6957.9857778445885,-466.18515614647185,0.3033671855601618,-0.02032560618775181
G,LLLTALLAGLLFLLLSVLILI,LLLTILLAGLLFLLLSVLILI,4,Mutant,clash,A,I,0.2430470760733109,0.0182635796821111,5856.003038250595,358.4592783725436,7567.0676793298435,1711.0646410792488,0.3140629644342067,0.07101588836089581
G,LLLVLLLTGLLFALLAYLILI,LLLVLLLTGLLFALLAALILI,16,Mutant,void,Y,A,0.3024255540902863,0.1079499464662682,7286.6746319147105,2118.7335991858668,5947.16227297864,-1339.51235893607,0.2468305415725857,-0.05559501251770063
R,LLLYFLLVALLLALLSTLILI,LLLYFLLVALLAALLSTLILI,11,Mutant,void,L,A,0.2748241679229813,0.0925672621757619,6303.327264288001,1816.8176546444545,7280.807475357838,977.4802110698365,0.3174421654388616,0.0426179975158803
R,LLLYSLLTALLVALLFLLILI,LLLYSLLAALLVALLFLLILI,7,Mutant,void,T,A,0.2959438742688924,0.0704461114962572,6787.725786510137,1382.6458302718877,6559.776024109327,-227.94976240080996,0.2860052972035071,-0.009938577065385312
L,LLLLFVLLALLTILLSLLILI,LLLLAVLLALLTILLSLLILI,4,Mutant,void,F,A,0.2732702916671346,0.0179836831576255,6420.563320356635,352.96574923760943,3450.3875344528874,-2970.1757859037475,0.1468544675489525,-0.1264158241181821
G,LLLYVLLTLLLGGLLFALILI,LLLYVLLTALLGGLLFALILI,8,Mutant,void,L,A,0.2427067071641223,0.0532462340730248,5847.802152230624,1045.0638362166806,7600.143156975107,1752.3410047444822,0.3154357263813125,0.07272901921719022
R,LLLYFLLAILLAVLLTLLILI,LLLYALLAILLAVLLTLLILI,4,Mutant,void,F,A,0.3091169121297236,0.0446444957118889,7089.860672687565,876.2375173028441,5448.458989326912,-1641.401683360653,0.2375520332997598,-0.07156487882996379
R,LLLYVLLFTLLAALLSLLILI,LLLYVLLFTLLAALLSALILI,16,Mutant,void,L,A,0.2236636021650234,0.0571939823495976,5129.915946754321,1122.5462915155722,6449.878277503226,1319.9623307489046,0.2812137711563238,0.05755016899130039
G,LLLTVLLALLLGFLLGSLILI,LLLTVLLAALLGFLLGSLILI,8,Mutant,void,L,A,0.7651318262265127,0.1476288029256722,18435.17054923619,2897.51051497256,18720.230725533205,285.06017629701455,0.7769629407095923,0.011831114483079608
R,LLLYVLLTALLFALLSLLILI,LLLYVLLTALLAALLSLLILI,11,Mutant,void,F,A,0.3963642311154795,0.0355346247400776,9090.952529384867,697.4380797412894,7236.297066015781,-1854.6554633690866,0.315501517952316,-0.08086271316316351
G,LLLYLLLGALLGVLLSTLILI,LLLYLLLGALLGVLLITLILI,15,Mutant,clash,S,I,0.239375322279676,0.0260020380900725,5767.535397668596,510.34200158567256,20308.516385488827,14540.980987820232,0.8428830201770091,0.603507697897333
R,LLLLALLFALLVSLLTWLILI,LLLLALLFALLVSLLTALILI,16,Mutant,void,W,A,0.3627482807269937,0.0785909613984598,8319.941965855105,1542.5047993127102,6957.9857778445885,-1361.9561880105166,0.3033671855601618,-0.05938109516683193
G,LLLTVLLGALLGILLSLLILI,LLLTVLLGALLGILLILLILI,15,Mutant,clash,S,I,0.2355488073501091,0.064982471620079,5675.338925229396,1275.4109703881566,8284.364043535807,2609.02511830641,0.3438335746725419,0.10828476732243278
G,LLLVTLLLGLLFGLLFALILI,LLLVTLLLGLLFILLFALILI,12,Mutant,clash,G,I,0.2347229291944078,0.0555898702417886,5655.440125911305,1091.0623832574686,20071.61291483627,14416.172788924967,0.8330505977064301,0.5983276685120222
G,LLLYFLLAVLLGLLLGTLILI,LLLYFLLAVLLILLLGTLILI,11,Mutant,clash,G,I,0.2482704492476431,0.1158844046283605,5981.855567193928,2274.4632096307305,6727.66813840063,745.8125712067013,0.2792245938330572,0.030954144585414095
G,LLLTVLLALLLGFLLGSLILI,LLLTVLLALLLGFLLISLILI,15,Mutant,clash,G,I,0.2358164509397383,0.0393503198817557,5681.787559373942,772.328728220082,18720.230725533205,13038.443166159264,0.7769629407095923,0.5411464897698539
R,LLLYVLLTILLALLLAFLILI,LLLYVLLTALLALLLAFLILI,8,Mutant,void,I,A,0.2971621646586342,0.0561687999369715,6815.668318226294,1102.4250363107535,7424.887537213134,609.2192189868401,0.3237240355458253,0.026561870887191086
R,LLLYSLLVALLATLLFLLILI,LLLYSLLVALLATLLALLILI,15,Mutant,void,F,A,0.3168349230159857,0.0211632901975157,7266.8798512015555,415.371896686913,6070.911904089481,-1195.9679471120744,0.2646908914317006,-0.0521440315842851
R,LLLYILLSVLLALLLTFLILI,LLLYILLSVLLILLLTFLILI,11,Mutant,clash,A,I,0.169272252429044,0.0610921070302633,3882.403836392165,1199.0547846151128,4415.47822382424,533.0743874320747,0.1925142195420049,0.023241967112960893
R,LLLTVLLLALLFALLSILILI,LLLTVLLAALLFALLSILILI,7,Mutant,void,L,A,0.385985662676834,0.0092326906784043,8852.911188651016,181.21001993241416,8183.376488790299,-669.5346998607174,0.3567940454427866,-0.029191617234047396
R,LLLYSLLFVLLAILLTLLILI,LLLYSLLFILLAILLTLLILI,8,Mutant,clash,V,I,0.1789868005253015,0.0666026951472497,4105.215302835262,1307.2110976334982,5675.489883506815,1570.274580671553,0.2474505478420937,0.0684637473167922
R,LLLYSLLLALLFALLTILILI,LLLYSLLAALLFALLTILILI,7,Mutant,void,L,A,0.4903491916946551,0.0916508537272927,11246.577956654046,1798.8313060385792,10229.347626258335,-1017.2303303957106,0.44599809465675,-0.044351097037905074
L,LLLFALLLILTALLYVLLILI,LLLFALLLILTALLAVLLILI,14,Mutant,void,Y,A,0.3652087936319876,0.0463554336873191,8580.684604490103,909.8180968413344,8634.575428714788,53.890824224685275,0.3675024804193403,0.0022936867873527
R,LLLALLLVTLLAILLSFLILI,LLLALLLVILLAILLSFLILI,8,Mutant,clash,T,I,0.1573167644119515,0.0412556156891632,3608.1944968719145,809.7239690905143,3955.461436808933,347.2669399370184,0.1724575533669037,0.015140788954952189
R,LLLYVLLFALLTVLLSLLILI,LLLYVLLFALLTILLSLLILI,12,Mutant,clash,V,I,0.2391452683048237,0.0822745556619933,5485.001196372473,1614.8027039010733,6858.8477105604,1373.846514187927,0.2990447799939424,0.05989951168911872
G,LLLTSLLLGLLFALLAYLILI,LLLTSLLLGLLFALLIYLILI,15,Mutant,clash,A,I,0.225457777643209,0.0178995927593445,5432.204543296794,351.3153070525926,5270.241147849244,-161.96339544755028,0.2187356619880081,-0.006722115655200922
R,LLLYSLLLILLAVLLTFLILI,LLLYSLLLILLAVLLTALILI,16,Mutant,void,F,A,0.2456794114015345,0.1596780711886956,5634.867354933945,3134.0015030940226,5578.592498331119,-56.27485660282582,0.2432258356955973,-0.002453575705937183
R,LLLYSLLLALLATLLVFLILI,LLLYSLLAALLATLLVFLILI,7,Mutant,void,L,A,0.1421397934757905,0.0460655321083821,3260.097692262991,904.1281986422404,5591.927429251181,2331.82973698819,0.2438072367780761,0.10166744330228558
R,LLLYVLLTILLALLLAFLILI,LLLYVLLTILLAALLAFLILI,12,Mutant,void,L,A,0.2254789189164662,0.0932650651581307,5171.551788529476,1830.5134337793872,7424.887537213134,2253.3357486836585,0.3237240355458253,0.09824511662935909
R,LLLYVLLIALLFTLLSLLILI,LLLYVLLIILLFTLLSLLILI,8,Mutant,clash,A,I,0.2087350099508728,0.1786497667183221,4787.515920501367,3506.358971232149,5913.882343152772,1126.3664226514047,0.2578444250151666,0.04910941506429378
R,LLLYILLTALLVALLSLLILI,LLLYALLTALLVALLSLLILI,4,Mutant,void,I,A,0.3690108418198186,0.0298845453407985,8463.579158960032,586.5439713759368,7223.8449404335,-1239.7342185265325,0.3149586070563672,-0.05405223476345139
R,LLLYVLLFTLLAALLSLLILI,LLLYVLLATLLAALLSLLILI,7,Mutant,void,F,A,0.3091048503859636,0.0689891639799376,7089.584026282345,1354.0503213783338,6449.878277503226,-639.705748779119,0.2812137711563238,-0.027891079229639792
G,LLLTALLFLLLGYLLGSLILI,LLLTALLFLLLGYLLISLILI,15,Mutant,clash,G,I,0.1956039931453415,0.0524207672657315,4712.9041693184745,1028.862399038997,26267.8244955396,21554.920326221127,1.0902176615987655,0.894613668453424
R,LLLYSLLFVLLAILLTLLILI,LLLYSLLFVLLAILLTALILI,16,Mutant,void,L,A,0.1862451825507853,0.0759601339238758,4271.692500454176,1490.8695484465436,5675.489883506815,1403.797383052639,0.2474505478420937,0.061205365291308406
R,LLLYSLLVALLFTLLFLLILI,LLLYSLLVILLFTLLFLLILI,8,Mutant,clash,A,I,0.1557312409441503,0.0907767494509099,3571.8291605282725,1781.6752614002169,5297.546561781757,1725.7174012534847,0.230972273024855,0.0752410320807047
R,LLLYTLLVALLSTLLFLLILI,LLLYILLVALLSTLLFLLILI,4,Mutant,clash,T,I,0.245086021827604,0.0728327742267476,5621.257457713417,1429.488859680195,5236.273046570613,-384.9844111428047,0.2283007565180744,-0.01678526530952959
R,LLLYLLLAVLLAFLLTSLILI,LLLYLLLAVLLAALLTSLILI,12,Mutant,void,F,A,0.2012290943927004,0.0321052974891719,4615.361329671151,630.1306737743947,5501.73453368736,886.3732040162095,0.239874839420465,0.038645745027764605
G,LLLYFLLALLLGTLLGSLILI,LLLAFLLALLLGTLLGSLILI,3,Mutant,void,Y,A,0.3568302716403566,0.0383229906958018,8597.507892693453,752.1653383185251,5656.73827184067,-2940.769620852783,0.2347768073376949,-0.12205346430266167
R,LLLYILLTALLVALLSLLILI,LLLYILLTALLVALLSALILI,16,Mutant,void,L,A,0.2484407276212403,0.075338572241817,5698.200503337322,1478.6701573177636,7223.8449404335,1525.644437096178,0.3149586070563672,0.06651787943512688
R,LLLYSLLFVLLAILLTLLILI,LLLYSLLFVLLIILLTLLILI,11,Mutant,clash,A,I,0.1988163998654362,0.1401552958078267,4560.024117858225,2750.8279907019546,5675.489883506815,1115.4657656485906,0.2474505478420937,0.048634147976657494
R,LLLYALLFALLLSLLVTLILI,LLLYALLFALLLILLVTLILI,12,Mutant,clash,S,I,0.249100311356801,0.0099651899335703,5713.328620248248,195.58678281065752,6097.279497480206,383.95087723195866,0.2658405147356145,0.01674020337881349
R,LLLYSLLFVLLAILLTLLILI,LLLYSLLAVLLAILLTLLILI,7,Mutant,void,F,A,0.2592495804978448,0.0112462583828718,5946.110785541812,220.7303132655261,5675.489883506815,-270.620902034997,0.2474505478420937,-0.011799032655751107
R,LLLYSLLTALLVALLFLLILI,LLLYSLLTALLVALLALLILI,15,Mutant,void,F,A,0.3452208689934879,0.0426751649414995,7917.935791952168,837.5854622699236,6559.776024109327,-1358.1597678428407,0.2860052972035071,-0.059215571789980825
R,LLLYSLLLILLAVLLTFLILI,LLLYSLLLILLAVLLIFLILI,15,Mutant,clash,T,I,0.1726391215063948,0.0519379399994682,3959.625857326896,1019.3859483098884,5578.592498331119,1618.9666410042228,0.2432258356955973,0.07058671418920251
G,LLLVLLLTGLLFALLAYLILI,LLLVLLLTGLLAALLAYLILI,11,Mutant,void,F,A,0.2515295891096009,0.0343496048007432,6060.381642237976,674.179693332074,5947.16227297864,-113.21936925933551,0.2468305415725857,-0.004699047537015194
L,LLLFALLLILTALLYVLLILI,LLLAALLLILTALLYVLLILI,3,Mutant,void,F,A,0.3270441636183747,0.0335702406175321,7683.99575453361,658.8831124978959,8634.575428714788,950.5796741811782,0.3675024804193403,0.04045831680096562
R,LLLYVLLTILLALLLAFLILI,LLLYVLLIILLALLLAFLILI,7,Mutant,clash,T,I,0.2188114423086852,0.1246295496898803,5018.6275118943,2446.104171653762,7424.887537213134,2406.260025318834,0.3237240355458253,0.10491259323714008
R,LLLYSLLLALLATLLVFLILI,LLLYSLLLALLITLLVFLILI,11,Mutant,clash,A,I,0.2126230529730769,0.0775935776113329,4876.691511455534,1522.9291477082152,5591.927429251181,715.2359177956469,0.2438072367780761,0.031184183804999183
R,LLLALLLVTLLAILLSFLILI,LLLALLLVTLLAILLSALILI,16,Mutant,void,F,A,0.3236694325616447,0.0390922321803479,7423.635171081172,767.263240981196,3955.461436808933,-3468.1737342722395,0.1724575533669037,-0.15121187919474102
G,LLLYLLLGALLGVLLSTLILI,LLLYLLLGALLIVLLSTLILI,11,Mutant,clash,G,I,0.1438252720095341,0.0427881543471549,3465.3419555544447,839.8031053254762,20308.516385488827,16843.17442993438,0.8428830201770091,0.699057748167475
G,LLLTALLAGLLFLLLSVLILI,LLLTALLAGLLALLLSVLILI,11,Mutant,void,F,A,0.2680429212126522,0.0759001686551444,6458.25568590653,1489.6926102365956,7567.0676793298435,1108.8119934233137,0.3140629644342067,0.04602004322155451
G,LLLAFLLGTLLGVLLGLLILI,LLLAFLLGTLLIVLLGLLILI,11,Mutant,clash,G,I,0.2888061622042687,0.1150007906372237,6958.527502770851,2257.120517729872,32042.91028784085,25084.382785069996,1.3299063548579249,1.0411001926536563
G,LLLAYLLGTLLGILLALLILI,LLLAYLLGTLLGILLILLILI,15,Mutant,clash,A,I,0.4466276039307164,0.0363650588351933,10761.09471377203,713.7370097472024,24155.209152365365,13394.114438593335,1.002535845401996,0.5559082414712795
R,LLLYALLFALLLSLLVTLILI,LLLYALLFALLASLLVTLILI,11,Mutant,void,L,A,0.2874881885413999,0.0615074455024364,6593.78740480655,1207.206632816509,6097.279497480206,-496.50790732634323,0.2658405147356145,-0.021647673805785417
R,LLLYALLFALLLSLLVTLILI,LLLYALLAALLLSLLVTLILI,7,Mutant,void,F,A,0.3480406741013433,0.0320031561193474,7982.610433012276,628.1259451197521,6097.279497480206,-1885.3309355320698,0.2658405147356145,-0.08220015936572883
R,LLLLVLLIALLFTLLSYLILI,LLLLVLLIILLFTLLSYLILI,8,Mutant,clash,A,I,0.2287188534810185,0.0645462714515228,5245.862457881372,1266.849669752995,7622.854832703295,2376.9923748219226,0.3323553813388555,0.103636527857837
G,LLLTVLLGALLGILLSLLILI,LLLTVLLGALLIILLSLLILI,11,Mutant,clash,G,I,0.2013458268365064,0.0374611230337066,4851.2485430989145,735.2494617281152,8284.364043535807,3433.115500436892,0.3438335746725419,0.1424877478360355
L,LLLLFVLLALLTILLSLLILI,LLLLFVLLILLTILLSLLILI,8,Mutant,clash,A,I,0.1398660182025692,0.1236608850272633,3286.191927030541,2427.0921900862973,3450.3875344528874,164.19560742234626,0.1468544675489525,0.006988449346383319
R,LLLYSLLLILLAVLLTFLILI,LLLYSLLLILLIVLLTFLILI,11,Mutant,clash,A,I,0.2105400857593893,0.1170383315841747,4828.916877492707,2297.1113338998043,5578.592498331119,749.6756208384122,0.2432258356955973,0.032685749936208014
R,LLLYFLLAILLAVLLTLLILI,LLLYFLLAILLIVLLTLLILI,11,Mutant,clash,A,I,0.1737730967737188,0.0489370977326827,3985.6345496222425,960.4884171458216,5448.458989326912,1462.8244397046697,0.2375520332997598,0.063778936526041
R,LLLYSLLIALLFVLLTLLILI,LLLYSLLIILLFVLLTLLILI,8,Mutant,clash,A,I,0.191075296361471,0.1673053522989879,4382.475290414226,3283.7021494302853,6395.205134130253,2012.729843716027,0.2788300299183599,0.08775473355688893
R,LLLYSLLTALLVALLFLLILI,LLLYSLLTALLVILLFLLILI,12,Mutant,clash,A,I,0.2163387448841194,0.0427895214846158,4961.914082318911,839.8299381684542,6559.776024109327,1597.8619417904165,0.2860052972035071,0.0696665523193877
G,LLLYVLLALLLGTLLGFLILI,LLLYVLLALLLITLLGFLILI,11,Mutant,clash,G,I,0.1776192115831629,0.0887236186264193,4279.57686020061,1741.3784626580132,4378.707513778295,99.13065357768482,0.1817335222054698,0.004114310622306883
R,LLLYALLVALLLTLLSWLILI,LLLYALLVALLLTLLSALILI,16,Mutant,void,W,A,0.3026034179838631,0.0676114598803238,6940.468115469307,1327.0101230085654,6194.617430185071,-745.8506852842365,0.2700844346913545,-0.032518983292508574
R,LLLYILLSVLLALLLTFLILI,LLLYILLIVLLALLLTFLILI,7,Mutant,clash,S,I,0.2321257677401756,0.0558606868622351,5324.002949304388,1096.3777009852631,4415.47822382424,-908.5247254801479,0.1925142195420049,-0.0396115481981707
R,LLLAALLLSLLFTLLVFLILI,LLLAALLLSLLATLLVFLILI,11,Mutant,void,F,A,0.3575899844908345,0.0216441854068494,8201.63203137793,424.81042696113167,10457.79861803786,2256.1665866599287,0.4559585252514497,0.09836854076061519
L,LLLLFVLTILLALLYSLLILI,LLLLIVLTILLALLYSLLILI,4,Mutant,clash,F,I,0.1929579837323642,0.1363588055081266,4533.602775655711,2676.314275346658,4488.02632324682,-45.57645240889178,0.1910181710051354,-0.0019398127272287902
R,LLLYALLLSLLTALLVFLILI,LLLYALLLSLLTALLVALILI,16,Mutant,void,F,A,0.328865531071614,0.0282374003704768,7542.812133031127,554.2154570433971,6366.765930818972,-1176.0462022121546,0.2775900847180019,-0.051275446353612086
G,LLLTALLFLLLGYLLGSLILI,LLLTALLALLLGYLLGSLILI,7,Mutant,void,F,A,0.9875721939937534,0.0507940518221895,23794.67328615649,996.9348550776258,26267.8244955396,2473.1512093831116,1.0902176615987655,0.10264546760501214
R,LLLYALLLTLLVALLSFLILI,LLLYALLLTLLVALLSALILI,16,Mutant,void,F,A,0.2836013821357379,0.0870720982489435,6504.640176704309,1708.96407225568,5766.737589360358,-737.9025873439514,0.2514289347775367,-0.032172447358201184
G,LLLYFLLALLLGTLLGSLILI,LLLYFLLALLLITLLGSLILI,11,Mutant,clash,G,I,0.154985011250286,0.0720722257959234,3734.225942783297,1414.5615755698675,5656.73827184067,1922.5123290573729,0.2347768073376949,0.07979179608740891
R,LLLYTLLVALLSTLLFLLILI,LLLYTLLVILLSTLLFLLILI,8,Mutant,clash,A,I,0.2459944184777221,0.0144310707086076,5642.09231155346,283.2386247692788,5236.273046570613,-405.819264982847,0.2283007565180744,-0.017693661959647694
G,LLLAFLLGILLGLLLGTLILI,LLLAFLLGILLILLLGTLILI,11,Mutant,clash,G,I,0.3481796260465718,0.0113848905995931,8389.07828433309,223.4512478069203,29662.52500906388,21273.44672473079,1.2311110369267992,0.8829314108802274
R,LLLYALLFALLLSLLVTLILI,LLLYILLFALLLSLLVTLILI,4,Mutant,clash,A,I,0.1845998704603559,0.0669608756268052,4233.955860930972,1314.2411058566756,6097.279497480206,1863.323636549234,0.2658405147356145,0.0812406442752586
R,LLLYFLLVALLLALLSTLILI,LLLYFLLVILLLALLSTLILI,8,Mutant,clash,A,I,0.1159153958934593,0.0211177038557512,2658.618712062042,414.4771735452628,7280.807475357838,4622.188763295795,0.3174421654388616,0.20152676954540233
R,LLLAILLLTLLFVLLSLLILI,LLLAILLLILLFVLLSLLILI,8,Mutant,clash,T,I,0.2024214021314597,0.1199519118264065,4642.707927075172,2354.296173312001,7503.185302677016,2860.477375601844,0.327137806930995,0.12471640479953527
R,LLLYVLLFALLTVLLSLLILI,LLLYVLLAALLTVLLSLLILI,7,Mutant,void,F,A,0.3076247194828106,0.0221420773051379,7055.635958517801,434.5825512506378,6858.8477105604,-196.78824795740093,0.2990447799939424,-0.008579939488868205
G,LLLYFLLAVLLGLLLGSLILI,LLLYFLLAVLLILLLGSLILI,11,Mutant,clash,G,I,0.2377184992359639,0.1547105283879782,5727.615720650832,3036.5035406168345,5980.235446166506,252.61972551567396,0.2482032078757476,0.010484708639783707
R,LLLYVLLFALLTVLLSLLILI,LLLYVLLFILLTVLLSLLILI,8,Mutant,clash,A,I,0.1965521848214168,0.0347439507186503,4508.092409933677,681.9195207071301,6858.8477105604,2350.7553006267226,0.2990447799939424,0.10249259517252562
R,LLLYLLLAVLLAFLLTSLILI,LLLYLLLIVLLAFLLTSLILI,7,Mutant,clash,A,I,0.1637074885606096,0.0825957969474307,3754.771219242171,1621.1077066044684,5501.73453368736,1746.9633144451896,0.239874839420465,0.0761673508598554
G,LLLAFLLGILLGLLLGTLILI,LLLAFLLIILLGLLLGTLILI,7,Mutant,clash,G,I,0.2872245875792557,0.0248439746560649,6920.420869434037,487.612690539127,29662.52500906388,22742.104139629842,1.2311110369267992,0.9438864493475436
G,LLLAYLLGVLLGLLLAFLILI,LLLAYLLGVLLILLLAFLILI,11,Mutant,clash,G,I,0.1967898065900505,0.0374730653552115,4741.475289147988,735.483853630921,27006.59050553616,22265.115216388174,1.120879346277354,0.9240895396873036
L,LLLLYVLIALLTLLFSLLILI,LLLLYVLIILLTLLFSLLILI,8,Mutant,clash,A,I,0.1676108716393189,0.105742668325158,3938.0651591633487,2075.411350951677,6550.51428050418,2612.449121340831,0.2788012295326536,0.11119035789333473
R,LLLLALLFALLVSLLTWLILI,LLLLALLFALLVILLTWLILI,12,Mutant,clash,S,I,0.240607383455065,0.1257966570419212,5518.536057438313,2469.0109876597103,6957.9857778445885,1439.4497204062754,0.3033671855601618,0.0627598021050968
G,LLLAYLLGLLLGVLLGTLILI,LLLAYLLILLLGVLLGTLILI,7,Mutant,clash,G,I,0.4507942225561122,0.0303381010664873,10861.485682148255,595.4459096377584,25271.258870992417,14409.773188844161,1.0488562825835344,0.5980620600274222
G,LLLYGLLFLLLGVLLATLILI,LLLYGLLFLLLIVLLATLILI,11,Mutant,clash,G,I,0.1852245399281977,0.0451656717727888,4462.820479548962,886.4666397942306,9715.750565987191,5252.930086438229,0.4032417250365863,0.21801718510838858
G,LLLALLLGALLGTLLSFLILI,LLLALLLGALLITLLSFLILI,11,Mutant,clash,G,I,0.2181103874386007,0.0355733247307543,5255.175713926752,698.197644440662,24308.430328671297,19053.254614744546,1.0088951246997548,0.7907847372611542
R,LLLYVLLTALLFALLSLLILI,LLLYVLLTILLFALLSLLILI,8,Mutant,clash,A,I,0.2361489526083137,0.0988742089337191,5416.278134047737,1940.6040986522544,7236.297066015781,1820.018931968044,0.315501517952316,0.07935256534400231
G,LLLSSLLALLLGVLLGTLILI,LLLSSLLALLLGVLLITLILI,15,Mutant,clash,G,I,0.1759890966051046,0.0340037600758422,4240.300690248799,667.3917989518442,13607.39098437705,9367.090294128251,0.564760053952013,0.3887709573469084
R,LLLTVLLLALLFALLSILILI,LLLTVLLLILLFALLSILILI,8,Mutant,clash,A,I,0.2308005789178419,0.1183615032931642,5293.608610635005,2323.081225052036,8183.376488790299,2889.767878155294,0.3567940454427866,0.1259934665249447
G,LLLYFLLAVLLGLLLGSLILI,LLLYFLLIVLLGLLLGSLILI,7,Mutant,clash,A,I,0.1904584112992045,0.0650311923124011,4588.92595319972,1276.3672114987744,5980.235446166506,1391.309492966786,0.2482032078757476,0.057744796576543106
G,LLLTFLLGLLLGYLLASLILI,LLLTFLLGLLLIYLLASLILI,11,Mutant,clash,G,I,0.2283842338562956,0.0976963902609285,5502.714901834444,1917.487051577091,29663.61188621728,24160.896984382838,1.231156146588345,1.0027719127320494
G,LLLYVLLFLLLGALLGTLILI,LLLYVLLFLLLGALLITLILI,15,Mutant,clash,G,I,0.2253353683360949,0.1507719974282199,5429.25519996032,2959.201993472053,4138.419445325069,-1290.8357546352509,0.1717606256627425,-0.05357474267335241
R,LLLAALLLSLLFTLLVFLILI,LLLAALLLILLFTLLVFLILI,8,Mutant,clash,S,I,0.244810005276443,0.0696860974832587,5614.926782120532,1367.7290352354075,10457.79861803786,4842.871835917327,0.4559585252514497,0.2111485199750067
R,LLLYALLLTLLVALLSFLILI,LLLYALLLILLVALLSFLILI,8,Mutant,clash,T,I,0.1931619479558169,0.0530770819193593,4430.334428794221,1041.7438867926603,5766.737589360358,1336.4031605661366,0.2514289347775367,0.058266986821719796
G,LLLYSLLALLLGTLLGFLILI,LLLYSLLILLLGTLLGFLILI,7,Mutant,clash,A,I,0.2099831483579783,0.059664325547593,5059.357119779901,1171.0317175446332,3663.6917141444414,-1395.6654056354596,0.1520575643345895,-0.05792558402338879
R,LLLYILLTALLVALLSLLILI,LLLYILLTILLVALLSLLILI,8,Mutant,clash,A,I,0.2112883777502011,0.0944974106262283,4846.079594083582,1854.700678274597,7223.8449404335,2377.7653463499173,0.3149586070563672,0.1036702293061661
G,LLLYTLLAILLGLLLGFLILI,LLLYTLLAILLILLLGFLILI,11,Mutant,clash,G,I,0.1537388035212837,0.0405476228641546,3704.1996764040377,795.828193902981,5662.461797111709,1958.2621207076709,0.2350143560673,0.08127555254601632
G,LLLAYLLGLLLGVLLGTLILI,LLLAYLLGLLLIVLLGTLILI,11,Mutant,clash,G,I,0.3178981506411923,0.050705680637095,7659.47307848982,995.2003938308686,25271.258870992417,17611.785792502596,1.0488562825835344,0.730958131942342
R,LLLYSLLLALLATLLVFLILI,LLLYILLLALLATLLVFLILI,4,Mutant,clash,S,I,0.1911221544140502,0.1332461935600973,4383.550019911671,2615.223040886607,5591.927429251181,1208.3774093395095,0.2438072367780761,0.05268508236402589
G,LLLYALLALLLGTLLSFLILI,LLLYALLALLLITLLSFLILI,11,Mutant,clash,G,I,0.1481764513805875,0.0715544486650686,3570.1797508765,1404.3991639346164,5316.829885327964,1746.650134451464,0.2206692771778806,0.0724928257972931
G,LLLALLLGVLLGTLLGFLILI,LLLALLLIVLLGTLLGFLILI,7,Mutant,clash,G,I,0.2011557968200928,0.0906757133296295,4846.669938947259,1779.6922254245765,22973.829026010488,18127.159087063228,0.9535039402641506,0.7523481434440579
R,LLLYALLLSLLTALLVFLILI,LLLYALLLILLTALLVFLILI,8,Mutant,clash,S,I,0.1761615435351799,0.0783867496542717,4040.415618200759,1538.4967353847055,6366.765930818972,2326.350312618213,0.2775900847180019,0.10142854118282199
L,LLLLLALLFVLTSLLYLLILI,LLLLLILLFVLTSLLYLLILI,5,Mutant,clash,A,I,0.2134897840917926,0.1210429143284573,5016.00327174171,2375.7092792401286,9687.55068552812,4671.54741378641,0.4123189305094241,0.1988291464176315
G,LLLYSLLALLLGTLLGFLILI,LLLYSLLALLLITLLGFLILI,11,Mutant,clash,G,I,0.1322701531804219,0.0789391369383533,3186.9316489567245,1549.338440636512,3663.6917141444414,476.7600651877169,0.1520575643345895,0.0197874111541676
G,LLLTLLLGLLLGVLLGSLILI,LLLTLLLILLLGVLLGSLILI,7,Mutant,clash,G,I,0.2771733981595703,0.0322372803192137,6678.246403782036,632.7211007410967,21902.985275617568,15224.738871835532,0.9090597279285144,0.6318863297689441
G,LLLTALLFLLLGYLLGSLILI,LLLTALLFLLLIYLLGSLILI,11,Mutant,clash,G,I,0.3514067685543469,0.0985371823121789,8466.833411578113,1933.9892772474843,26267.8244955396,17800.99108396149,1.0902176615987655,0.7388108930444186
G,LLLTVLLALLLGFLLGSLILI,LLLTVLLALLLIFLLGSLILI,11,Mutant,clash,G,I,0.2399117403238536,0.0926824194823928,5780.459913139503,1819.07784718026,18720.230725533205,12939.7708123937,0.7769629407095923,0.5370512003857386
G,LLLSSLLALLLGVLLGTLILI,LLLSSLLALLLIVLLGTLILI,11,Mutant,clash,G,I,0.2306615498805002,0.0317908174100381,5557.584805111556,623.9583732166196,13607.39098437705,8049.806179265494,0.564760053952013,0.3340985040715128
R,LLLYVLLFTLLAALLSLLILI,LLLYVLLFILLAALLSLLILI,8,Mutant,clash,T,I,0.2195692852357923,0.0408996801444004,5036.009287373148,802.7380221513927,6449.878277503226,1413.8689901300777,0.2812137711563238,0.06164448592053148
R,LLLYILLFTLLVALLSLLILI,LLLYILLFILLVALLSLLILI,8,Mutant,clash,T,I,0.0596091491714281,0.0282367049949544,1367.1868021026585,554.2018089061572,4359.7546976044,2992.567895501741,0.1900846817620346,0.1304755325906065
G,LLLYVLLFLLLGALLGTLILI,LLLYVLLFLLLIALLGTLILI,11,Mutant,clash,G,I,0.1840996292855375,0.0440493180452915,4435.716758540093,864.555965244401,4138.419445325069,-297.2973132150237,0.1717606256627425,-0.012339003622794997
G,LLLALLLGALLGTLLSFLILI,LLLALLLIALLGTLLSFLILI,7,Mutant,clash,G,I,0.1938520124974105,0.0410158260734083,4670.691754495267,805.0176182543355,24308.430328671297,19637.73857417603,1.0088951246997548,0.8150431122023444
L,LLLLFVLTILLALLYSLLILI,LLLLFVLTILLILLYSLLILI,11,Mutant,clash,A,I,0.1669775911053314,0.0712027025858289,3923.18605268574,1397.4954434197678,4488.02632324682,564.8402705610797,0.1910181710051354,0.024040579899804015
G,LLLYVLLALLLGTLLGFLILI,LLLYVLLALLLGTLLIFLILI,15,Mutant,clash,G,I,0.183489000252897,0.068995650091291,4421.00419532767,1354.1776243150591,4378.707513778295,-42.296681549374625,0.1817335222054698,-0.0017554780474272058
